dimension,epoch,branch,total_loss,mse_loss,prior_kl_used,ordinary_kl_exact,cf_kl_exact,ordinary_cf_kl_abs_error,trace_residue_coeff,trace_residue_delta_same_params,trace_residue_expected_same_params,trace_residue_abs_error_same_params,trace_exact,t2_exact,logdet_exact,neg_logdet2_exact,trace_hutch,hs2_hutch,neg_logdet2_k5_hutch,cf_probe_penalty_k5,cf_probe_trace,cf_probe_hs2,sample_log_rn_identity_abs_error,grad_norm,initial_logit_checksum,final_mse,mse_ratio_to_cf_final
256,0,ordinary_branch,0.17713373812719327,0.01481321919709444,16.23205189300988,16.23205189300988,16.232051893009874,7.105427357601002e-15,0.0,7.105427357601002e-15,0.0,7.105427357601002e-15,94.90337878465652,35.259419468182756,-118.67295734292142,23.769578558264897,95.07038879394531,35.38921356201172,23.703208923339844,11.367919921875,95.07038879394531,35.38921356201172,0.0,0.01942097768187523,-57.52351379394531,0.06520046293735504,1.0
256,0,cf_branch,0.17713373812719319,0.01481321919709444,16.232051893009874,16.23205189300988,16.232051893009874,7.105427357601002e-15,0.0,0.0,0.0,0.0,94.90337878465652,35.259419468182756,-118.67295734292142,23.769578558264897,95.07038879394531,35.38921356201172,23.703208923339844,11.367919921875,95.07038879394531,35.38921356201172,0.0,0.01942097768187523,-57.52351379394531,0.06520046293735504,1.0
256,0,schatten_filtered_cf_branch,0.2005807103684267,0.1967543661594391,0.38263442089876176,0.38263442089876154,0.38263442089876176,2.220446049250313e-16,0.0,0.0,0.0,0.0,11.563614064827561,1.075774293779378,-12.197396913967756,0.6337828491401947,12.066682815551758,1.2574012279510498,0.757529616355896,-0.039491474628448486,12.066682815551758,1.2574012279510498,0.0,0.0024735359475016594,-57.52351379394531,0.16115808486938477,2.471732217978672
256,0,trace_residue_minus_0_5,-0.2973831557960894,0.01481321919709444,-31.219637499318388,16.23205189300988,16.232051893009874,7.105427357601002e-15,-0.5,-47.45168939232826,-47.45168939232826,0.0,94.90337878465652,35.259419468182756,-118.67295734292142,23.769578558264897,95.07038879394531,35.38921356201172,23.703208923339844,11.367919921875,95.07038879394531,35.38921356201172,0.0,0.006463619880378246,-57.52351379394531,0.008400782942771912,0.12884544931595698
256,0,trace_residue_plus_0_5,0.6516506320504758,0.01481321919709444,63.68374128533814,16.23205189300988,16.232051893009874,7.105427357601002e-15,0.5,47.45168939232826,47.45168939232826,0.0,94.90337878465652,35.259419468182756,-118.67295734292142,23.769578558264897,95.07038879394531,35.38921356201172,23.703208923339844,11.367919921875,95.07038879394531,35.38921356201172,0.0,0.04485611990094185,-57.52351379394531,0.14206519722938538,2.1788985971753356
256,0,trace_residue_plus_1_0,1.1261675259737585,0.01481321919709444,111.13543067766639,16.23205189300988,16.232051893009874,7.105427357601002e-15,1.0,94.90337878465652,94.90337878465652,0.0,94.90337878465652,35.259419468182756,-118.67295734292142,23.769578558264897,95.07038879394531,35.38921356201172,23.703208923339844,11.367919921875,95.07038879394531,35.38921356201172,0.0,0.0703311488032341,-57.52351379394531,0.1542987823486328,2.3665289385580577
256,1,ordinary_branch,0.17110428960326687,0.01676722802221775,15.433706158104911,15.433706158104911,15.433706158104918,7.105427357601002e-15,0.0,-7.105427357601002e-15,0.0,7.105427357601002e-15,93.17554914951324,33.989106057000654,-115.93854060189202,22.76299145237877,93.03028869628906,33.88066482543945,22.52651023864746,11.493617057800293,93.03028869628906,33.88066482543945,0.0,0.018029198050498962,-57.52351379394531,0.06520046293735504,1.0
256,1,cf_branch,0.1711042896099568,0.01676722802221775,15.433706158773905,15.433706158773909,15.433706158773905,3.552713678800501e-15,0.0,0.0,0.0,0.0,93.17554914951324,33.98910605753362,-115.93854060253044,22.762991453017193,93.03028869628906,33.88066482543945,22.52651023864746,11.493617057800293,93.03028869628906,33.88066482543945,0.0,0.018029198050498962,-57.52351379394531,0.06520046293735504,1.0
256,1,schatten_filtered_cf_branch,0.20208582133253475,0.198257178068161,0.38286432643737434,0.38286432643737456,0.38286432643737434,2.220446049250313e-16,0.0,0.0,0.0,0.0,11.73694052733481,1.0891485828527605,-12.375389892581666,0.6384493652468564,11.420309066772461,1.0090547800064087,0.5835449695587158,0.44430220127105713,11.420309066772461,1.0090547800064087,0.0,0.002333130454644561,-57.52351379394531,0.16115808486938477,2.471732217978672
256,1,trace_residue_minus_0_5,-0.2990113445628961,0.013645999133586884,-31.265734369648293,17.020207707988433,17.020207707988426,7.105427357601002e-15,-0.5,-48.28594207763672,-48.28594207763672,0.0,96.57188415527344,36.50018133095525,-121.33015131217311,24.758267156899677,96.43235778808594,36.39295959472656,24.483369827270508,12.4768648147583,96.43235778808594,36.39295959472656,0.0,0.005389837082475424,-57.52351379394531,0.008400782942771912,0.12884544931595698
256,1,trace_residue_plus_0_5,0.6369819855322433,0.016767233610153198,62.021475192209,15.433703538079968,15.433703538079975,7.105427357601002e-15,0.5,46.58777165412903,46.58777165412903,0.0,93.17554330825806,33.989101818510335,-115.93853142929814,22.76298812104008,93.03028869628906,33.88066101074219,22.526508331298828,11.493616104125977,93.03028869628906,33.88066101074219,0.0,0.04329105466604233,-57.52351379394531,0.14206519722938538,2.1788985971753356
256,1,trace_residue_plus_1_0,1.1028596776683934,0.016767235472798347,108.6092442195595,15.433702759045424,15.433702759045431,7.105427357601002e-15,1.0,93.17554146051407,93.17554146051407,0.0,93.17554146051407,33.989100514489664,-115.93852857370489,22.762987113190817,93.03028869628906,33.88065719604492,22.526508331298828,11.493612289428711,93.03028869628906,33.88065719604492,0.0,0.06859439611434937,-57.52351379394531,0.1542987823486328,2.3665289385580577
256,2,ordinary_branch,0.16499720480422084,0.018252214416861534,14.67449903873593,14.67449903873593,14.674499038735924,7.105427357601002e-15,0.0,7.105427357601002e-15,0.0,7.105427357601002e-15,91.46612226963043,32.755226209018716,-113.2616752326413,21.795552963010863,91.49012756347656,32.77345275878906,21.675392150878906,10.41689682006836,91.49012756347656,32.77345275878906,0.0,0.016827449202537537,-57.52351379394531,0.06520046293735504,1.0
256,2,cf_branch,0.16499720456569947,0.018252214416861534,14.674499014883793,14.674499014883793,14.674499014883793,0.0,0.0,0.0,0.0,0.0,91.46612221002579,32.75522616798645,-113.26167514175233,21.795552931726547,91.49012756347656,32.7734489440918,21.67539405822754,10.416897773742676,91.49012756347656,32.7734489440918,0.0,0.016827447339892387,-57.52351379394531,0.06520046293735504,1.0
256,2,schatten_filtered_cf_branch,0.19897433192726321,0.19510427117347717,0.3870060753786032,0.3870060753786033,0.3870060753786032,1.1102230246251565e-16,0.0,0.0,0.0,0.0,11.92135102674365,1.1101587130576474,-12.569909862275532,0.6485588355318814,11.974919319152832,1.1089556217193604,0.6415071487426758,0.20322608947753906,11.974919319152832,1.1089556217193604,0.0,0.00233128247782588,-57.52351379394531,0.16115808486938477,2.471732217978672
256,2,trace_residue_minus_0_5,-0.30066074890228495,0.012093729339540005,-31.275447824182493,17.845219812212015,17.845219812212008,7.105427357601002e-15,-0.5,-49.1206676363945,-49.1206676363945,0.0,98.241335272789,37.76675038670725,-124.02150356815217,25.78016829536317,98.26904296875,37.78925323486328,25.58739471435547,12.340316772460938,98.26904296875,37.78925323486328,0.0,0.0042362273670732975,-57.52351379394531,0.008400782942771912,0.12884544931595698
256,2,trace_residue_plus_0_5,0.6222926719569593,0.018256381154060364,60.40362908028989,14.672665656441737,14.672665656441737,0.0,0.5,45.73096342384815,45.73096342384815,0.0,91.4619268476963,32.75222100494629,-113.25513361336422,21.793206765667918,91.48578643798828,32.77033996582031,21.673004150390625,10.415870666503906,91.48578643798828,32.77033996582031,0.0,0.041900549083948135,-57.52351379394531,0.14206519722938538,2.1788985971753356
256,2,trace_residue_plus_1_0,1.0795915775228142,0.01825719326734543,106.13343842554688,14.672312634474032,14.672312634474043,1.0658141036401503e-14,1.0,91.46112579107285,91.46112579107285,0.0,91.46112579107285,32.75164518973021,-113.25388194331798,21.792756152245133,91.48493957519531,32.769737243652344,21.67254638671875,10.415679931640625,91.48493957519531,32.769737243652344,0.0,0.06702136993408203,-57.52351379394531,0.1542987823486328,2.3665289385580577
256,3,ordinary_branch,0.16052796507182257,0.020995087921619415,13.953287715020316,13.953287715020316,13.953287715020316,0.0,0.0,0.0,0.0,0.0,89.77724951505661,31.558561791477352,-110.64419880597121,20.866949290914604,89.87914276123047,31.636451721191406,20.809558868408203,11.632173538208008,89.87914276123047,31.636451721191406,0.0,0.01539701409637928,-57.52351379394531,0.06520046293735504,1.0
256,3,cf_branch,0.16052796450203236,0.020995087921619415,13.953287658041294,13.953287658041305,13.953287658041294,1.0658141036401503e-14,0.0,0.0,0.0,0.0,89.77724939584732,31.558561702543983,-110.644198615612,20.866949219764678,89.87914276123047,31.636451721191406,20.809558868408203,11.632173538208008,89.87914276123047,31.636451721191406,0.0,0.015397013165056705,-57.52351379394531,0.06520046293735504,1.0
256,3,schatten_filtered_cf_branch,0.20551496869981772,0.20159181952476501,0.3923149175052718,0.3923149175052725,0.3923149175052718,6.661338147750939e-16,0.0,0.0,0.0,0.0,12.107779633253813,1.1332081265375331,-12.767975986623838,0.6601963533700257,12.58131217956543,1.3609315156936646,0.8184592127799988,0.43388113379478455,12.58131217956543,1.3609315156936646,0.0,0.0024279505014419556,-57.52351379394531,0.16115808486938477,2.471732217978672
256,3,trace_residue_minus_0_5,-0.3011200642980801,0.011458017863333225,-31.257808216141328,18.665941275431052,18.665941275431052,0.0,-0.5,-49.92374949157238,-49.92374949157238,0.0,99.84749898314476,39.00390594315061,-126.63504080700511,26.78754182386035,99.90815734863281,39.052520751953125,26.593463897705078,14.678930282592773,99.90815734863281,39.052520751953125,0.0,0.0032773278653621674,-57.52351379394531,0.008400782942771912,0.12884544931595698
256,3,trace_residue_plus_0_5,0.6093068997108206,0.02101009525358677,58.82968044572338,13.94769755297169,13.94769755297169,0.0,0.5,44.881982892751694,44.881982892751694,0.0,89.76396578550339,31.549215467991374,-110.62368999643468,20.85972421093129,89.86546325683594,31.626808166503906,20.80221939086914,11.628572463989258,89.86546325683594,31.626808166503906,0.0,0.040269359946250916,-57.52351379394531,0.14206519722938538,2.1788985971753356
256,3,trace_residue_plus_1_0,1.058092728677339,0.021013082936406136,103.70796457409328,13.946597074264943,13.946597074264943,0.0,1.0,89.76136749982834,89.76136749982834,0.0,89.76136749982834,31.54738238587375,-110.61967212366608,20.85830462383774,89.8627700805664,31.62491226196289,20.800769805908203,11.627874374389648,89.8627700805664,31.62491226196289,0.0,0.06519826501607895,-57.52351379394531,0.1542987823486328,2.3665289385580577
256,4,ordinary_branch,0.15529724305656145,0.022596390917897224,13.270085213866423,13.270085213866423,13.270085213866427,3.552713678800501e-15,0.0,-3.552713678800501e-15,0.0,3.552713678800501e-15,88.1138146519661,30.40172297348104,-108.09211446151906,19.978299809552965,88.11898803710938,30.41034698486328,19.88099479675293,10.982832908630371,88.11898803710938,30.41034698486328,0.0,0.014286467805504799,-57.52351379394531,0.06520046293735504,1.0
256,4,cf_branch,0.15529724203939516,0.022596389055252075,13.270085298414308,13.270085298414301,13.270085298414308,7.105427357601002e-15,0.0,0.0,0.0,0.0,88.11381483078003,30.40172310582605,-108.09211474599482,19.97829991521479,88.11898803710938,30.41034698486328,19.88099479675293,10.982832908630371,88.11898803710938,30.41034698486328,0.0,0.014286466874182224,-57.52351379394531,0.06520046293735504,1.0
256,4,schatten_filtered_cf_branch,0.20386493262046354,0.19990773499011993,0.3957197630343615,0.3957197630343616,0.3957197630343615,1.1102230246251565e-16,0.0,0.0,0.0,0.0,12.28645865060389,1.1520796071703,-12.955446517419322,0.6689878668154314,12.532094955444336,1.3025447130203247,0.773272693157196,0.4038749635219574,12.532094955444336,1.3025447130203247,0.0,0.002289107069373131,-57.52351379394531,0.16115808486938477,2.471732217978672
256,4,trace_residue_minus_0_5,-0.3020240586897651,0.010151918046176434,-31.217597673594156,19.461023931444487,19.461023931444487,0.0,-0.5,-50.67862160503864,-50.67862160503864,0.0,101.35724321007729,40.182716503551475,-129.1126900981863,27.75544688810902,101.32583618164062,40.15797805786133,27.479036331176758,14.958813667297363,101.32583618164062,40.15797805786133,0.0,0.002257472602650523,-57.52351379394531,0.008400782942771912,0.12884544931595698
256,4,trace_residue_plus_0_5,0.5956306502864316,0.022632522508502007,57.29981277779295,13.25789566234306,13.25789566234305,1.0658141036401503e-14,0.5,44.041917115449905,44.041917115449905,0.0,88.08383423089981,30.38098049868237,-108.046240379332,19.962406148432194,88.08860778808594,30.389347076416016,19.86514663696289,10.974569320678711,88.08860778808594,30.389347076416016,0.0,0.03894556686282158,-57.52351379394531,0.14206519722938538,2.1788985971753356
256,4,trace_residue_plus_1_0,1.0359734733799173,0.022639736533164978,101.33337368467522,13.255471367628104,13.255471367628111,7.105427357601002e-15,1.0,88.07790231704712,88.07790231704712,0.0,88.07790231704712,30.37686734970952,-108.03715232379557,19.959250006748448,88.08258819580078,30.385175704956055,19.861995697021484,10.972940444946289,88.08258819580078,30.385175704956055,0.0,0.06367295235395432,-57.52351379394531,0.1542987823486328,2.3665289385580577
256,5,ordinary_branch,0.15163697660901854,0.02540092170238495,12.623605490663358,12.623605490663358,12.623605490663351,7.105427357601002e-15,0.0,7.105427357601002e-15,0.0,7.105427357601002e-15,86.47824767231941,29.28529025462264,-105.60733019659578,19.12908252427637,86.53445434570312,29.3231258392334,19.06305694580078,11.537982940673828,86.53445434570312,29.3231258392334,0.0,0.013030954636633396,-57.52351379394531,0.06520046293735504,1.0
256,5,cf_branch,0.1516369784966951,0.025400923565030098,12.623605493166501,12.623605493166501,12.623605493166501,0.0,0.0,0.0,0.0,0.0,86.47824767231941,29.285290257010516,-105.6073301991796,19.129082526860188,86.53445434570312,29.32312774658203,19.06305503845215,11.537981986999512,86.53445434570312,29.32312774658203,0.0,0.013030954636633396,-57.52351379394531,0.06520046293735504,1.0
256,5,schatten_filtered_cf_branch,0.20715962326606907,0.20316052436828613,0.39990988977829334,0.3999098897782938,0.39990988977829334,4.440892098500626e-16,0.0,0.0,0.0,0.0,12.467112617567182,1.1723312075887393,-13.145917419145269,0.678804801578087,12.504161834716797,1.1435184478759766,0.6589095592498779,0.8018406629562378,12.504161834716797,1.1435184478759766,0.0,0.002195371314883232,-57.52351379394531,0.16115808486938477,2.471732217978672
256,5,trace_residue_minus_0_5,-0.30181629421273626,0.00977745745331049,-31.159375166604676,20.20736701219306,20.207367012193046,1.4210854715202004e-14,-0.5,-51.36674217879772,-51.36674217879772,0.0,102.73348435759544,41.2712958114731,-131.39012369065944,28.656639333063993,102.7848892211914,41.31328582763672,28.41230583190918,16.564899444580078,102.7848892211914,41.31328582763672,0.0,0.0017128853360190988,-57.52351379394531,0.008400782942771912,0.12884544931595698
256,5,trace_residue_plus_0_5,0.5836047396220921,0.025471284985542297,55.81334546365498,12.601931677839751,12.60193167783974,1.0658141036401503e-14,0.5,43.21141378581524,43.21141378581524,0.0,86.42282757163048,29.247669659513583,-105.52336815915329,19.100540587522815,86.47998046875,29.286182403564453,19.035425186157227,11.52251148223877,86.47998046875,29.286182403564453,0.0,0.037462811917066574,-57.52351379394531,0.14206519722938538,2.1788985971753356
256,5,trace_residue_plus_1_0,1.0155799697672447,0.02548544481396675,99.00945249532779,12.597614917507961,12.597614917507968,7.105427357601002e-15,1.0,86.41183757781982,86.41183757781982,0.0,86.41183757781982,29.240195302858023,-105.50670076900546,19.094863191185638,86.46914672851562,29.27881622314453,19.029911041259766,11.519426345825195,86.46914672851562,29.27881622314453,0.0,0.06197945401072502,-57.52351379394531,0.1542987823486328,2.3665289385580577
256,6,ordinary_branch,0.14597692993900957,0.025840433314442635,12.013649662456693,12.013649662456693,12.0136496624567,7.105427357601002e-15,0.0,-7.105427357601002e-15,0.0,7.105427357601002e-15,84.87534055113792,28.211456894345822,-103.19542146824062,18.3200809171027,84.81588745117188,28.171749114990234,18.20699691772461,8.925519943237305,84.81588745117188,28.171749114990234,0.0,0.01225929707288742,-57.52351379394531,0.06520046293735504,1.0
256,6,cf_branch,0.14597692970007364,0.025840433314442635,12.013649638563102,12.013649638563102,12.013649638563102,0.0,0.0,0.0,0.0,0.0,84.87534049153328,28.211456853488382,-103.19542137741303,18.320080885879747,84.81588745117188,28.171749114990234,18.20699691772461,8.925519943237305,84.81588745117188,28.171749114990234,0.0,0.012259296141564846,-57.52351379394531,0.06520046293735504,1.0
256,6,schatten_filtered_cf_branch,0.19729043733200372,0.19323107600212097,0.40593613298827536,0.405936132988276,0.40593613298827536,6.661338147750939e-16,0.0,0.0,0.0,0.0,12.65308234654367,1.1959910283872572,-13.344187135203152,0.6911047886594819,12.532955169677734,1.1498427391052246,0.6555984616279602,0.35015907883644104,12.532955169677734,1.1498427391052246,0.0,0.0022838558070361614,-57.52351379394531,0.16115808486938477,2.471732217978672
256,6,trace_residue_minus_0_5,-0.30262237404186715,0.008272036910057068,-31.08944109519242,20.885610456864868,20.885610456864846,2.1316282072803006e-14,-0.5,-51.975051552057266,-51.975051552057266,0.0,103.95010310411453,42.24526654032455,-133.41937761963328,29.469274515518748,103.89108276367188,42.19703674316406,29.12973403930664,14.343217849731445,103.89108276367188,42.19703674316406,0.0,0.0013503757072612643,-57.52351379394531,0.008400782942771912,0.12884544931595698
256,6,trace_residue_plus_0_5,0.5696603497162892,0.025957606732845306,54.370274298344384,11.978822626624833,11.978822626624833,0.0,0.5,42.39145167171955,42.39145167171955,0.0,84.7829033434391,28.14986705367798,-103.0566919252336,18.27378858179449,84.72418212890625,28.11078643798828,18.161819458007812,8.90234375,84.72418212890625,28.11078643798828,0.0,0.03646732121706009,-57.52351379394531,0.14206519722938538,2.1788985971753356
256,6,trace_residue_plus_1_0,0.9933464526385813,0.025980962440371513,96.73654901982098,11.97191312909871,11.971913129098706,3.552713678800501e-15,1.0,84.76463589072227,84.76463589072227,0.0,84.76463589072227,28.137674854188255,-103.02925080523072,18.264614914508442,84.7060546875,28.098726272583008,18.152873992919922,8.897775650024414,84.7060546875,28.098726272583008,0.0,0.06076716631650925,-57.52351379394531,0.1542987823486328,2.3665289385580577
256,7,ordinary_branch,0.1429276632025278,0.028549887239933014,11.43777759625948,11.43777759625948,11.437777596259473,7.105427357601002e-15,0.0,7.105427357601002e-15,0.0,7.105427357601002e-15,83.30468401312828,27.17863841738955,-100.85384145515906,17.549157442030776,83.39533233642578,27.239492416381836,17.520153045654297,9.768941879272461,83.39533233642578,27.239492416381836,0.0,0.011140012182295322,-57.52351379394531,0.06520046293735504,1.0
256,7,cf_branch,0.14292766194918716,0.028549887239933014,11.437777470925415,11.437777470925411,11.437777470925415,3.552713678800501e-15,0.0,0.0,0.0,0.0,83.30468365550041,27.178638187287,-100.8538409277376,17.54915727223718,83.39533233642578,27.239492416381836,17.520153045654297,9.768941879272461,83.39533233642578,27.239492416381836,0.0,0.011140011250972748,-57.52351379394531,0.06520046293735504,1.0
256,7,schatten_filtered_cf_branch,0.20266827307885865,0.19854684174060822,0.41214313382504497,0.41214313382504475,0.41214313382504497,2.220446049250313e-16,0.0,0.0,0.0,0.0,12.83921374566853,1.2199587474387625,-13.54284305183893,0.7036293061703986,13.025769233703613,1.2294504642486572,0.7033804655075073,0.35166066884994507,13.025769233703613,1.2294504642486572,0.0,0.0022290172055363655,-57.52351379394531,0.16115808486938477,2.471732217978672
256,7,trace_residue_minus_0_5,-0.30232034018286763,0.007893046364188194,-31.02133865470558,21.447129832557152,21.447129832557145,7.105427357601002e-15,-0.5,-52.468468487262726,-52.468468487262726,0.0,104.93693697452545,43.04240322109574,-135.0751716189509,30.138234644425438,105.02457427978516,43.11630630493164,29.882362365722656,16.244125366210938,105.02457427978516,43.11630630493164,0.0,0.001773914904333651,-57.52351379394531,0.008400782942771912,0.12884544931595698
256,7,trace_residue_plus_0_5,0.5584283641294814,0.02873697131872177,52.96913928107596,11.386923554700388,11.386923554700381,7.105427357601002e-15,0.5,41.58221572637558,41.58221572637558,0.0,83.16443145275116,27.086972326077877,-100.64534390180859,17.480912449057428,83.2535629272461,27.14670181274414,17.45185089111328,9.734058380126953,83.2535629272461,27.14670181274414,0.0,0.035074666142463684,-57.52351379394531,0.14206519722938538,2.1788985971753356
256,7,trace_residue_plus_1_0,0.9739115819579708,0.028774090111255646,94.51374918467151,11.376892986360652,11.376892986360655,3.552713678800501e-15,1.0,83.13685619831085,83.13685619831085,0.0,83.13685619831085,27.06892449875002,-100.60432046515977,17.46746426684892,83.22570037841797,27.128448486328125,17.43840217590332,9.727208137512207,83.22570037841797,27.128448486328125,0.0,0.059142377227544785,-57.52351379394531,0.1542987823486328,2.3665289385580577
256,8,ordinary_branch,0.13978101012915722,0.03082260861992836,10.895840150922886,10.895840150922886,10.895840150922886,0.0,0.0,0.0,0.0,0.0,81.77159705758095,26.189046319756933,-98.58869995955808,16.817102901977137,81.8923568725586,26.27888298034668,16.82137107849121,9.565985679626465,81.8923568725586,26.27888298034668,0.0,0.010184045881032944,-57.52351379394531,0.06520046293735504,1.0
256,8,cf_branch,0.13978100931321433,0.03082260861992836,10.895840069328596,10.895840069328592,10.895840069328596,3.552713678800501e-15,0.0,0.0,0.0,0.0,81.77159681916237,26.1890461685662,-98.58869961012662,16.817102790964256,81.8923568725586,26.27888298034668,16.821372985839844,9.565986633300781,81.8923568725586,26.27888298034668,0.0,0.010184044949710369,-57.52351379394531,0.06520046293735504,1.0
256,8,schatten_filtered_cf_branch,0.20245416943606104,0.1982727348804474,0.4181434555613657,0.4181434555613661,0.4181434555613657,4.440892098500626e-16,0.0,0.0,0.0,0.0,13.023984605446458,1.243359623954718,-13.739779127939332,0.7157945224928746,13.69998550415039,1.5939325094223022,0.9614495635032654,0.3469071090221405,13.69998550415039,1.5939325094223022,0.0,0.002013354329392314,-57.52351379394531,0.16115808486938477,2.471732217978672
256,8,trace_residue_minus_0_5,-0.30192164043526926,0.007723111659288406,-30.964475209455763,21.87135218586417,21.871352185864176,7.105427357601002e-15,-0.5,-52.83582739531994,-52.83582739531994,0.0,105.67165479063988,43.63972261573594,-136.31324418889096,30.641589398251085,105.7255859375,43.68653106689453,30.349956512451172,16.725683212280273,105.7255859375,43.68653106689453,0.0,0.0023190253414213657,-57.52351379394531,0.008400782942771912,0.12884544931595698
256,8,trace_residue_plus_0_5,0.5472032178854578,0.031103340908885002,51.60998769765728,10.82528429394597,10.825284293945963,7.105427357601002e-15,0.5,40.78470340371132,40.78470340371132,0.0,81.56940680742264,26.05944624853914,-98.29092594839406,16.721519140971424,81.68589782714844,26.146081924438477,16.724302291870117,9.517115592956543,81.68589782714844,26.146081924438477,0.0,0.03385583311319351,-57.52351379394531,0.14206519722938538,2.1788985971753356
256,8,trace_residue_plus_1_0,0.9545733023948297,0.031158871948719025,92.34144304461107,10.811486495205017,10.811486495205013,3.552713678800501e-15,1.0,81.52995654940605,81.52995654940605,0.0,81.52995654940605,26.03413510146775,-98.23279632402519,16.702839774619136,81.64552307128906,26.12006187438965,16.705265045166016,9.507547378540039,81.64552307128906,26.12006187438965,0.0,0.05768771842122078,-57.52351379394531,0.1542987823486328,2.3665289385580577
256,9,ordinary_branch,0.13564224427326493,0.031773537397384644,10.38687068758803,10.38687068758803,10.386870687588022,7.105427357601002e-15,0.0,7.105427357601002e-15,0.0,7.105427357601002e-15,80.27920791506767,25.243321164465993,-96.40276617859448,16.123558263526803,80.20317077636719,25.189762115478516,16.02410888671875,8.003677368164062,80.20317077636719,25.189762115478516,0.0,0.009555344469845295,-57.52351379394531,0.06520046293735504,1.0
256,9,cf_branch,0.13564224402463637,0.031773537397384644,10.386870662725173,10.386870662725173,10.386870662725173,0.0,0.0,0.0,0.0,0.0,80.27920785546303,25.24332112249347,-96.40276608667504,16.123558231212016,80.20317077636719,25.189762115478516,16.02410888671875,8.003677368164062,80.20317077636719,25.189762115478516,0.0,0.00955534353852272,-57.52351379394531,0.06520046293735504,1.0
256,9,schatten_filtered_cf_branch,0.19666497923164253,0.1924191266298294,0.4245852601813127,0.4245852601813116,0.4245852601813127,1.1102230246251565e-15,0.0,0.0,0.0,0.0,13.209224743768573,1.2674031749077503,-13.93771031959329,0.7284855758247168,12.859437942504883,1.1338475942611694,0.6397902965545654,0.3617185354232788,12.859437942504883,1.1338475942611694,0.0,0.002080867299810052,-57.52351379394531,0.16115808486938477,2.471732217978672
256,9,trace_residue_minus_0_5,-0.30213806414549665,0.007120082154870033,-30.92581463003667,22.147765053863196,22.14776505386321,1.4210854715202004e-14,-0.5,-53.07357968389988,-53.07357968389988,0.0,106.14715936779976,44.02750929015068,-137.1161456673575,30.96898629955774,106.10890197753906,43.9947395324707,30.600696563720703,15.282808303833008,106.10890197753906,43.9947395324707,0.0,0.0027675230521708727,-57.52351379394531,0.008400782942771912,0.12884544931595698
256,9,trace_residue_plus_0_5,0.5350839116173381,0.032160669565200806,50.29232420521373,10.292745624953454,10.292745624953454,0.0,0.5,39.99957858026028,39.99957858026028,0.0,79.99915716052055,25.06725770515143,-95.99403564503115,15.994878484510593,79.92607879638672,25.015790939331055,15.898347854614258,7.940442085266113,79.92607879638672,25.015790939331055,0.0,0.032909538596868515,-57.52351379394531,0.14206519722938538,2.1788985971753356
256,9,trace_residue_plus_1_0,0.9344315800090058,0.03223633021116257,90.21952497978432,10.274521798088372,10.27452179808838,7.105427357601002e-15,1.0,79.94500318169594,79.94500318169594,0.0,79.94500318169594,25.033196655607384,-95.91497822497584,15.969975043279902,79.87245178222656,24.982120513916016,15.874005317687988,7.928263187408447,79.87245178222656,24.982120513916016,0.0,0.056490421295166016,-57.52351379394531,0.1542987823486328,2.3665289385580577
256,10,ordinary_branch,0.1345984162414367,0.03550761938095093,9.909079686048578,9.909079686048578,9.909079686048582,3.552713678800501e-15,0.0,-3.552713678800501e-15,0.0,3.552713678800501e-15,78.82838740944862,24.340545054951228,-94.2954090212333,15.467021611784673,78.78024291992188,24.30559539794922,15.387822151184082,9.231256484985352,78.78024291992188,24.30559539794922,0.0,0.00839295331388712,-57.52351379394531,0.06520046293735504,1.0
256,10,cf_branch,0.13459841603761413,0.03550761938095093,9.909079665666322,9.909079665666319,9.909079665666322,3.552713678800501e-15,0.0,0.0,0.0,0.0,78.82838734984398,24.340545017144706,-94.29540893387976,15.467021584035777,78.78024291992188,24.30559539794922,15.387822151184082,9.231256484985352,78.78024291992188,24.30559539794922,0.0,0.008392952382564545,-57.52351379394531,0.06520046293735504,1.0
256,10,schatten_filtered_cf_branch,0.20306325658902535,0.19875594973564148,0.4307306853383883,0.4307306853383892,0.4307306853383883,8.881784197001252e-16,0.0,0.0,0.0,0.0,13.392308400943875,1.2906971405546606,-14.133002400643758,0.7406939996998823,13.099970817565918,1.1617968082427979,0.6556307077407837,0.8190634846687317,13.099970817565918,1.1617968082427979,0.0,0.0022694540675729513,-57.52351379394531,0.16115808486938477,2.471732217978672
256,10,trace_residue_minus_0_5,-0.3014596477742425,0.007638733368366957,-30.909838114260943,22.272895898342824,22.272895898342817,7.105427357601002e-15,-0.5,-53.18273401260376,-53.18273401260376,0.0,106.36546802520752,44.20461019315771,-137.48334065021942,31.1178726250119,106.29776000976562,44.14698791503906,30.724756240844727,17.4200439453125,106.29776000976562,44.14698791503906,0.0,0.0028042825870215893,-57.52351379394531,0.008400782942771912,0.12884544931595698
256,10,trace_residue_plus_0_5,0.5262204489545939,0.036070361733436584,49.01500872211573,9.787893135715699,9.787893135715699,0.0,0.5,39.22711558640003,39.22711558640003,0.0,78.45423117280006,24.10981926318687,-93.75410204491969,15.299870872119627,78.41148376464844,24.078414916992188,15.224885940551758,9.13979434967041,78.41148376464844,24.078414916992188,0.0,0.03147122636437416,-57.52351379394531,0.14206519722938538,2.1788985971753356
256,10,trace_residue_plus_1_0,0.9176524192994435,0.03617958724498749,88.1472832054456,9.764691481049852,9.764691481049848,3.552713678800501e-15,1.0,78.38259172439575,78.38259172439575,0.0,78.38259172439575,24.065652749257733,-93.65046425560018,15.267872531204432,78.34074401855469,24.034862518310547,15.193652153015137,9.122323989868164,78.34074401855469,24.034862518310547,0.0,0.05480372905731201,-57.52351379394531,0.1542987823486328,2.3665289385580577
256,11,ordinary_branch,0.13002469026943758,0.03540049120783806,9.462419906159951,9.462419906159951,9.462419906159955,3.552713678800501e-15,0.0,-3.552713678800501e-15,0.0,3.552713678800501e-15,77.4246373474598,23.482762319822672,-92.27288541975821,14.848248072298418,77.336181640625,23.426937103271484,14.761063575744629,6.733334064483643,77.336181640625,23.426937103271484,0.0,0.0080502238124609,-57.52351379394531,0.06520046293735504,1.0
256,11,cf_branch,0.1300246907676683,0.03540049120783806,9.462419955983023,9.46241995598303,9.462419955983023,7.105427357601002e-15,0.0,0.0,0.0,0.0,77.42463752627373,23.482762422306955,-92.27288567008735,14.84824814381362,77.336181640625,23.426937103271484,14.761062622070312,6.733333587646484,77.336181640625,23.426937103271484,0.0,0.0080502238124609,-57.52351379394531,0.06520046293735504,1.0
256,11,schatten_filtered_cf_branch,0.19194130116786784,0.18756696581840515,0.43743353494626946,0.4374335349462699,0.43743353494626946,4.440892098500626e-16,0.0,0.0,0.0,0.0,13.576949948444963,1.3150896292482859,-14.330626375477502,0.7536764270325396,13.332915306091309,1.2575867176055908,0.7176029682159424,0.34693729877471924,13.332915306091309,1.2575867176055908,0.0,0.002110230503603816,-57.52351379394531,0.16115808486938477,2.471732217978672
256,11,trace_residue_minus_0_5,-0.3019271440524583,0.007209980860352516,-30.913712491281082,22.270522828214112,22.27052282821412,7.105427357601002e-15,-0.5,-53.1842353194952,-53.1842353194952,0.0,106.3684706389904,44.204758927749005,-137.4850243578067,31.116553718816306,106.30380249023438,44.15074157714844,30.727264404296875,14.432075500488281,106.30380249023438,44.15074157714844,0.0,0.003075407352298498,-57.52351379394531,0.008400782942771912,0.12884544931595698
256,11,trace_residue_plus_0_5,0.5138913807563157,0.03610946983098984,47.77819109253258,9.309887143891757,9.30988714389176,3.552713678800501e-15,0.5,38.46830394864082,38.46830394864082,0.0,76.93660789728165,23.18744569416276,-91.57269445070708,14.636086553425429,76.85238647460938,23.134557723999023,14.552969932556152,6.632495403289795,76.85238647460938,23.134557723999023,0.0,0.030798735097050667,-57.52351379394531,0.14206519722938538,2.1788985971753356
256,11,trace_residue_plus_1_0,0.8974976590539737,0.03624590486288071,86.1251754191093,9.281036945836973,9.281036945836973,0.0,1.0,76.84413847327232,76.84413847327232,0.0,76.84413847327232,23.131553660539545,-91.44008479113069,14.595946317858363,76.76061248779297,23.079160690307617,14.513557434082031,6.6134185791015625,76.76061248779297,23.079160690307617,0.0,0.053868696093559265,-57.52351379394531,0.1542987823486328,2.3665289385580577
256,12,ordinary_branch,0.12818133413889676,0.037739794701337814,9.044153943755894,9.044153943755894,9.044153943755887,7.105427357601002e-15,0.0,7.105427357601002e-15,0.0,7.105427357601002e-15,76.06564021110535,22.666959360776577,-90.32993591211509,14.264295701009743,76.08180236816406,22.679763793945312,14.232620239257812,7.155799865722656,76.08180236816406,22.679763793945312,0.0,0.0072465878911316395,-57.52351379394531,0.06520046293735504,1.0
256,12,cf_branch,0.12818133336012721,0.037739794701337814,9.04415386587894,9.04415386587894,9.04415386587894,0.0,0.0,0.0,0.0,0.0,76.06564003229141,22.66695923114529,-90.32993563269751,14.2642956004061,76.08180236816406,22.679763793945312,14.232620239257812,7.155803680419922,76.08180236816406,22.679763793945312,0.0,0.0072465864941477776,-57.52351379394531,0.06520046293735504,1.0
256,12,schatten_filtered_cf_branch,0.19548179942318825,0.191036656498909,0.4445142924279255,0.4445142924279253,0.4445142924279255,2.220446049250313e-16,0.0,0.0,0.0,0.0,13.761623000726104,1.3401504064157184,-14.528780190547383,0.7671571898212797,13.895522117614746,1.4053518772125244,0.8109482526779175,0.14289897680282593,13.895522117614746,1.4053518772125244,0.0,0.0020791268907487392,-57.52351379394531,0.16115808486938477,2.471732217978672
256,12,trace_residue_minus_0_5,-0.3021908766392818,0.00716915400698781,-30.93600306462696,22.15543271053383,22.15543271053383,0.0,-0.5,-53.09143577516079,-53.09143577516079,0.0,106.18287155032158,44.049319086856656,-137.16568059400862,30.98280904368704,106.18986511230469,44.055912017822266,30.64851951599121,15.446528434753418,106.18986511230469,44.055912017822266,0.0,0.00286607607267797,-57.52351379394531,0.008400782942771912,0.12884544931595698
256,12,trace_residue_plus_0_5,0.5044860397326109,0.038685284554958344,46.58007551776525,8.857118994466035,8.857118994466038,3.552713678800501e-15,0.5,37.72295652329922,37.72295652329922,0.0,75.44591304659843,22.298922255391638,-89.44793434668338,14.002021300084948,75.46469116210938,22.313087463378906,13.973348617553711,7.023695945739746,75.46469116210938,22.313087463378906,0.0,0.029667597264051437,-57.52351379394531,0.14206519722938538,2.1788985971753356
256,12,trace_residue_plus_1_0,0.8803835186620457,0.03886496275663376,84.15185559054119,8.822170587975805,8.822170587975801,3.552713678800501e-15,1.0,75.32968500256538,75.32968500256538,0.0,75.32968500256538,22.230048245856544,-89.28266290833989,13.952977905774503,75.34883117675781,22.2443790435791,13.924797058105469,6.9991302490234375,75.34883117675781,22.2443790435791,0.0,0.05247199535369873,-57.52351379394531,0.1542987823486328,2.3665289385580577
256,13,ordinary_branch,0.12630790600308062,0.03977289795875549,8.653500804432511,8.653500804432511,8.653500804432511,0.0,0.0,0.0,0.0,0.0,74.7548705637455,21.893674588447155,-88.46971769828914,13.714847134543646,74.82101440429688,21.933963775634766,13.706233024597168,6.662042140960693,74.82101440429688,21.933963775634766,0.0,0.006598420906811953,-57.52351379394531,0.06520046293735504,1.0
256,13,cf_branch,0.12630790122886612,0.039772894233465195,8.653500699540093,8.653500699540096,8.653500699540093,3.552713678800501e-15,0.0,0.0,0.0,0.0,74.75487020611763,21.89367437946784,-88.4697171926657,13.714846986548068,74.82101440429688,21.933961868286133,13.706231117248535,6.662037372589111,74.82101440429688,21.933961868286133,0.0,0.006598419975489378,-57.52351379394531,0.06520046293735504,1.0
256,13,schatten_filtered_cf_branch,0.19351478031113903,0.1890043169260025,0.4510463385136525,0.4510463385136525,0.4510463385136525,0.0,0.0,0.0,0.0,0.0,13.943283142521977,1.3639904138119232,-14.723096145257298,0.7798130027353203,14.090985298156738,1.4135395288467407,0.8132168650627136,0.23129495978355408,14.090985298156738,1.4135395288467407,0.0,0.00197996967472136,-57.52351379394531,0.16115808486938477,2.471732217978672
256,13,trace_residue_minus_0_5,-0.30218497843448605,0.007534397765994072,-30.97193762004801,21.951505503650225,21.951505503650225,0.0,-0.5,-52.923443123698235,-52.923443123698235,0.0,105.84688624739647,43.770402022195505,-136.59121574694177,30.7443294995453,105.86138916015625,43.78311538696289,30.422155380249023,15.01307201385498,105.86138916015625,43.78311538696289,0.0,0.0026140064001083374,-57.52351379394531,0.008400782942771912,0.12884544931595698
256,13,trace_residue_plus_0_5,0.495177389243016,0.040974780917167664,45.42026083258484,8.428559468067625,8.428559468067625,0.0,0.5,36.99170136451721,36.99170136451721,0.0,73.98340272903442,21.444014596125214,-87.38031845617202,13.396915727137596,74.04316711425781,21.480236053466797,13.387724876403809,6.508265972137451,74.04316711425781,21.480236053466797,0.0,0.02869609370827675,-57.52351379394531,0.14206519722938538,2.1788985971753356
256,13,trace_residue_plus_1_0,0.8634739400175306,0.04120146110653877,82.22724789109918,8.38705187764856,8.38705187764856,0.0,1.0,73.84019601345062,73.84019601345062,0.0,73.84019601345062,21.36083118894455,-87.17837226602192,13.338176252571301,73.89875030517578,21.396282196044922,13.32886028289795,6.479939937591553,73.89875030517578,21.396282196044922,0.0,0.05123114958405495,-57.52351379394531,0.1542987823486328,2.3665289385580577
256,14,ordinary_branch,0.1250910673222947,0.04219886660575867,8.289220071653602,8.289220071653602,8.289220071653604,1.7763568394002505e-15,0.0,-1.7763568394002505e-15,0.0,1.7763568394002505e-15,73.49364438652992,21.162259344675924,-86.69247249888994,13.198828112360019,73.62019348144531,21.239192962646484,13.22022533416748,6.552201747894287,73.62019348144531,21.239192962646484,0.0,0.005941278766840696,-57.52351379394531,0.06520046293735504,1.0
256,14,cf_branch,0.12509106626262556,0.04219886660575867,8.289219965686689,8.28921996568669,8.289219965686689,1.7763568394002505e-15,0.0,0.0,0.0,0.0,73.49364402890205,21.162259134721474,-86.69247199217584,13.198827963273786,73.62019348144531,21.239192962646484,13.22022533416748,6.552201747894287,73.62019348144531,21.239192962646484,0.0,0.005941278301179409,-57.52351379394531,0.06520046293735504,1.0
256,14,schatten_filtered_cf_branch,0.19310647073649592,0.18852855265140533,0.45779180850906,0.4577918085090591,0.45779180850906,8.881784197001252e-16,0.0,0.0,0.0,0.0,14.124379187822342,1.3881269472258109,-14.917099541732544,0.7927203539102017,14.498044967651367,1.5154258012771606,0.876979410648346,0.34641388058662415,14.498044967651367,1.5154258012771606,0.0,0.0019512326689437032,-57.52351379394531,0.16115808486938477,2.471732217978672
256,14,trace_residue_minus_0_5,-0.30205091742647794,0.008105728775262833,-31.01566462017408,21.684661792742133,21.684661792742105,2.842170943040401e-14,-0.5,-52.70032641291618,-52.70032641291618,0.0,105.40065282583237,43.402217412571986,-135.83155037379095,30.43089754795858,105.43618774414062,43.43305206298828,30.133193969726562,15.068183898925781,105.43618774414062,43.43305206298828,0.0,0.0023526011500507593,-57.52351379394531,0.008400782942771912,0.12884544931595698
256,14,trace_residue_plus_0_5,0.4866926844291844,0.0437130406498909,44.29796437792935,8.023095710803638,8.023095710803641,3.552713678800501e-15,0.5,36.2748686671257,36.2748686671257,0.0,72.5497373342514,20.62215837175926,-85.36956184574822,12.819824511496819,72.67897033691406,20.699275970458984,12.843579292297363,6.364866733551025,72.67897033691406,20.699275970458984,0.0,0.027684999629855156,-57.52351379394531,0.14206519722938538,2.1788985971753356
256,14,trace_residue_plus_1_0,0.8475059109697309,0.04399700090289116,80.35089100668398,7.974608076309835,7.974608076309835,0.0,1.0,72.37628293037415,72.37628293037415,0.0,72.37628293037415,20.523393994897106,-85.1269289174461,12.750645987071948,72.50567626953125,20.600343704223633,12.774681091308594,6.330684661865234,72.50567626953125,20.600343704223633,0.0,0.049943309277296066,-57.52351379394531,0.1542987823486328,2.3665289385580577
256,15,ordinary_branch,0.12461499889560045,0.04511215165257454,7.950284724302591,7.950284724302591,7.950284724302588,3.552713678800501e-15,0.0,3.552713678800501e-15,0.0,3.552713678800501e-15,72.28377339243889,20.47234660951807,-84.999179694074,12.715406301635113,72.48410034179688,20.59259605407715,12.770471572875977,6.936322212219238,72.48410034179688,20.59259605407715,0.0,0.005192738492041826,-57.52351379394531,0.06520046293735504,1.0
256,15,cf_branch,0.1246149978281366,0.04511215165257454,7.950284617556207,7.950284617556207,7.950284617556207,0.0,0.0,0.0,0.0,0.0,72.28377303481102,20.472346399093478,-84.9991791866731,12.715406151862084,72.48410034179688,20.592594146728516,12.77047061920166,6.93632173538208,72.48410034179688,20.592594146728516,0.0,0.005192737560719252,-57.52351379394531,0.06520046293735504,1.0
256,15,schatten_filtered_cf_branch,0.1956407700674351,0.19098412990570068,0.46566401617344144,0.46566401617344155,0.46566401617344144,1.1102230246251565e-16,0.0,0.0,0.0,0.0,14.307965368032455,1.4143894377454198,-15.11513763288291,0.807172264850454,14.994193077087402,1.6075694561004639,0.9244300127029419,0.4407392144203186,14.994193077087402,1.6075694561004639,0.0,0.0019439617171883583,-57.52351379394531,0.16115808486938477,2.471732217978672
256,15,trace_residue_minus_0_5,-0.3019159621379539,0.008695734664797783,-31.06116968027517,21.383338648758667,21.38333864875868,1.4210854715202004e-14,-0.5,-52.44450832903385,-52.44450832903385,0.0,104.8890166580677,42.98271362440566,-134.9643862801832,30.07536962211549,104.9361572265625,43.022605895996094,29.794912338256836,15.79773998260498,104.9361572265625,43.022605895996094,0.0,0.0019610635936260223,-57.52351379394531,0.008400782942771912,0.12884544931595698
256,15,trace_residue_plus_0_5,0.47916018471978206,0.04703470692038536,43.21254777993967,7.639700309298533,7.639700309298535,1.7763568394002505e-15,0.5,35.572847470641136,35.572847470641136,0.0,71.14569494128227,19.832845008022232,-83.41556916105358,12.26987421977131,71.34422302246094,19.949993133544922,12.325078010559082,6.7030510902404785,71.34422302246094,19.949993133544922,0.0,0.026620861142873764,-57.52351379394531,0.14206519722938538,2.1788985971753356
256,15,trace_residue_plus_1_0,0.832616822466319,0.04739252105355263,78.52243014127663,7.583827485150614,7.583827485150611,3.552713678800501e-15,1.0,70.93860265612602,70.93860265612602,0.0,70.93860265612602,19.71724079872112,-83.12813379175603,12.189531135630006,71.13611602783203,19.833412170410156,12.244453430175781,6.6610565185546875,71.13611602783203,19.833412170410156,0.0,0.04860329255461693,-57.52351379394531,0.1542987823486328,2.3665289385580577
256,16,ordinary_branch,0.12218914233309626,0.04582991451025009,7.6359227822846165,7.6359227822846165,7.6359227822846165,0.0,0.0,0.0,0.0,0.0,71.12783798575401,19.823989252254517,-83.39191004597616,12.264072060222148,71.1253890991211,19.823562622070312,12.236616134643555,5.898379325866699,71.1253890991211,19.823562622070312,0.0,0.004859712906181812,-57.52351379394531,0.06520046293735504,1.0
256,16,cf_branch,0.12218914321574467,0.04582991451025009,7.635922870549457,7.635922870549457,7.635922870549457,0.0,0.0,0.0,0.0,0.0,71.12783834338188,19.823989443118023,-83.39191053345223,12.264072190070351,71.1253890991211,19.823562622070312,12.236616134643555,5.898379325866699,71.1253890991211,19.823562622070312,0.0,0.004859712906181812,-57.52351379394531,0.06520046293735504,1.0
256,16,schatten_filtered_cf_branch,0.19109257864995716,0.1863495260477066,0.4743052602250559,0.47430526022505504,0.4743052602250559,8.881784197001252e-16,0.0,0.0,0.0,0.0,14.493033286184072,1.4420691462632538,-15.315697865294492,0.8226645791104197,14.51081371307373,1.452686071395874,0.8285461664199829,0.46145564317703247,14.51081371307373,1.452686071395874,0.0,0.0019630424212664366,-57.52351379394531,0.16115808486938477,2.471732217978672
256,16,trace_residue_minus_0_5,-0.30237549517973195,0.008661379106342793,-31.103687428607472,21.073035485372998,21.073035485373012,1.4210854715202004e-14,-0.5,-52.176722913980484,-52.176722913980484,0.0,104.35344582796097,42.546551344323305,-134.060927811194,29.707481983233038,104.3890380859375,42.57564163208008,29.427589416503906,14.342636108398438,104.3890380859375,42.57564163208008,0.0,0.001682672998867929,-57.52351379394531,0.008400782942771912,0.12884544931595698
256,16,trace_residue_plus_0_5,0.4697493795914074,0.04811399057507515,42.163538901633224,7.277426718300781,7.277426718300781,0.0,0.5,34.88611218333244,34.88611218333244,0.0,69.77222436666489,19.07563820514325,-81.51849154548177,11.746267178816879,69.76844787597656,19.074371337890625,11.721336364746094,5.644172668457031,69.76844787597656,19.074371337890625,0.0,0.025898221880197525,-57.52351379394531,0.14206519722938538,2.1788985971753356
256,16,trace_residue_plus_1_0,0.8159515978405619,0.048535145819187164,76.74164520213748,7.213756516672625,7.213756516672616,8.881784197001252e-15,1.0,69.52788868546486,69.52788868546486,0.0,69.52788868546486,18.941898868137454,-81.1819065393663,11.654017853901436,69.52412414550781,18.940610885620117,11.62960433959961,5.598817825317383,69.52412414550781,18.940610885620117,0.0,0.0475931242108345,-57.52351379394531,0.1542987823486328,2.3665289385580577
256,17,ordinary_branch,0.12422986922294868,0.050787750631570816,7.344211859137786,7.344211859137786,7.344211859137783,3.552713678800501e-15,0.0,3.552713678800501e-15,0.0,3.552713678800501e-15,70.02434533834457,19.214859406577403,-81.86700201571443,11.84265667736986,69.87567138671875,19.13169288635254,11.760425567626953,7.915884017944336,69.87567138671875,19.13169288635254,0.0,0.004128939937800169,-57.52351379394531,0.06520046293735504,1.0
256,17,cf_branch,0.1242298679289047,0.050787750631570816,7.344211729733388,7.344211729733395,7.344211729733388,7.105427357601002e-15,0.0,0.0,0.0,0.0,70.02434486150742,19.214859139594484,-81.86700135306423,11.84265649155681,69.87566375732422,19.13169288635254,11.760424613952637,7.915887355804443,69.87566375732422,19.13169288635254,0.0,0.004128938540816307,-57.52351379394531,0.06520046293735504,1.0
256,17,schatten_filtered_cf_branch,0.2018903353582627,0.19705748558044434,0.4832849777818353,0.4832849777818362,0.4832849777818353,8.881784197001252e-16,0.0,0.0,0.0,0.0,14.678080094978213,1.4703615071838863,-15.516690484170644,0.8386103891924304,14.249150276184082,1.4061144590377808,0.8053425550460815,1.1959233283996582,14.249150276184082,1.4061144590377808,0.0,0.0020703168120235205,-57.52351379394531,0.16115808486938477,2.471732217978672
256,17,trace_residue_minus_0_5,-0.3017696391644551,0.009641740471124649,-31.141137963557973,20.769653582548372,20.769653582548365,7.105427357601002e-15,-0.5,-51.91079154610634,-51.91079154610634,0.0,103.82158309221268,42.11624208718128,-133.1677496801627,29.346166587950023,103.76600646972656,42.070674896240234,29.01451873779297,17.40743637084961,103.76600646972656,42.070674896240234,0.0,0.0015690713189542294,-57.52351379394531,0.008400782942771912,0.12884544931595698
256,17,trace_residue_plus_0_5,0.4652059965410711,0.05371063947677612,41.149535706429496,6.93501856008055,6.935018560080541,8.881784197001252e-15,0.5,34.21451714634895,34.21451714634895,0.0,68.4290342926979,18.34937963855898,-79.67675978065719,11.247725487959286,68.28346252441406,18.26970672607422,11.171700477600098,7.574524402618408,68.28346252441406,18.26970672607422,0.0,0.02463521994650364,-57.52351379394531,0.14206519722938538,2.1788985971753356
256,17,trace_residue_plus_1_0,0.8043217153253466,0.05424744635820389,75.00742689671426,6.863279947661454,6.863279947661457,3.552713678800501e-15,1.0,68.14414694905281,68.14414694905281,0.0,68.14414694905281,18.196470360157676,-79.28716848626566,11.143021537212846,67.99984741210938,18.117820739746094,11.06834602355957,7.513726234436035,67.99984741210938,18.117820739746094,0.0,0.04602959007024765,-57.52351379394531,0.1542987823486328,2.3665289385580577
256,18,ordinary_branch,0.12083048028117119,0.0500742644071579,7.075621587401329,7.075621587401329,7.075621587401326,3.552713678800501e-15,0.0,3.552713678800501e-15,0.0,3.552713678800501e-15,68.98002868890762,18.647310489027472,-80.4323561959344,11.45232750702678,69.1114273071289,18.724720001220703,11.484268188476562,6.297748565673828,69.1114273071289,18.724720001220703,0.0,0.0039136228151619434,-57.52351379394531,0.06520046293735504,1.0
256,18,cf_branch,0.12083048318741346,0.050074268132448196,7.075621505496526,7.075621505496528,7.075621505496526,1.7763568394002505e-15,0.0,0.0,0.0,0.0,68.9800283908844,18.647310321044593,-80.43235578065585,11.452327389771455,69.1114273071289,18.724720001220703,11.484268188476562,6.297748565673828,69.1114273071289,18.724720001220703,0.0,0.0039136214181780815,-57.52351379394531,0.06520046293735504,1.0
256,18,schatten_filtered_cf_branch,0.19488801228694483,0.18995921313762665,0.49287991493181793,0.4928799149318186,0.49287991493181793,6.661338147750939e-16,0.0,0.0,0.0,0.0,14.864071819931269,1.4997141184309457,-15.719433831596765,0.8553620116654965,15.34784984588623,1.6567225456237793,0.9536046385765076,0.2261800467967987,15.34784984588623,1.6567225456237793,0.0,0.0018602859927341342,-57.52351379394531,0.16115808486938477,2.471732217978672
256,18,trace_residue_minus_0_5,-0.3026838761684432,0.0090226074680686,-31.170648363651182,20.496707889019106,20.496707889019106,0.0,-0.5,-51.66735625267029,-51.66735625267029,0.0,103.33471250534058,41.72517827628889,-132.3541591696191,29.01944666427852,103.40901947021484,41.78648376464844,28.784503936767578,15.363737106323242,103.40901947021484,41.78648376464844,0.0,0.0011834345059469342,-57.52351379394531,0.008400782942771912,0.12884544931595698
256,18,trace_residue_plus_0_5,0.45512044747817215,0.05341099202632904,40.17094554518431,6.611897250163253,6.611897250163253,0.0,0.5,33.55904829502106,33.55904829502106,0.0,67.11809659004211,17.654179344673352,-77.89198850334253,10.773891913300417,67.2403793334961,17.72463035583496,10.80408000946045,5.942746639251709,67.2403793334961,17.72463035583496,0.0,0.02413284033536911,-57.52351379394531,0.14206519722938538,2.1788985971753356
256,18,trace_residue_plus_1_0,0.7872194126664639,0.054016392678022385,73.32030199884414,6.531673048129072,6.531673048129072,0.0,1.0,66.78862895071507,66.78862895071507,0.0,66.78862895071507,17.480750493697695,-77.44460123483987,10.6559722841248,66.9090805053711,17.549800872802734,10.68568229675293,5.881365776062012,66.9090805053711,17.549800872802734,0.0,0.045244764536619186,-57.52351379394531,0.1542987823486328,2.3665289385580577
256,19,ordinary_branch,0.1191950024418594,0.05092073231935501,6.827427012250439,6.827427012250439,6.8274270122504355,3.552713678800501e-15,0.0,3.552713678800501e-15,0.0,3.552713678800501e-15,67.99019847810268,18.117163872032876,-79.07988212371212,11.08968364560944,68.07112121582031,18.162935256958008,11.100789070129395,5.326574802398682,68.07112121582031,18.162935256958008,0.0,0.00372894573956728,-57.52351379394531,0.06520046293735504,1.0
256,19,cf_branch,0.11919500189301266,0.05092073231935501,6.827426957365764,6.827426957365766,6.827426957365764,1.7763568394002505e-15,0.0,0.0,0.0,0.0,67.99019829928875,18.117163764314704,-79.0798818679915,11.089683568702753,68.07112121582031,18.162935256958008,11.100790023803711,5.32657527923584,68.07112121582031,18.162935256958008,0.0,0.0037289452739059925,-57.52351379394531,0.06520046293735504,1.0
256,19,schatten_filtered_cf_branch,0.19019317296296803,0.1851717233657837,0.5021449597184338,0.5021449597184322,0.5021449597184338,1.5543122344752192e-15,0.0,0.0,0.0,0.0,15.047570202499628,1.5283009009968955,-15.919179298480202,0.871609095980574,15.306747436523438,1.6059165000915527,0.9187340140342712,0.2361261546611786,15.306747436523438,1.6059165000915527,0.0,0.002012355253100395,-57.52351379394531,0.16115808486938477,2.471732217978672
256,19,trace_residue_minus_0_5,-0.30274972036992026,0.009186779148876667,-31.193649951879692,20.255107532675552,20.255107532675552,0.0,-0.5,-51.448757484555244,-51.448757484555244,0.0,102.89751496911049,41.37616748908323,-131.62657147739924,28.72905650828875,102.9391098022461,41.410743713378906,28.4794979095459,13.938406944274902,102.9391098022461,41.410743713378906,0.0,0.0014226014027372003,-57.52351379394531,0.008400782942771912,0.12884544931595698
256,19,trace_residue_plus_0_5,0.4470193451642345,0.05476214364171028,39.22572015225242,6.306641809635863,6.30664180963586,3.552713678800501e-15,0.5,32.91907834261656,32.91907834261656,0.0,65.83815668523312,16.988331098958255,-76.1613244836688,10.32316779843569,65.91598510742188,17.03105926513672,10.335639953613281,4.951915740966797,65.91598510742188,17.03105926513672,0.0,0.023492146283388138,-57.52351379394531,0.14206519722938538,2.1788985971753356
256,19,trace_residue_plus_1_0,0.772240559691337,0.05545521527528763,71.67853444160494,6.217761539831486,6.217761539831484,1.7763568394002505e-15,1.0,65.46077290177345,65.46077290177345,0.0,65.46077290177345,16.79351800156211,-75.6523915933721,10.191618691598649,65.53759002685547,16.835447311401367,10.204093933105469,4.887855529785156,65.53759002685547,16.835447311401367,0.0,0.04430533945560455,-57.52351379394531,0.1542987823486328,2.3665289385580577
256,20,ordinary_branch,0.12076246627397566,0.05478285998106003,6.597960629291563,6.597960629291563,6.59796062929156,3.552713678800501e-15,0.0,3.552713678800501e-15,0.0,3.552713678800501e-15,67.0524264127016,17.621968344637335,-77.80510631200563,10.752679899304027,66.93466186523438,17.55893325805664,10.690790176391602,6.570443153381348,66.93466186523438,17.55893325805664,0.0,0.0031776526011526585,-57.52351379394531,0.06520046293735504,1.0
256,20,cf_branch,0.12076246604393848,0.05478285998106003,6.597960606287845,6.597960606287849,6.597960606287845,3.552713678800501e-15,0.0,0.0,0.0,0.0,67.05242635309696,17.621968302838262,-77.80510622130245,10.75267986820549,66.93465423583984,17.55893325805664,10.690791130065918,6.570451259613037,66.93465423583984,17.55893325805664,0.0,0.0031776519026607275,-57.52351379394531,0.06520046293735504,1.0
256,20,schatten_filtered_cf_branch,0.19686806285255387,0.1917610913515091,0.5106971501044766,0.5106971501044768,0.5106971501044766,2.220446049250313e-16,0.0,0.0,0.0,0.0,15.227513359859586,1.5554589287363232,-16.114360107249702,0.8868467473901163,14.941754341125488,1.5025629997253418,0.8549808859825134,0.8413808345794678,14.941754341125488,1.5025629997253418,0.0,0.0019975625909864902,-57.52351379394531,0.16115808486938477,2.471732217978672
256,20,trace_residue_minus_0_5,-0.30227085473497783,0.009830702096223831,-31.210155683120163,20.053885755578605,20.053885755578605,0.0,-0.5,-51.26404143869877,-51.26404143869877,0.0,102.52808287739754,41.083091270180304,-131.01428912540078,28.486206248003242,102.48519134521484,41.04826354980469,28.18537712097168,15.87939739227295,102.48519134521484,41.04826354980469,0.0,0.0015791549813002348,-57.52351379394531,0.008400782942771912,0.12884544931595698
256,20,trace_residue_plus_0_5,0.4425710491431889,0.05944560840725899,38.31254407359299,6.0181847323292175,6.018184732329221,3.552713678800501e-15,0.5,32.29435934126377,32.29435934126377,0.0,64.58871868252754,16.350676079514894,-74.4831129230744,9.894394240546859,64.47601318359375,16.292526245117188,9.840312004089355,6.100743770599365,64.47601318359375,16.292526245117188,0.0,0.022420085966587067,-57.52351379394531,0.14206519722938538,2.1788985971753356
256,20,trace_residue_plus_1_0,0.7610929329339575,0.060282863676548004,70.08100692574095,5.920582097211593,5.9205820972115895,3.552713678800501e-15,1.0,64.16042482852936,64.16042482852936,0.0,64.16042482852936,16.133847856324714,-73.90938412069893,9.748959292169573,64.04911804199219,16.076797485351562,9.696330070495605,6.020631313323975,64.04911804199219,16.076797485351562,0.0,0.04293343797326088,-57.52351379394531,0.1542987823486328,2.3665289385580577
256,21,ordinary_branch,0.11951113765729339,0.05563899129629135,6.387214636100204,6.387214636100204,6.387214636100204,0.0,0.0,0.0,0.0,0.0,66.17080307006836,17.162735059557097,-76.61246581852467,10.44166274845631,66.14897155761719,17.14938735961914,10.41468334197998,5.91876745223999,66.14897155761719,17.14938735961914,0.0,0.00298103759996593,-57.52351379394531,0.06520046293735504,1.0
256,21,cf_branch,0.11951113794535885,0.05563899129629135,6.38721466490675,6.38721466490675,6.38721466490675,0.0,0.0,0.0,0.0,0.0,66.17080321907997,17.162735129017307,-76.61246601235294,10.441662793272968,66.14897155761719,17.149385452270508,10.414682388305664,5.918766975402832,66.14897155761719,17.149385452270508,0.0,0.0029810373671352863,-57.52351379394531,0.06520046293735504,1.0
256,21,schatten_filtered_cf_branch,0.19363352903005926,0.18843984603881836,0.5193682991240891,0.5193682991240891,0.5193682991240891,0.0,0.0,0.0,0.0,0.0,15.406904013827443,1.5828392419301172,-16.309150819084877,0.902246805257434,15.272743225097656,1.5479241609573364,0.8807082772254944,0.6711971759796143,15.272743225097656,1.5479241609573364,0.0,0.0018991444958373904,-57.52351379394531,0.16115808486938477,2.471732217978672
256,21,trace_residue_minus_0_5,-0.3023717851727752,0.009826168417930603,-31.21979535907058,19.9053095898077,19.905309589807707,7.105427357601002e-15,-0.5,-51.12510494887829,-51.12510494887829,0.0,102.25020989775658,40.864375976158264,-130.55613937460504,28.305929476848462,102.22261047363281,40.841529846191406,28.019044876098633,15.118081092834473,102.22261047363281,40.841529846191406,0.0,0.001476774807088077,-57.52351379394531,0.008400782942771912,0.12884544931595698
256,21,trace_residue_plus_0_5,0.4352894255520726,0.06097572296857834,37.431370258349425,5.745894692856318,5.745894692856318,0.0,0.5,31.685475565493107,31.685475565493107,0.0,63.370951130986214,15.740916009841673,-72.85797167443803,9.48702054345182,63.342247009277344,15.72503662109375,9.462787628173828,5.413351058959961,63.342247009277344,15.72503662109375,0.0,0.021841146051883698,-57.52351379394531,0.14206519722938538,2.1788985971753356
256,21,trace_residue_plus_1_0,0.7472059689274286,0.06192838400602341,68.52775849214052,5.6394249033019435,5.6394249033019435,0.0,1.0,62.88833358883858,62.88833358883858,0.0,62.88833358883858,15.501280220576124,-72.21566579018423,9.327332201345655,62.859275817871094,15.48542308807373,9.303802490234375,5.328395843505859,62.859275817871094,15.48542308807373,0.0,0.04206006973981857,-57.52351379394531,0.1542987823486328,2.3665289385580577
256,22,ordinary_branch,0.11689431030845242,0.05495789647102356,6.193641383742886,6.193641383742886,6.193641383742882,3.552713678800501e-15,0.0,3.552713678800501e-15,0.0,3.552713678800501e-15,65.34286804497242,16.737049273736858,-75.4975467196937,10.154678674721282,65.38687896728516,16.761695861816406,10.155600547790527,4.1962504386901855,65.38687896728516,16.761695861816406,0.0,0.0028760130517184734,-57.52351379394531,0.06520046293735504,1.0
256,22,cf_branch,0.11689431053960286,0.05495789647102356,6.19364140685793,6.193641406857935,6.19364140685793,5.329070518200751e-15,0.0,0.0,0.0,0.0,65.34286819398403,16.737049336096206,-75.49754690692808,10.154678712944047,65.38687896728516,16.761695861816406,10.155600547790527,4.1962504386901855,65.38687896728516,16.761695861816406,0.0,0.0028760128188878298,-57.52351379394531,0.06520046293735504,1.0
256,22,schatten_filtered_cf_branch,0.18418424589400198,0.1789049357175827,0.5279310176419274,0.5279310176419276,0.5279310176419274,2.220446049250313e-16,0.0,0.0,0.0,0.0,15.584490440785885,1.609918838759959,-16.50195448509264,0.9174640443067545,15.681014060974121,1.6535528898239136,0.9466128349304199,0.38571858406066895,15.681014060974121,1.6535528898239136,0.0,0.0018442121800035238,-57.52351379394531,0.16115808486938477,2.471732217978672
256,22,trace_residue_minus_0_5,-0.30254073821037025,0.009697923436760902,-31.223866164713115,19.806486248941212,19.806486248941212,0.0,-0.5,-51.03035241365433,-51.03035241365433,0.0,102.06070482730865,40.71676220941695,-130.24583433748296,28.185129510174306,102.07878875732422,40.731849670410156,27.932493209838867,12.562373161315918,102.07878875732422,40.731849670410156,0.0,0.0014294786378741264,-57.52351379394531,0.008400782942771912,0.12884544931595698
256,22,trace_residue_plus_0_5,0.4266271024636462,0.0608181431889534,36.58089592746928,5.488773998538996,5.488773998538996,0.0,0.5,31.092121928930283,31.092121928930283,0.0,62.184243857860565,15.157853679415975,-71.28416106451192,9.099917206651355,62.21637725830078,15.175538063049316,9.100244522094727,3.7139062881469727,62.21637725830078,15.175538063049316,0.0,0.021465390920639038,-57.52351379394531,0.14206519722938538,2.1788985971753356
256,22,trace_residue_plus_1_0,0.732036659218071,0.0618603490293026,67.01763101887684,5.3733918912408924,5.3733918912408924,0.0,1.0,61.64423912763595,61.644239127635956,7.105427357601002e-15,61.644239127635956,14.894850156224159,-70.57000054063248,8.925761412996522,61.674381256103516,14.911376953125,8.925915718078613,3.6340527534484863,61.674381256103516,14.911376953125,0.0,0.04139481857419014,-57.52351379394531,0.1542987823486328,2.3665289385580577
256,23,ordinary_branch,0.11653035749990232,0.056379638612270355,6.015071888763195,6.015071888763195,6.015071888763195,0.0,0.0,0.0,0.0,0.0,64.56253188848495,16.340901157899346,-74.45130624171975,9.888774353234794,64.63142395019531,16.37407112121582,9.895392417907715,4.391969203948975,64.63142395019531,16.37407112121582,0.0,0.0026960927061736584,-57.52351379394531,0.06520046293735504,1.0
256,23,cf_branch,0.11653035678037561,0.056379638612270355,6.015071816810526,6.015071816810533,6.015071816810526,7.105427357601002e-15,0.0,0.0,0.0,0.0,64.56253165006638,16.34090101523121,-74.45130590193759,9.888774251871212,64.63142395019531,16.37407112121582,9.895393371582031,4.391969680786133,64.63142395019531,16.37407112121582,0.0,0.0026960924733430147,-57.52351379394531,0.06520046293735504,1.0
256,23,schatten_filtered_cf_branch,0.18566771073476934,0.18030326068401337,0.5364450050755969,0.5364450050755973,0.5364450050755969,4.440892098500626e-16,0.0,0.0,0.0,0.0,15.760182218626142,1.6368395858028477,-16.692773866496893,0.9325916478707512,15.85038948059082,1.61014986038208,0.9109622240066528,0.2620559334754944,15.85038948059082,1.61014986038208,0.0,0.0017710508545860648,-57.52351379394531,0.16115808486938477,2.471732217978672
256,23,trace_residue_minus_0_5,-0.30272906886809553,0.009506069123744965,-31.223513799184047,19.75277730596713,19.75277730596713,0.0,-0.5,-50.97629110515118,-50.97629110515118,0.0,101.95258221030235,40.63418473931441,-130.07107695645442,28.118494746152066,102.02629089355469,40.693450927734375,27.90291404724121,13.106493949890137,102.02629089355469,40.693450927734375,0.0,0.001662501716054976,-57.52351379394531,0.008400782942771912,0.12884544931595698
256,23,trace_residue_plus_0_5,0.4206524426401143,0.0630597174167633,35.7592725223351,5.245722270612774,5.245722270612768,5.329070518200751e-15,0.5,30.513550251722336,30.513550251722336,0.0,61.02710050344467,14.599936386525208,-69.75885628185904,8.731755778414367,61.090415954589844,14.628515243530273,8.739514350891113,3.8450589179992676,61.090415954589844,14.628515243530273,0.0,0.020760441198945045,-57.52351379394531,0.14206519722938538,2.1788985971753356
256,23,trace_residue_plus_1_0,0.7197281547219404,0.06423885375261307,65.54893009693274,5.121546018430088,5.1215460184300845,3.552713678800501e-15,1.0,60.427384078502655,60.427384078502655,0.0,60.427384078502655,14.313398243749514,-68.97055716233886,8.543173083836209,60.48918151855469,14.340997695922852,8.5509033203125,3.756458282470703,60.48918151855469,14.340997695922852,0.0,0.040387917309999466,-57.52351379394531,0.1542987823486328,2.3665289385580577
256,24,ordinary_branch,0.11784429530862084,0.05933734029531479,5.8506955013306055,5.8506955013306055,5.850695501330609,3.552713678800501e-15,0.0,-3.552713678800501e-15,0.0,3.552713678800501e-15,63.83000512421131,15.973348156502388,-73.47304073758136,9.643035613370046,63.651248931884766,15.878336906433105,9.56446361541748,5.046779155731201,63.651248931884766,15.878336906433105,0.0,0.002446322236210108,-57.52351379394531,0.06520046293735504,1.0
256,24,cf_branch,0.11784429470917701,0.05933734029531479,5.850695441386222,5.850695441386222,5.850695441386222,0.0,0.0,0.0,0.0,0.0,63.83000488579273,15.973348028738762,-73.47304041167651,9.643035525883775,63.651248931884766,15.878337860107422,9.56446361541748,5.046779155731201,63.651248931884766,15.878337860107422,0.0,0.0024463224690407515,-57.52351379394531,0.06520046293735504,1.0
256,24,schatten_filtered_cf_branch,0.1891487301917475,0.1836993545293808,0.5449375662366709,0.5449375662366691,0.5449375662366709,1.7763568394002505e-15,0.0,0.0,0.0,0.0,15.933981135487556,1.663638233086898,-16.881645113934205,0.9476639784466485,15.375627517700195,1.504770278930664,0.8478934168815613,0.8229650259017944,15.375627517700195,1.504770278930664,0.0,0.0018819577526301146,-57.52351379394531,0.16115808486938477,2.471732217978672
256,24,trace_residue_minus_0_5,-0.3023315725441322,0.009876733645796776,-31.220830618992892,19.73861895535842,19.73861895535842,0.0,-0.5,-50.95944957435131,-50.95944957435131,0.0,101.91889914870262,40.61006464577431,-130.01885057099904,28.099951422296414,101.78411865234375,40.49970245361328,27.74542999267578,14.204158782958984,101.78411865234375,40.49970245361328,0.0,0.00169257796369493,-57.52351379394531,0.008400782942771912,0.12884544931595698
256,24,trace_residue_plus_0_5,0.41672365924219334,0.0670662522315979,34.965740701059545,5.015973707536908,5.015973707536903,5.329070518200751e-15,0.5,29.949766993522644,29.949766993522644,0.0,59.89953398704529,14.066322728469274,-68.281226436273,8.381692449227714,59.73942565917969,13.986126899719238,8.318883895874023,4.404688835144043,59.73942565917969,13.986126899719238,0.0,0.019966935738921165,-57.52351379394531,0.14206519722938538,2.1788985971753356
256,24,trace_residue_plus_1_0,0.7096356963406055,0.06842605024576187,64.12096460948436,4.883145429591821,4.883145429591826,5.329070518200751e-15,1.0,59.23781917989253,59.23781917989254,7.105427357601002e-15,59.23781917989254,13.756147305291467,-67.41658281761889,8.178763637726348,59.08230209350586,13.679136276245117,8.118916511535645,4.300617694854736,59.08230209350586,13.679136276245117,0.0,0.03929431363940239,-57.52351379394531,0.1542987823486328,2.3665289385580577
256,25,ordinary_branch,0.11623234325448095,0.059228770434856415,5.700357281962454,5.700357281962454,5.700357281962454,0.0,0.0,0.0,0.0,0.0,63.147217988967896,15.634622477885284,-72.56464539311246,9.417427404144561,63.20210266113281,15.659029006958008,9.419736862182617,4.227229118347168,63.20210266113281,15.659029006958008,0.0,0.0022476734593510628,-57.52351379394531,0.06520046293735504,1.0
256,25,cf_branch,0.11623234268993521,0.059228770434856415,5.700357225507879,5.700357225507879,5.700357225507879,0.0,0.0,0.0,0.0,0.0,63.14721778035164,15.634622360368859,-72.56464510301467,9.41742732266303,63.20210266113281,15.659029006958008,9.419736862182617,4.227229118347168,63.20210266113281,15.659029006958008,0.0,0.002247673226520419,-57.52351379394531,0.06520046293735504,1.0
256,25,schatten_filtered_cf_branch,0.18512994761303747,0.17959800362586975,0.5531943987167707,0.5531943987167711,0.5531943987167707,4.440892098500626e-16,0.0,0.0,0.0,0.0,16.105488646775484,1.68990464505477,-17.06787112053306,0.9623824737575752,16.1798095703125,1.671219825744629,0.9471203088760376,0.31896382570266724,16.1798095703125,1.671219825744629,0.0,0.0016750625800341368,-57.52351379394531,0.16115808486938477,2.471732217978672
256,25,trace_residue_minus_0_5,-0.30260746474237965,0.009546874091029167,-31.21543388334088,19.766160664288478,19.766160664288478,0.0,-0.5,-50.981594547629356,-50.981594547629356,0.0,101.96318909525871,40.64730665975172,-130.0951822196563,28.13199312439758,102.00957489013672,40.6827392578125,27.895322799682617,13.182177543640137,102.00957489013672,40.6827392578125,0.0,0.0016223760321736336,-57.52351379394531,0.008400782942771912,0.12884544931595698
256,25,trace_residue_plus_0_5,0.40971714384183217,0.06771733611822128,34.19998077236109,4.798958271071243,4.798958271071241,1.7763568394002505e-15,0.5,29.401022501289845,29.401022501289845,0.0,58.80204500257969,13.556493426113576,-66.85117952882135,8.049134526241659,58.85186767578125,13.577495574951172,8.05390453338623,3.5749545097351074,58.85186767578125,13.577495574951172,0.0,0.01949593424797058,-57.52351379394531,0.14206519722938538,2.1788985971753356
256,25,trace_residue_plus_1_0,0.6965367118844701,0.06920257955789566,62.73341323265744,4.657567335459717,4.657567335459715,1.7763568394002505e-15,1.0,58.07584589719772,58.07584589719772,0.0,58.07584589719772,13.222491916282328,-65.90771885907247,7.831872961874751,58.12492370605469,13.243072509765625,7.837021350860596,3.4718973636627197,58.12492370605469,13.243072509765625,0.0,0.03853633254766464,-57.52351379394531,0.1542987823486328,2.3665289385580577
256,26,ordinary_branch,0.11661673192659151,0.0609910674393177,5.562566448727381,5.562566448727381,5.5625664487273845,3.552713678800501e-15,0.0,-3.552713678800501e-15,0.0,3.552713678800501e-15,62.51035952568054,15.322004355579995,-71.72028854492056,9.209929019240022,62.350948333740234,15.23723030090332,9.13997745513916,4.68337869644165,62.350948333740234,15.23723030090332,0.0,0.0022030931431800127,-57.52351379394531,0.06520046293735504,1.0
256,26,cf_branch,0.11661672800979041,0.060991063714027405,5.5625664295763,5.5625664295763,5.5625664295763,0.0,0.0,0.0,0.0,0.0,62.51035949587822,15.322004324468239,-71.72028849043829,9.209928994560073,62.350948333740234,15.23723030090332,9.13997745513916,4.68337869644165,62.350948333740234,15.23723030090332,0.0,0.0022030931431800127,-57.52351379394531,0.06520046293735504,1.0
256,26,schatten_filtered_cf_branch,0.18812957625477145,0.18251149356365204,0.5618082691119399,0.561808269111939,0.5618082691119399,8.881784197001252e-16,0.0,0.0,0.0,0.0,16.27625227533281,1.7167680306087147,-17.25382010323377,0.9775678279009625,15.689297676086426,1.5229737758636475,0.8554486036300659,0.5327944159507751,15.689297676086426,1.5229737758636475,0.0,0.001712943078018725,-57.52351379394531,0.16115808486938477,2.471732217978672
256,26,trace_residue_minus_0_5,-0.30276805503106136,0.009318473748862743,-31.208652877992407,19.82553257625699,19.825532576256975,1.4210854715202004e-14,-0.5,-51.03418545424938,-51.03418545424938,0.0,102.06837090849876,40.732020457004026,-130.2712830314917,28.202912122992927,101.93630981445312,40.623390197753906,27.846729278564453,14.092065811157227,101.93630981445312,40.623390197753906,0.0,0.0016035622684285045,-57.52351379394531,0.008400782942771912,0.12884544931595698
256,26,trace_residue_plus_0_5,0.40516038825471995,0.07055455446243286,33.46058337922871,4.593800333996413,4.593800333996413,0.0,0.5,28.866783045232296,28.866783045232296,0.0,57.73356609046459,13.069174481458045,-65.46657257709643,7.733006486631837,57.593177795410156,13.000016212463379,7.679702281951904,3.939330816268921,57.593177795410156,13.000016212463379,0.0,0.01883760467171669,-57.52351379394531,0.14206519722938538,2.1788985971753356
256,26,trace_residue_plus_1_0,0.686068410278674,0.07221919298171997,61.38492172969541,4.44403737796506,4.44403737796506,0.0,1.0,56.94088435173035,56.94088435173035,0.0,56.94088435173035,12.711413680985366,-64.44247158226668,7.50158723053633,56.80615234375,12.646027565002441,7.451623916625977,3.822291374206543,56.80615234375,12.646027565002441,0.0,0.037576813250780106,-57.52351379394531,0.1542987823486328,2.3665289385580577
256,27,ordinary_branch,0.11490286623647619,0.06053488701581955,5.436797922065665,5.436797922065665,5.436797922065672,7.105427357601002e-15,0.0,-7.105427357601002e-15,0.0,7.105427357601002e-15,61.91985780000687,15.034907099659739,-70.93981160561346,9.01995380560659,62.035316467285156,15.094578742980957,9.048497200012207,3.4615044593811035,62.035316467285156,15.094578742980957,0.0,0.002019875915721059,-57.52351379394531,0.06520046293735504,1.0
256,27,cf_branch,0.11490286623823301,0.06053488701581955,5.436797922241347,5.436797922241347,5.436797922241347,0.0,0.0,0.0,0.0,0.0,61.91985782980919,15.03490710643442,-70.93981163784724,9.019953808038053,62.035316467285156,15.094578742980957,9.048497200012207,3.4615044593811035,62.035316467285156,15.094578742980957,0.0,0.0020198761485517025,-57.52351379394531,0.06520046293735504,1.0
256,27,schatten_filtered_cf_branch,0.18059721091681571,0.17489655315876007,0.5700657758055643,0.5700657758055634,0.5700657758055643,8.881784197001252e-16,0.0,0.0,0.0,0.0,16.44408182799816,1.7428138634061232,-17.43629650061684,0.9922146726186796,16.79505157470703,1.8405616283416748,1.0515844821929932,0.16299736499786377,16.79505157470703,1.8405616283416748,0.0,0.0016625660937279463,-57.52351379394531,0.16115808486938477,2.471732217978672
256,27,trace_residue_minus_0_5,-0.30275793407144014,0.009252635762095451,-31.20105698335356,19.91171186041646,19.911711860416467,7.105427357601002e-15,-0.5,-51.11276884377003,-51.11276884377003,0.0,102.22553768754005,40.85705449243551,-130.5322562187545,28.306718531214443,102.33918762207031,40.95176696777344,28.11646842956543,12.317336082458496,102.33918762207031,40.95176696777344,0.0,0.001419016974978149,-57.52351379394531,0.008400782942771912,0.12884544931595698
256,27,trace_residue_plus_0_5,0.39829653474054455,0.07082720100879669,32.746933373174784,4.399877081177351,4.399877081177351,0.0,0.5,28.347056291997433,28.347056291997433,0.0,56.694112583994865,12.60361843289764,-64.12670840452219,7.432595820527325,56.791893005371094,12.649240493774414,7.455644130706787,2.754936933517456,56.791893005371094,12.649240493774414,0.0,0.01847204566001892,-57.52351379394531,0.14206519722938538,2.1788985971753356
256,27,trace_residue_plus_1_0,0.6733635079894417,0.07261492311954498,60.07485848698966,4.241929889062565,4.241929889062566,8.881784197001252e-16,1.0,55.83292859792709,55.83292859792709,0.0,55.83292859792709,12.222177416246712,-63.02012491918136,7.1871963212542695,55.92625427246094,12.264860153198242,7.208786487579346,2.6472647190093994,55.92625427246094,12.264860153198242,0.0,0.036928173154592514,-57.52351379394531,0.1542987823486328,2.3665289385580577
256,28,ordinary_branch,0.1179459382690004,0.06472986936569214,5.321606890330827,5.321606890330827,5.321606890330827,0.0,0.0,0.0,0.0,0.0,61.37051087617874,14.770348972039063,-70.21593582287662,8.845424946697875,61.301788330078125,14.730232238769531,8.806351661682129,4.925894260406494,61.301788330078125,14.730232238769531,0.0,0.001839771051891148,-57.52351379394531,0.06520046293735504,1.0
256,28,cf_branch,0.11794593875431614,0.06472986936569214,5.3216069388624,5.321606938862402,5.3216069388624,1.7763568394002505e-15,0.0,0.0,0.0,0.0,61.37051111459732,14.77034908536788,-70.2159361354795,8.845425020882175,61.301788330078125,14.730232238769531,8.806351661682129,4.925894260406494,61.301788330078125,14.730232238769531,0.0,0.0018397714011371136,-57.52351379394531,0.06520046293735504,1.0
256,28,schatten_filtered_cf_branch,0.18946111315820302,0.18367639183998108,0.578472131822195,0.5784721318221955,0.578472131822195,4.440892098500626e-16,0.0,0.0,0.0,0.0,16.61045652255416,1.7690858588741085,-17.61750658871069,1.0070500661565305,16.237089157104492,1.6145602464675903,0.9057868123054504,0.788605809211731,16.237089157104492,1.6145602464675903,0.0,0.0017411874141544104,-57.52351379394531,0.16115808486938477,2.471732217978672
256,28,trace_residue_minus_0_5,-0.3023133983332339,0.009613042697310448,-31.192644103054434,20.0151277346569,20.0151277346569,0.0,-0.5,-51.207771837711334,-51.207771837711334,0.0,102.41554367542267,41.007723162550185,-130.84708943555867,28.431545760136004,102.35596466064453,40.95683288574219,28.11646842956543,14.880988121032715,102.35596466064453,40.95683288574219,0.0,0.0014520683325827122,-57.52351379394531,0.008400782942771912,0.12884544931595698
256,28,trace_residue_plus_0_5,0.39719456556877797,0.07661904394626617,32.05755216225118,4.216400351068675,4.2164003510686765,1.7763568394002505e-15,0.5,27.8411518111825,27.8411518111825,0.0,55.682303622365,12.158557703016566,-62.829195021865225,7.146891399500227,55.606014251708984,12.119940757751465,7.115128040313721,4.040126800537109,55.606014251708984,12.119940757751465,0.0,0.01756749115884304,-57.52351379394531,0.14206519722938538,2.1788985971753356
256,28,trace_residue_plus_1_0,0.6666972372236103,0.07867980003356934,58.801743719004094,4.050544860981411,4.050544860981404,7.105427357601002e-15,1.0,54.75119885802269,54.75119885802269,0.0,54.75119885802269,11.753770940284817,-61.6390393828611,6.88784052483841,54.67682647705078,11.717039108276367,6.858134746551514,3.903035879135132,54.67682647705078,11.717039108276367,0.0,0.035730913281440735,-57.52351379394531,0.1542987823486328,2.3665289385580577
256,29,ordinary_branch,0.11425030092677645,0.062074631452560425,5.217566947421602,5.217566947421602,5.217566947421606,3.552713678800501e-15,0.0,-3.552713678800501e-15,0.0,3.552713678800501e-15,60.86697596311569,14.530029973141712,-69.55431490635073,8.687338943235034,60.600738525390625,14.398691177368164,8.589831352233887,3.205573558807373,60.600738525390625,14.398691177368164,0.0,0.002095900708809495,-57.52351379394531,0.06520046293735504,1.0
256,29,cf_branch,0.11425030531291908,0.06207463517785072,5.2175670135068355,5.217567013506837,5.2175670135068355,1.7763568394002505e-15,0.0,0.0,0.0,0.0,60.86697632074356,14.530030133641976,-69.55431536703568,8.687339046292124,60.60073471069336,14.39869213104248,8.589831352233887,3.205575466156006,60.60073471069336,14.39869213104248,0.0,0.0020959009416401386,-57.52351379394531,0.06520046293735504,1.0
256,29,schatten_filtered_cf_branch,0.17888219352099338,0.17301149666309357,0.5870696857899804,0.5870696857899809,0.5870696857899804,4.440892098500626e-16,0.0,0.0,0.0,0.0,16.775999890640378,1.795659388215223,-17.79812881497756,1.0221289243371814,15.988594055175781,1.6330453157424927,0.9250982999801636,0.5426539778709412,15.988594055175781,1.6330453157424927,0.0,0.0016578257782384753,-57.52351379394531,0.16115808486938477,2.471732217978672
256,29,trace_residue_minus_0_5,-0.3029032483540933,0.00892625842243433,-31.182950677652762,20.13595931015449,20.13595931015451,2.1316282072803006e-14,-0.5,-51.318909987807274,-51.318909987807274,0.0,102.63781997561455,41.18387752331237,-131.21525879928672,28.577438823672168,102.40166473388672,40.992435455322266,28.144994735717773,12.0910062789917,102.40166473388672,40.992435455322266,0.0,0.001346322475001216,-57.52351379394531,0.008400782942771912,0.12884544931595698
256,29,trace_residue_plus_0_5,0.3883387010548275,0.07441212236881256,31.39265786860149,4.043046183921504,4.043046183921502,1.7763568394002505e-15,0.5,27.349611684679985,27.349611684679985,0.0,54.69922336935997,11.733810680283826,-61.57481364566192,6.875590276301949,54.45021057128906,11.623644828796387,6.79954719543457,2.421627998352051,54.45021057128906,11.623644828796387,0.0,0.017514921724796295,-57.52351379394531,0.14206519722938538,2.1788985971753356
256,29,trace_residue_plus_1_0,0.6522001907345696,0.07654335349798203,57.56568372365875,3.869441361397932,3.869441361397932,0.0,1.0,53.69624236226082,53.69624236226082,0.0,53.69624236226082,11.305765295891579,-60.29928933314456,6.603046970883739,53.45454025268555,11.200925827026367,6.531389236450195,2.30288028717041,53.45454025268555,11.200925827026367,0.0,0.03538024425506592,-57.52351379394531,0.1542987823486328,2.3665289385580577
256,30,ordinary_branch,0.11478815015735705,0.0635630190372467,5.122513112011035,5.122513112011035,5.122513112011033,1.7763568394002505e-15,0.0,1.7763568394002505e-15,0.0,1.7763568394002505e-15,60.400635465979576,14.309324599079481,-68.94316727671165,8.542531810732072,60.373992919921875,14.295173645019531,8.52296257019043,3.388606071472168,60.373992919921875,14.295173645019531,0.0,0.0020867118146270514,-57.52351379394531,0.06520046293735504,1.0
256,30,cf_branch,0.11478815049607952,0.0635630190372467,5.122513145883282,5.122513145883275,5.122513145883282,7.105427357601002e-15,0.0,0.0,0.0,0.0,60.40063567459583,14.309324686216904,-68.94316753976292,8.542531865167092,60.373992919921875,14.295173645019531,8.52296257019043,3.388604164123535,60.373992919921875,14.295173645019531,0.0,0.0020867115817964077,-57.52351379394531,0.06520046293735504,1.0
256,30,schatten_filtered_cf_branch,0.17992574303173015,0.17397093772888184,0.5954805302848305,0.5954805302848314,0.5954805302848305,8.881784197001252e-16,0.0,0.0,0.0,0.0,16.93885849416256,1.8217665841909216,-17.975772877705992,1.036914383543433,16.686004638671875,1.7412428855895996,0.985864520072937,0.41469091176986694,16.686004638671875,1.7412428855895996,0.0,0.0016090946737676859,-57.52351379394531,0.16115808486938477,2.471732217978672
256,30,trace_residue_minus_0_5,-0.30284071395341583,0.008892934769392014,-31.173364872280786,20.25843895023661,20.25843895023661,0.0,-0.5,-51.431803822517395,-51.431803822517395,0.0,102.86360764503479,41.36267045745813,-131.58903046514928,28.72542282011449,102.81855773925781,41.32561492919922,28.415475845336914,12.713025093078613,102.81855773925781,41.32561492919922,0.0,0.001256059156730771,-57.52351379394531,0.008400782942771912,0.12884544931595698
256,30,trace_residue_plus_0_5,0.38464832080261724,0.07714661955833435,30.750170124428287,3.878904117004886,3.878904117004888,1.7763568394002505e-15,0.5,26.8712660074234,26.8712660074234,0.0,53.7425320148468,11.327720514198647,-60.359989900084756,6.617457885237954,53.693321228027344,11.305845260620117,6.598596572875977,2.5335283279418945,53.693321228027344,11.305845260620117,0.0,0.016967782750725746,-57.52351379394531,0.14206519722938538,2.1788985971753356
256,30,trace_residue_plus_1_0,0.6431316717410577,0.07948572933673859,56.36459424043191,3.697878186349996,3.6978781863499943,1.7763568394002505e-15,1.0,52.66671605408192,52.66671605408192,0.0,52.66671605408192,10.876939585611993,-58.99856911142071,6.33185305733879,52.61600875854492,10.854955673217773,6.313601970672607,2.4070680141448975,52.61600875854492,10.854955673217773,0.0,0.03454306349158287,-57.52351379394531,0.1542987823486328,2.3665289385580577
256,31,ordinary_branch,0.11531948439632636,0.06495797634124756,5.03615080550788,5.03615080550788,5.0361508055078765,3.552713678800501e-15,0.0,3.552713678800501e-15,0.0,3.552713678800501e-15,59.97156026959419,14.107825743942588,-68.38220586796868,8.410645598374487,60.091495513916016,14.168279647827148,8.441384315490723,3.5492444038391113,60.091495513916016,14.168279647827148,0.0,0.0018371304031461477,-57.52351379394531,0.06520046293735504,1.0
256,31,cf_branch,0.11531947711244961,0.06495796889066696,5.036150822178264,5.036150822178271,5.036150822178264,7.105427357601002e-15,0.0,0.0,0.0,0.0,59.97156038880348,14.107825789863158,-68.38220601496681,8.41064562616333,60.09149932861328,14.168279647827148,8.441384315490723,3.5492424964904785,60.09149932861328,14.168279647827148,0.0,0.0018371299374848604,-57.52351379394531,0.06520046293735504,1.0
256,31,schatten_filtered_cf_branch,0.18124735388704016,0.17520862817764282,0.603872570939735,0.6038725709397355,0.603872570939735,4.440892098500626e-16,0.0,0.0,0.0,0.0,17.099543983116746,1.847738124528063,-18.15118710039156,1.0516431172748142,17.52570915222168,1.9835724830627441,1.1342064142227173,0.2151678204536438,17.52570915222168,1.9835724830627441,0.0,0.0016192087205126882,-57.52351379394531,0.16115808486938477,2.471732217978672
256,31,trace_residue_minus_0_5,-0.3028404449793762,0.008801594376564026,-31.164203935594017,20.37551919248635,20.37551919248635,0.0,-0.5,-51.53972312808037,-51.53972312808037,0.0,103.07944625616074,41.533576954457324,-131.94632596385716,28.866879707696427,103.15576171875,41.59660339355469,28.636180877685547,13.212087631225586,103.15576171875,41.59660339355469,0.0,0.0010917444014921784,-57.52351379394531,0.008400782942771912,0.12884544931595698
256,31,trace_residue_plus_0_5,0.38115967428991426,0.07986420392990112,30.129547036001313,3.7235044750662922,3.7235044750662905,1.7763568394002505e-15,0.5,26.40604256093502,26.40604256093502,0.0,52.81208512187004,10.939633576200698,-59.18400820443907,6.371923082569026,52.90293502807617,10.980476379394531,6.393913269042969,2.607297897338867,52.90293502807617,10.980476379394531,0.0,0.016386155039072037,-57.52351379394531,0.14206519722938538,2.1788985971753356
256,31,trace_residue_plus_1_0,0.6343980882454091,0.08241982758045197,55.19782606649571,3.535361313702392,3.535361313702394,1.7763568394002505e-15,1.0,51.66246475279331,51.66246475279331,0.0,51.66246475279331,10.466616932965842,-57.73612627862091,6.073661525827596,51.74776840209961,10.50413703918457,6.093930721282959,2.4711997509002686,51.74776840209961,10.50413703918457,0.0,0.03369011729955673,-57.52351379394531,0.1542987823486328,2.3665289385580577
256,32,ordinary_branch,0.11694612973451662,0.06736421585083008,4.958191388368654,4.958191388368654,4.9581913883686575,3.552713678800501e-15,0.0,-3.552713678800501e-15,0.0,3.552713678800501e-15,59.57962270081043,13.925117476848904,-67.87094810408874,8.291325403278307,59.517539978027344,13.892169952392578,8.259736061096191,4.513302326202393,59.517539978027344,13.892169952392578,0.0,0.001922569121234119,-57.52351379394531,0.06520046293735504,1.0
256,32,cf_branch,0.11694612940604013,0.06736421585083008,4.958191355521006,4.958191355521009,4.958191355521006,3.552713678800501e-15,0.0,0.0,0.0,0.0,59.57962258160114,13.925117409006502,-67.87094793765436,8.291325356053221,59.517539978027344,13.892169952392578,8.259736061096191,4.513302326202393,59.517539978027344,13.892169952392578,0.0,0.0019225693540647626,-57.52351379394531,0.06520046293735504,1.0
256,32,schatten_filtered_cf_branch,0.187353565797927,0.18123330175876617,0.6120264039160817,0.612026403916083,0.6120264039160817,1.3322676295501878e-15,0.0,0.0,0.0,0.0,17.257497437298298,1.873140332580669,-18.323503387936185,1.0660059506378872,17.037263870239258,1.784601092338562,1.0085164308547974,0.4739695191383362,17.037263870239258,1.784601092338562,0.0,0.0016000083414837718,-57.52351379394531,0.16115808486938477,2.471732217978672
256,32,trace_residue_minus_0_5,-0.3029018715135324,0.008655623532831669,-31.155749504636404,20.483098829914454,20.483098829914454,0.0,-0.5,-51.63884833455086,-51.63884833455086,0.0,103.27769666910172,41.69059220175481,-132.2745468500099,28.996850180908183,103.22346496582031,41.64488983154297,28.67253875732422,15.065784454345703,103.22346496582031,41.64488983154297,0.0,0.0011465732241049409,-57.52351379394531,0.008400782942771912,0.12884544931595698
256,32,trace_residue_plus_0_5,0.3791640107187043,0.08386202156543732,29.5301989153267,3.5763833359123325,3.5763833359123325,0.0,0.5,25.953815579414368,25.953815579414368,0.0,51.907631158828735,10.568872991547806,-58.04604197443537,6.138410815606633,51.861270904541016,10.54637336730957,6.119728088378906,3.396669387817383,51.861270904541016,10.54637336730957,0.0,0.01571761444211006,-57.52351379394531,0.14206519722938538,2.1788985971753356
256,32,trace_residue_plus_1_0,0.6273221361729032,0.08667541295289993,54.06467232200033,3.381411210621657,3.381411210621655,1.7763568394002505e-15,1.0,50.68326111137867,50.68326111137867,0.0,50.68326111137867,10.074111442631454,-56.511143405407445,5.827882294028775,50.640403747558594,10.053714752197266,5.811222553253174,3.236189126968384,50.640403747558594,10.053714752197266,0.0,0.032739609479904175,-57.52351379394531,0.1542987823486328,2.3665289385580577
256,33,ordinary_branch,0.11784077037811486,0.06895412504673004,4.888664533138481,4.888664533138481,4.888664533138485,3.552713678800501e-15,0.0,-3.552713678800501e-15,0.0,3.552713678800501e-15,59.22709767520428,13.761665975960945,-67.41184519399812,8.184747518793841,59.50851058959961,13.902688980102539,8.269815444946289,4.557185173034668,59.50851058959961,13.902688980102539,0.0,0.0022879012394696474,-57.52351379394531,0.06520046293735504,1.0
256,33,cf_branch,0.11784076356684761,0.06895411759614944,4.888664597069816,4.888664597069813,4.888664597069816,3.552713678800501e-15,0.0,0.0,0.0,0.0,59.22709800302982,13.761666127185737,-67.41184562014398,8.184747617114155,59.50851058959961,13.902688980102539,8.269815444946289,4.557183265686035,59.50851058959961,13.902688980102539,0.0,0.0022879010066390038,-57.52351379394531,0.06520046293735504,1.0
256,33,schatten_filtered_cf_branch,0.18788146848302326,0.18168282508850098,0.6198643394522274,0.6198643394522279,0.6198643394522274,4.440892098500626e-16,0.0,0.0,0.0,0.0,17.41274992749095,1.8978238813896897,-18.492644459308252,1.0798945318173025,18.412994384765625,2.186666965484619,1.2558130025863647,0.20289009809494019,18.412994384765625,2.186666965484619,0.0,0.0017035785131156445,-57.52351379394531,0.16115808486938477,2.471732217978672
256,33,trace_residue_minus_0_5,-0.3026169701562847,0.008870342746376991,-31.14873129026617,20.577951000168667,20.577951000168667,0.0,-0.5,-51.72668229043484,-51.72668229043484,0.0,103.45336458086967,41.829462080268755,-132.56499385931676,29.111629278447083,103.60237884521484,41.95282745361328,28.925018310546875,15.412673950195312,103.60237884521484,41.95282745361328,0.0,0.001257863943465054,-57.52351379394531,0.008400782942771912,0.12884544931595698
256,33,trace_residue_plus_0_5,0.37645103790139983,0.08693240582942963,28.951863207197018,3.437155798351597,3.4371557983515935,3.552713678800501e-15,0.5,25.514707408845425,25.514707408845425,0.0,51.02941481769085,10.214939355002588,-56.94587803500356,5.91646321731271,51.26570129394531,10.317047119140625,5.978069305419922,3.362112045288086,51.26570129394531,10.317047119140625,0.0,0.015239688567817211,-57.52351379394531,0.14206519722938538,2.1788985971753356
256,33,trace_residue_plus_1_0,0.6196447258728225,0.08999744057655334,52.96472852962691,3.2356010480471333,3.2356010480471333,0.0,1.0,49.72912748157978,49.72912748157978,0.0,49.72912748157978,9.698834833857243,-55.323123836740336,5.593996355160556,49.9517822265625,9.792354583740234,5.650202751159668,3.19404935836792,49.9517822265625,9.792354583740234,0.0,0.031957365572452545,-57.52351379394531,0.1542987823486328,2.3665289385580577
256,34,ordinary_branch,0.11660819820088655,0.06833516061306,4.827303758782655,4.827303758782655,4.827303758782653,1.7763568394002505e-15,0.0,1.7763568394002505e-15,0.0,1.7763568394002505e-15,58.91321340203285,13.616940186966904,-67.00374755946561,8.090534157432757,58.91851043701172,13.619428634643555,8.083527565002441,3.778965473175049,58.91851043701172,13.619428634643555,0.0,0.0022834530100226402,-57.52351379394531,0.06520046293735504,1.0
256,34,cf_branch,0.11660819912968581,0.06833516061306,4.827303851662581,4.827303851662585,4.827303851662581,3.552713678800501e-15,0.0,0.0,0.0,0.0,58.91321390867233,13.616940411100849,-67.00374821032698,8.090534301654642,58.91851043701172,13.619428634643555,8.083527565002441,3.778965473175049,58.91851043701172,13.619428634643555,0.0,0.002283453242853284,-57.52351379394531,0.06520046293735504,1.0
256,34,schatten_filtered_cf_branch,0.18183001996294976,0.1755506694316864,0.6279350531263344,0.6279350531263344,0.6279350531263344,0.0,0.0,0.0,0.0,0.0,17.567300759255886,1.9229290785617705,-18.66140054908586,1.0940997898299756,17.626800537109375,1.9669089317321777,1.1224383115768433,0.6284379363059998,17.626800537109375,1.9669089317321777,0.0,0.0017518600216135383,-57.52351379394531,0.16115808486938477,2.471732217978672
256,34,trace_residue_minus_0_5,-0.30238308962666965,0.009044494479894638,-31.142758410656427,20.65885505429509,20.65885505429509,0.0,-0.5,-51.801613464951515,-51.801613464951515,0.0,103.60322692990303,41.947938861357905,-132.8127711884086,29.20954425850556,103.61759185791016,41.95966339111328,28.927963256835938,13.918182373046875,103.61759185791016,41.95966339111328,0.0,0.0012108825612813234,-57.52351379394531,0.008400782942771912,0.12884544931595698
256,34,trace_residue_plus_0_5,0.3712376055227297,0.08729813247919083,28.39394730435389,3.305413232312379,3.305413232312378,8.881784197001252e-16,0.5,25.08853407204151,25.08853407204151,0.0,50.17706814408302,9.877185246290132,-55.882623821031984,5.705555676948961,50.17543411254883,9.87713623046875,5.702460765838623,2.626838445663452,50.17543411254883,9.87713623046875,0.0,0.015050468035042286,-57.52351379394531,0.14206519722938538,2.1788985971753356
256,34,trace_residue_plus_1_0,0.6095107112886354,0.09053833782672882,51.89723734619066,3.097499952334612,3.0974999523346103,1.7763568394002505e-15,1.0,48.79973739385605,48.79973739385605,0.0,48.79973739385605,9.340121531908597,-54.17119330216498,5.371455908308931,48.79685974121094,9.339679718017578,5.368642807006836,2.464261054992676,48.79685974121094,9.339679718017578,0.0,0.03148975968360901,-57.52351379394531,0.1542987823486328,2.3665289385580577
256,35,ordinary_branch,0.11914993267951836,0.07141903042793274,4.773090225158562,4.773090225158562,4.773090225158565,3.552713678800501e-15,0.0,-3.552713678800501e-15,0.0,3.552713678800501e-15,58.632640957832336,13.488486457246891,-66.63974318619226,8.007102228359926,58.627254486083984,13.49022388458252,8.000823020935059,5.116723537445068,58.627254486083984,13.49022388458252,0.0,0.002273098798468709,-57.52351379394531,0.06520046293735504,1.0
256,35,cf_branch,0.11914992651972475,0.07141902297735214,4.773090354237262,4.773090354237262,4.773090354237262,0.0,0.0,0.0,0.0,0.0,58.632641673088074,13.488486772152108,-66.63974410310121,8.007102430013134,58.627254486083984,13.49022388458252,8.000823020935059,5.116725444793701,58.627254486083984,13.49022388458252,0.0,0.0022730990312993526,-57.52351379394531,0.06520046293735504,1.0
256,35,schatten_filtered_cf_branch,0.1897572834837514,0.18339359760284424,0.6363685880907148,0.6363685880907131,0.6363685880907148,1.7763568394002505e-15,0.0,0.0,0.0,0.0,17.721074420958757,1.9486612236431573,-18.829861530444997,1.10878710948624,17.809581756591797,2.0032145977020264,1.1431692838668823,0.8639840483665466,17.809581756591797,2.0032145977020264,0.0,0.001667247386649251,-57.52351379394531,0.16115808486938477,2.471732217978672
256,35,trace_residue_minus_0_5,-0.3023932646041888,0.008984731510281563,-31.137799611447036,20.720759475471795,20.720759475471795,0.0,-0.5,-51.85855908691883,-51.85855908691883,0.0,103.71711817383766,42.03820963245521,-133.00141814237958,29.284299968541916,103.67083740234375,42.00177764892578,28.961971282958984,16.463335037231445,103.67083740234375,42.00177764892578,0.0,0.00130813242867589,-57.52351379394531,0.008400782942771912,0.12884544931595698
256,35,trace_residue_plus_0_5,0.3711204047832513,0.0925683081150055,27.85520966682458,3.180630396640538,3.1806303966405416,3.552713678800501e-15,0.5,24.67457927018404,24.67457927018404,0.0,49.34915854036808,9.554603526900063,-54.8541153295872,5.504956789219122,49.35025405883789,9.558162689208984,5.504850387573242,3.6819658279418945,49.35025405883789,9.558162689208984,0.0,0.014266362413764,-57.52351379394531,0.14206519722938538,2.1788985971753356
256,35,trace_residue_plus_1_0,0.6047660633458374,0.09615796059370041,50.860810275213694,2.9666269375252483,2.9666269375252465,1.7763568394002505e-15,1.0,47.894183337688446,47.894183337688446,0.0,47.894183337688446,8.997123859457197,-53.05379839668004,5.159615058991591,47.89493179321289,9.000123977661133,5.159549713134766,3.4811859130859375,47.89493179321289,9.000123977661133,0.0,0.030443208292126656,-57.52351379394531,0.1542987823486328,2.3665289385580577
256,36,ordinary_branch,0.11688984408747138,0.0696243867278099,4.726545735966148,4.726545735966148,4.72654573596615,1.7763568394002505e-15,0.0,-1.7763568394002505e-15,0.0,1.7763568394002505e-15,58.38967853784561,13.377851485161928,-66.32503690064362,7.935358362798013,58.262550354003906,13.31899642944336,7.888974189758301,4.007235050201416,58.262550354003906,13.31899642944336,0.0,0.002128399210050702,-57.52351379394531,0.06520046293735504,1.0
256,36,cf_branch,0.1168898444265021,0.0696243867278099,4.726545769869221,4.726545769869219,4.726545769869221,1.7763568394002505e-15,0.0,0.0,0.0,0.0,58.38967874646187,13.377851571446943,-66.32503716337528,7.935358416913417,58.262550354003906,13.31899642944336,7.888973712921143,4.007236480712891,58.262550354003906,13.31899642944336,0.0,0.002128399210050702,-57.52351379394531,0.06520046293735504,1.0
256,36,schatten_filtered_cf_branch,0.18284835430048554,0.17640173435211182,0.6446619948373722,0.6446619948373726,0.6446619948373722,4.440892098500626e-16,0.0,0.0,0.0,0.0,17.872881963849068,1.9740584758592419,-18.99614179236518,1.1232598285161117,17.375104904174805,1.900569200515747,1.0811021327972412,0.8108690977096558,17.375104904174805,1.900569200515747,0.0,0.0016549904830753803,-57.52351379394531,0.16115808486938477,2.471732217978672
256,36,trace_residue_minus_0_5,-0.30249246404483243,0.008846821263432503,-31.133928530826495,20.767140365228727,20.767140365228727,0.0,-0.5,-51.90106889605522,-51.90106889605522,0.0,103.80213779211044,42.105697292819194,-133.1423857125087,29.34024792039827,103.7318115234375,42.049617767333984,29.000381469726562,14.524940490722656,103.7318115234375,42.049617767333984,0.0,0.0013998057693243027,-57.52351379394531,0.008400782942771912,0.12884544931595698
256,36,trace_residue_plus_0_5,0.36474248971229045,0.09138565510511398,27.335683460717647,3.0625392900757475,3.0625392900757458,1.7763568394002505e-15,0.5,24.2731441706419,24.2731441706419,0.0,48.5462883412838,9.246892882415379,-53.8606496767773,5.314361335493501,48.39517593383789,9.189046859741211,5.276032447814941,2.715790271759033,48.39517593383789,9.189046859741211,0.0,0.014217008836567402,-57.52351379394531,0.14206519722938538,2.1788985971753356
256,36,trace_residue_plus_1_0,0.5936337411516871,0.09508092701435089,49.85528141373362,2.8426456164714367,2.842645616471432,4.440892098500626e-15,1.0,47.01263579726219,47.01263579726219,0.0,47.01263579726219,8.669370221637674,-51.970696172840434,4.958060375578242,46.86353302001953,8.614194869995117,4.922126293182373,2.537421941757202,46.86353302001953,8.614194869995117,0.0,0.030137410387396812,-57.52351379394531,0.1542987823486328,2.3665289385580577
256,37,ordinary_branch,0.1153767319421111,0.0685153380036354,4.686139393847569,4.686139393847569,4.686139393847569,0.0,0.0,0.0,0.0,0.0,58.1769625544548,13.281482663928164,-66.049931691545,7.872969137090195,58.1826286315918,13.282206535339355,7.865100860595703,3.3687973022460938,58.1826286315918,13.282206535339355,0.0,0.0019309959607198834,-57.52351379394531,0.06520046293735504,1.0
256,37,cf_branch,0.11537672495004028,0.06851533055305481,4.686139439698547,4.686139439698543,4.686139439698547,3.552713678800501e-15,0.0,0.0,0.0,0.0,58.176962822675705,13.2814827780307,-66.04993203210388,7.872969209428177,58.1826286315918,13.282206535339355,7.865100860595703,3.3687973022460938,58.1826286315918,13.282206535339355,0.0,0.0019309958443045616,-57.52351379394531,0.06520046293735504,1.0
256,37,schatten_filtered_cf_branch,0.178904309480378,0.17237401008605957,0.6530299394318431,0.6530299394318426,0.6530299394318431,4.440892098500626e-16,0.0,0.0,0.0,0.0,18.02277136966586,1.9994601638960483,-19.16056321659316,1.1377918469272998,17.920513153076172,1.9600046873092651,1.112298846244812,0.4415101408958435,17.920513153076172,1.9600046873092651,0.0,0.0014815375907346606,-57.52351379394531,0.16115808486938477,2.471732217978672
256,37,trace_residue_minus_0_5,-0.3027875278580027,0.008537829853594303,-31.132535771159702,20.788992136092617,20.78899213609261,7.105427357601002e-15,-0.5,-51.92152790725231,-51.92152790725231,0.0,103.84305581450462,42.137882781973836,-133.20982411326455,29.366768298759922,103.84698486328125,42.14053726196289,29.073606491088867,13.529204368591309,103.84698486328125,42.14053726196289,0.0,0.001140003907494247,-57.52351379394531,0.008400782942771912,0.12884544931595698
256,37,trace_residue_plus_0_5,0.3595986381687636,0.09126061201095581,26.833802615780776,2.9505650676083057,2.950565067608304,1.7763568394002505e-15,0.5,23.883237548172474,23.883237548172474,0.0,47.76647509634495,8.952860758620677,-52.89941390396063,5.13293880761568,47.76108932495117,8.949623107910156,5.128427505493164,2.1004323959350586,47.76108932495117,8.949623107910156,0.0,0.013971269130706787,-57.52351379394531,0.14206519722938538,2.1788985971753356
256,37,trace_residue_plus_1_0,0.5838977741652658,0.09510818123817444,48.87895929270914,2.7250736450546036,2.7250736450546054,1.7763568394002505e-15,1.0,46.15388564765453,46.15388564765453,0.0,46.15388564765453,8.355938323855462,-50.92000551563343,4.766119867978894,46.14723205566406,8.352415084838867,4.761932849884033,1.9325640201568604,46.14723205566406,8.352415084838867,0.0,0.02964216284453869,-57.52351379394531,0.1542987823486328,2.3665289385580577
256,38,ordinary_branch,0.11569944362603408,0.06918969750404358,4.65097461219905,4.65097461219905,4.65097461219905,0.0,0.0,0.0,0.0,0.0,57.990393966436386,13.197360619393525,-65.80898388490252,7.818589918466131,58.115692138671875,13.256693840026855,7.849476337432861,3.392803430557251,58.115692138671875,13.256693840026855,0.0,0.0020105682779103518,-57.52351379394531,0.06520046293735504,1.0
256,38,cf_branch,0.11569944460204099,0.06918969750404358,4.6509747097997405,4.6509747097997405,4.6509747097997405,0.0,0.0,0.0,0.0,0.0,57.99039450287819,13.197360856247064,-65.8089845733814,7.818590070503205,58.115692138671875,13.256693840026855,7.849476337432861,3.392803430557251,58.115692138671875,13.256693840026855,0.0,0.0020105682779103518,-57.52351379394531,0.06520046293735504,1.0
256,38,schatten_filtered_cf_branch,0.17894977584561603,0.17233754694461823,0.6612228900997805,0.661222890099781,0.6612228900997805,4.440892098500626e-16,0.0,0.0,0.0,0.0,18.169796023517847,2.0243818110910095,-19.321831640093972,1.152035616576125,18.704124450683594,2.1628949642181396,1.2330735921859741,0.25238293409347534,18.704124450683594,2.1628949642181396,0.0,0.0014980098931118846,-57.52351379394531,0.16115808486938477,2.471732217978672
256,38,trace_residue_minus_0_5,-0.3027423204036188,0.008593548089265823,-31.133586849288463,20.785344009085165,20.78534400908518,1.4210854715202004e-14,-0.5,-51.91893085837364,-51.91893085837364,0.0,103.83786171674728,42.133239764175755,-133.20050314043482,29.362641423687535,103.90019226074219,42.184112548828125,29.109479904174805,13.672926902770996,103.90019226074219,42.184112548828125,0.0,0.0012001898139715195,-57.52351379394531,0.008400782942771912,0.12884544931595698
256,38,trace_residue_plus_0_5,0.35689352094245197,0.09340907633304596,26.348444460940602,2.8442425122978676,2.8442425122978703,2.6645352591003757e-15,0.5,23.50420194864273,23.50420194864273,0.0,47.00840389728546,8.671586627927022,-51.968435148919525,4.960031251634064,47.11511993408203,8.711784362792969,4.982632637023926,2.0535683631896973,47.11511993408203,8.711784362792969,0.0,0.013574456796050072,-57.52351379394531,0.14206519722938538,2.1788985971753356
256,38,trace_residue_plus_1_0,0.576799920657949,0.09749431163072586,47.93056090272231,2.613494903810455,2.613494903810455,0.0,1.0,45.31706599891186,45.31706599891186,0.0,45.31706599891186,8.056054182004964,-49.900286376606886,4.583220377695028,45.4161262512207,8.091936111450195,4.603421688079834,1.881218671798706,45.4161262512207,8.091936111450195,0.0,0.028983039781451225,-57.52351379394531,0.1542987823486328,2.3665289385580577
256,39,ordinary_branch,0.12109538484054845,0.07488735020160675,4.62080346389417,4.62080346389417,4.6208034638941715,1.7763568394002505e-15,0.0,-1.7763568394002505e-15,0.0,1.7763568394002505e-15,57.829105988144875,13.12498181986171,-65.60097341396605,7.771867425821171,57.612213134765625,13.022682189941406,7.697337627410889,5.539684295654297,57.612213134765625,13.022682189941406,0.0,0.002450464526191354,-57.52351379394531,0.06520046293735504,1.0
256,39,cf_branch,0.12109538576252447,0.07488735020160675,4.620803556091772,4.620803556091772,4.620803556091772,0.0,0.0,0.0,0.0,0.0,57.82910652458668,13.12498204851718,-65.60097409560194,7.771867571015264,57.612213134765625,13.022682189941406,7.697337627410889,5.539684295654297,57.612213134765625,13.022682189941406,0.0,0.002450464991852641,-57.52351379394531,0.06520046293735504,1.0
256,39,schatten_filtered_cf_branch,0.19088337122257654,0.18418648838996887,0.6696882832607667,0.6696882832607667,0.6696882832607667,0.0,0.0,0.0,0.0,0.0,18.315687887370586,2.049762286663901,-19.482327379291235,1.1666394919206482,17.618946075439453,1.8722116947174072,1.059094786643982,1.5350005626678467,17.618946075439453,1.8722116947174072,0.0,0.0016536044422537088,-57.52351379394531,0.16115808486938477,2.471732217978672
256,39,trace_residue_minus_0_5,-0.301852979197306,0.009511948563158512,-31.136492776046452,20.760697288145366,20.760697288145366,0.0,-0.5,-51.89719006419182,-51.89719006419182,0.0,103.79438012838364,42.098122795990406,-133.12759599886994,29.3332158704863,103.68148803710938,42.0054931640625,28.962724685668945,17.28722381591797,103.68148803710938,42.0054931640625,0.0,0.001398976892232895,-57.52351379394531,0.008400782942771912,0.12884544931595698
256,39,trace_residue_plus_0_5,0.36125961744463214,0.10246914625167847,25.879047119295365,2.743256383812195,2.743256383812196,8.881784197001252e-16,0.5,23.13579073548317,23.13579073548317,0.0,46.27158147096634,8.402503535554342,-51.066792056303456,4.7952105853371165,46.1064453125,8.339864730834961,4.754640579223633,3.7214784622192383,46.1064453125,8.339864730834961,0.0,0.012692037038505077,-57.52351379394531,0.14206519722938538,2.1788985971753356
256,39,trace_residue_plus_1_0,0.5772191478392321,0.10712587833404541,47.00932695051867,2.5075801320953985,2.5075801320953968,1.7763568394002505e-15,1.0,44.50174681842327,44.50174681842327,0.0,44.50174681842327,7.769137663260885,-48.910665038254635,4.408918219831364,44.34904479980469,7.713510036468506,4.373411178588867,3.473689079284668,44.34904479980469,7.713510036468506,0.0,0.027823830023407936,-57.52351379394531,0.1542987823486328,2.3665289385580577
256,40,ordinary_branch,0.11848989749772343,0.07251744717359543,4.5972450324128005,4.5972450324128005,4.5972450324128005,0.0,0.0,0.0,0.0,0.0,57.70139576494694,13.068151447707592,-65.43667775577707,7.735281990830131,57.52212142944336,12.981907844543457,7.670907020568848,4.439527988433838,57.52212142944336,12.981907844543457,0.0,0.0021834508515894413,-57.52351379394531,0.06520046293735504,1.0
256,40,cf_branch,0.11848989144044456,0.07251743972301483,4.597245171742973,4.597245171742969,4.597245171742973,3.552713678800501e-15,0.0,0.0,0.0,0.0,57.701396599411964,13.068151798619681,-65.43667881150145,7.735282212089487,57.522125244140625,12.981907844543457,7.670907020568848,4.439526081085205,57.522125244140625,12.981907844543457,0.0,0.002183451084420085,-57.52351379394531,0.06520046293735504,1.0
256,40,schatten_filtered_cf_branch,0.18390352094610718,0.17711500823497772,0.6788512711129471,0.6788512711129453,0.6788512711129471,1.7763568394002505e-15,0.0,0.0,0.0,0.0,18.46255249902606,2.076479381086318,-19.64476445054156,1.1822119515155016,17.94912338256836,1.9292259216308594,1.0900981426239014,1.128578543663025,17.94912338256836,1.9292259216308594,0.0,0.0015784899005666375,-57.52351379394531,0.16115808486938477,2.471732217978672
256,40,trace_residue_minus_0_5,-0.3022203453795747,0.009168935939669609,-31.13892813192443,20.732293812765306,20.73229381276532,1.4210854715202004e-14,-0.5,-51.87122194468975,-51.87122194468975,0.0,103.7424438893795,42.05678579048636,-133.04138184242314,29.298937953043634,103.68409729003906,42.00787353515625,28.96478843688965,15.388052940368652,103.68409729003906,42.00787353515625,0.0,0.001276673167012632,-57.52351379394531,0.008400782942771912,0.12884544931595698
256,40,trace_residue_plus_0_5,0.3548809457718269,0.10061609745025635,25.42648483215705,2.647626535583889,2.647626535583889,0.0,0.5,22.778858296573162,22.778858296573162,0.0,45.557716593146324,8.145893750608687,-50.19629803405614,4.638581440909817,45.42472839355469,8.095056533813477,4.605370998382568,2.7772529125213623,45.42472839355469,8.095056533813477,0.0,0.01265987940132618,-57.52351379394531,0.14206519722938538,2.1788985971753356
256,40,trace_residue_plus_1_0,0.5665080601976009,0.10534988343715668,46.11581767604442,2.4071732263335797,2.407173226333578,1.7763568394002505e-15,1.0,43.708644449710846,43.708644449710846,0.0,43.708644449710846,7.495042230119954,-47.95168756266011,4.243043112949266,43.58774948120117,7.450842380523682,4.214629173278809,2.5579581260681152,43.58774948120117,7.450842380523682,0.0,0.0275583378970623,-57.52351379394531,0.1542987823486328,2.3665289385580577
256,41,ordinary_branch,0.11421236987525518,0.06842438876628876,4.578798110896642,4.578798110896642,4.578798110896646,3.552713678800501e-15,0.0,-3.552713678800501e-15,0.0,3.552713678800501e-15,57.59988732635975,13.023372239512668,-65.30642958124926,7.706542254889513,57.72325134277344,13.083064079284668,7.738361358642578,2.6898345947265625,57.72325134277344,13.083064079284668,0.0,0.0020160519052296877,-57.52351379394531,0.06520046293735504,1.0
256,41,cf_branch,0.11421237138140686,0.06842438876628876,4.57879826151181,4.578798261511807,4.57879826151181,3.552713678800501e-15,0.0,0.0,0.0,0.0,57.599888160824776,13.023372605332028,-65.30643065037108,7.706542489546308,57.72325134277344,13.083065032958984,7.738361358642578,2.6898345947265625,57.72325134277344,13.083065032958984,0.0,0.0020160521380603313,-57.52351379394531,0.06520046293735504,1.0
256,41,schatten_filtered_cf_branch,0.17410627295421505,0.16722679138183594,0.6879481572379114,0.687948157237912,0.6879481572379114,6.661338147750939e-16,0.0,0.0,0.0,0.0,18.607357881963253,2.1029836290565544,-19.805024273428273,1.1976663914650203,18.939178466796875,2.2157883644104004,1.2681465148925781,0.15373611450195312,18.939178466796875,2.2157883644104004,0.0,0.0014649161603301764,-57.52351379394531,0.16115808486938477,2.471732217978672
256,41,trace_residue_minus_0_5,-0.30296329628883156,0.008456721901893616,-31.14200181907252,20.69403790289327,20.69403790289327,0.0,-0.5,-51.83603972196579,-51.83603972196579,0.0,103.67207944393158,42.00092604902135,-132.92477354795045,29.25269410401887,103.7171630859375,42.03900909423828,28.992446899414062,12.434310913085938,103.7171630859375,42.03900909423828,0.0,0.001288652652874589,-57.52351379394531,0.008400782942771912,0.12884544931595698
256,41,trace_residue_plus_0_5,0.3462337080783464,0.09634162485599518,24.989208322235125,2.5568421149931133,2.556842114993114,8.881784197001252e-16,0.5,22.432366207242012,22.432366207242012,0.0,44.864732414484024,7.900629198757212,-49.35411557790684,4.489383163422815,44.952674865722656,7.934431076049805,4.508742332458496,1.3409571647644043,44.952674865722656,7.934431076049805,0.0,0.01278188917785883,-57.52351379394531,0.14206519722938538,2.1788985971753356
256,41,trace_residue_plus_1_0,0.5535110613378049,0.10102768987417221,45.24833714636327,2.311862942299854,2.3118629422998556,1.7763568394002505e-15,1.0,42.936474204063416,42.936474204063416,0.0,42.936474204063416,7.23291564518194,-47.02147418394479,4.084999979881374,43.016448974609375,7.262277126312256,4.101801872253418,1.1781744956970215,43.016448974609375,7.262277126312256,0.0,0.02744203992187977,-57.52351379394531,0.1542987823486328,2.3665289385580577
256,42,ordinary_branch,0.11619512690035719,0.07056040316820145,4.563472373215575,4.563472373215575,4.563472373215578,3.552713678800501e-15,0.0,-3.552713678800501e-15,0.0,3.552713678800501e-15,57.51481683552265,12.986050451973506,-65.19744378985317,7.682626954330516,57.617679595947266,13.039468765258789,7.711090087890625,3.429441452026367,57.617679595947266,13.039468765258789,0.0,0.0021422565914690495,-57.52351379394531,0.06520046293735504,1.0
256,42,cf_branch,0.1161951284321977,0.07056040316820145,4.563472526399625,4.563472526399636,4.563472526399625,1.0658141036401503e-14,0.0,0.0,0.0,0.0,57.51481769979,12.986050827504819,-65.19744489397235,7.682627194182345,57.617679595947266,13.039469718933105,7.711090087890625,3.429441452026367,57.617679595947266,13.039469718933105,0.0,0.002142256824299693,-57.52351379394531,0.06520046293735504,1.0
256,42,schatten_filtered_cf_branch,0.1780633360286062,0.1711001694202423,0.696316660836388,0.6963166608363913,0.696316660836388,3.3306690738754696e-15,0.0,0.0,0.0,0.0,18.747350823134184,2.1279047060278202,-19.9594022978389,1.2120514747047153,19.13862419128418,2.2539255619049072,1.2890561819076538,0.40840405225753784,19.13862419128418,2.2539255619049072,0.0,0.0013965764082968235,-57.52351379394531,0.16115808486938477,2.471732217978672
256,42,trace_residue_minus_0_5,-0.3026696355579665,0.008798671886324883,-31.14683074442914,20.640852518991906,20.64085251899192,1.4210854715202004e-14,-0.5,-51.78768326342106,-51.78768326342106,0.0,103.57536652684212,41.923839908651274,-132.7640207227509,29.188654195908782,103.60250854492188,41.947052001953125,28.917694091796875,13.779132843017578,103.60250854492188,41.947052001953125,0.0,0.0010874745203182101,-57.52351379394531,0.008400782942771912,0.12884544931595698
256,42,trace_residue_plus_0_5,0.3463487353090914,0.1006949245929718,24.565381071611956,2.4703503242579252,2.4703503242579243,8.881784197001252e-16,0.5,22.09503074735403,22.09503074735403,0.0,44.19006149470806,7.665444768403826,-48.536840175622146,4.346778680914085,44.271053314208984,7.697162628173828,4.365046501159668,1.860795497894287,44.271053314208984,7.697162628173828,0.0,0.01229365449398756,-57.52351379394531,0.14206519722938538,2.1788985971753356
256,42,trace_residue_plus_1_0,0.5497942184164508,0.10574489831924438,44.40493200972064,2.2212298835752726,2.2212298835752726,0.0,1.0,42.18370212614536,42.18370212614536,0.0,42.18370212614536,6.981854540618723,-46.11787319318497,3.934171067039607,42.25611877441406,7.008626937866211,3.949514865875244,1.6707069873809814,42.25611877441406,7.008626937866211,0.0,0.026706252247095108,-57.52351379394531,0.1542987823486328,2.3665289385580577
256,43,ordinary_branch,0.11705475853860528,0.07153704762458801,4.551771091401726,4.551771091401726,4.551771091401726,0.0,0.0,0.0,0.0,0.0,57.44888682663441,12.957376593864815,-65.11319563407946,7.664308807445053,57.2967529296875,12.88160514831543,7.60642671585083,3.822439432144165,57.2967529296875,12.88160514831543,0.0,0.002022306900471449,-57.52351379394531,0.06520046293735504,1.0
256,43,cf_branch,0.11705476023614018,0.07153704762458801,4.551771261155217,4.551771261155217,4.551771261155217,0.0,0.0,0.0,0.0,0.0,57.44888772070408,12.957376997704884,-65.11319678985794,7.664309069153859,57.2967529296875,12.88160514831543,7.60642671585083,3.8224432468414307,57.2967529296875,12.88160514831543,0.0,0.002022306900471449,-57.52351379394531,0.06520046293735504,1.0
256,43,schatten_filtered_cf_branch,0.17958581083572908,0.17253708839416504,0.7048722441564055,0.7048722441564053,0.7048722441564055,2.220446049250313e-16,0.0,0.0,0.0,0.0,18.885822001844645,2.1530858092978726,-20.112488534111517,1.2266665322668722,18.41409683227539,1.9977571964263916,1.128574252128601,0.900474488735199,18.41409683227539,1.9977571964263916,0.0,0.001414993079379201,-57.52351379394531,0.16115808486938477,2.471732217978672
256,43,trace_residue_minus_0_5,-0.30251456936962384,0.009004374966025352,-31.15189443356492,20.581811087064963,20.581811087064963,0.0,-0.5,-51.73370552062988,-51.73370552062988,0.0,103.46741104125977,41.837993868346835,-132.58486063596519,29.11744959470542,103.39196014404297,41.77400207519531,28.77486228942871,14.269686698913574,103.39196014404297,41.77400207519531,0.0,0.0010437212185934186,-57.52351379394531,0.008400782942771912,0.12884544931595698
256,43,trace_residue_plus_0_5,0.345139924990152,0.10358944535255432,24.15504796375977,2.388027119836675,2.3880271198366767,1.7763568394002505e-15,0.5,21.767020843923092,21.767020843923092,0.0,43.534041687846184,7.440177506549004,-47.74465938021636,4.210617692370178,43.43064880371094,7.400717735290527,4.184890270233154,2.1008565425872803,43.43064880371094,7.400717735290527,0.0,0.01188861858099699,-57.52351379394531,0.14206519722938538,2.1788985971753356
256,43,trace_residue_plus_1_0,0.5448083775452854,0.10895450413227081,43.58538734130147,2.1350734304595242,2.135073430459528,3.552713678800501e-15,1.0,41.45031391084194,41.45031391084194,0.0,41.45031391084194,6.7415181580416785,-45.24060290292808,3.79028899208614,41.36179733276367,6.709510803222656,3.7697741985321045,1.8865407705307007,41.36179733276367,6.709510803222656,0.0,0.026077305898070335,-57.52351379394531,0.1542987823486328,2.3665289385580577
256,44,ordinary_branch,0.11486814914299195,0.06943009793758392,4.543805120540803,4.543805120540803,4.543805120540808,5.329070518200751e-15,0.0,-5.329070518200751e-15,0.0,5.329070518200751e-15,57.40251123905182,12.937586977804763,-65.05426110617383,7.651749867122007,57.42206954956055,12.946477890014648,7.649916648864746,2.8113646507263184,57.42206954956055,12.946477890014648,0.0,0.0018759607337415218,-57.52351379394531,0.06520046293735504,1.0
256,44,cf_branch,0.11486815100289616,0.06943009793758392,4.5438053065312225,4.543805306531219,4.5438053065312225,3.552713678800501e-15,0.0,0.0,0.0,0.0,57.40251225233078,12.937587425151793,-65.05426240771824,7.651750155387461,57.42207336425781,12.946477890014648,7.649916648864746,2.8113627433776855,57.42207336425781,12.946477890014648,0.0,0.0018759602680802345,-57.52351379394531,0.06520046293735504,1.0
256,44,schatten_filtered_cf_branch,0.17326478573073298,0.1661313772201538,0.7133408510579178,0.7133408510579198,0.7133408510579178,1.9984014443252818e-15,0.0,0.0,0.0,0.0,19.022056430578232,2.1779970036271186,-20.26318577599962,1.2411293454213883,19.211650848388672,2.2366292476654053,1.2734700441360474,0.4185343384742737,19.211650848388672,2.2366292476654053,0.0,0.0013491795398294926,-57.52351379394531,0.16115808486938477,2.471732217978672
256,44,trace_residue_minus_0_5,-0.30276355726775833,0.0088008102029562,-31.156436747071453,20.524138459804348,20.524138459804348,0.0,-0.5,-51.6805752068758,-51.6805752068758,0.0,103.3611504137516,41.75377306428352,-132.40889501220101,29.047744598449412,103.38426208496094,41.772979736328125,28.776538848876953,12.499414443969727,103.38426208496094,41.772979736328125,0.0,0.0009500025771558285,-57.52351379394531,0.008400782942771912,0.12884544931595698
256,44,trace_residue_plus_0_5,0.33949659330782656,0.10191743075847626,23.757916254935033,2.3096837755415507,2.3096837755415507,0.0,0.5,21.448232479393482,21.448232479393482,0.0,42.896464958786964,7.224480981897882,-46.977105758863004,4.08064080007604,42.90583038330078,7.2279510498046875,4.081500053405762,1.289536952972412,42.90583038330078,7.2279510498046875,0.0,0.01183592900633812,-57.52351379394531,0.14206519722938538,2.1788985971753356
256,44,trace_residue_plus_1_0,0.5352419941643078,0.10735033452510834,42.789165963919956,2.053167065175373,2.0531670651753764,3.552713678800501e-15,1.0,40.73599889874458,40.73599889874458,0.0,40.73599889874458,6.511478627769084,-44.38903722023561,3.6530383214910245,40.74338912963867,6.514239311218262,3.6538233757019043,1.1122872829437256,40.74338912963867,6.514239311218262,0.0,0.025797707960009575,-57.52351379394531,0.1542987823486328,2.3665289385580577
256,45,ordinary_branch,0.11493049468153366,0.06954638659954071,4.538410808199295,4.538410808199295,4.538410808199295,0.0,0.0,0.0,0.0,0.0,57.369496524333954,12.92390278481067,-65.01264940513016,7.643152880796208,57.20311737060547,12.846183776855469,7.585150241851807,3.159064531326294,57.20311737060547,12.846183776855469,0.0,0.0020750965923070908,-57.52351379394531,0.06520046293735504,1.0
256,45,cf_branch,0.11493049579590328,0.06954638659954071,4.538410919636258,4.538410919636263,4.538410919636258,5.329070518200751e-15,0.0,0.0,0.0,0.0,57.369497150182724,12.923903057058922,-65.01265020513253,7.643153054949806,57.20311737060547,12.846184730529785,7.585150241851807,3.159064531326294,57.20311737060547,12.846184730529785,0.0,0.002075096359476447,-57.52351379394531,0.06520046293735504,1.0
256,45,schatten_filtered_cf_branch,0.17579811304330778,0.16858217120170593,0.7215941841601854,0.7215941841601854,0.7215941841601854,0.0,0.0,0.0,0.0,0.0,19.1553410962224,2.2023651234262736,-20.41059448864666,1.2552533924242582,18.65060043334961,2.0648908615112305,1.172092318534851,0.45239347219467163,18.65060043334961,2.0648908615112305,0.0,0.0013230032054707408,-57.52351379394531,0.16115808486938477,2.471732217978672
256,45,trace_residue_minus_0_5,-0.3030335347183752,0.008572913706302643,-31.160644842467782,20.467058705009947,20.46705870500994,7.105427357601002e-15,-0.5,-51.62770354747772,-51.62770354747772,0.0,103.25540709495544,41.67017208754554,-132.23406397852602,28.97865688357058,103.15763092041016,41.59001922607422,28.627206802368164,13.096524238586426,103.15763092041016,41.59001922607422,0.0,0.001174032804556191,-57.52351379394531,0.008400782942771912,0.12884544931595698
256,45,trace_residue_plus_0_5,0.33739726298432116,0.10366897284984589,23.37282901344753,2.2349684619710537,2.234968461971052,1.7763568394002505e-15,0.5,21.13786055147648,21.13786055147648,0.0,42.27572110295296,7.017546775557012,-46.232034974162275,3.9563138712093178,42.16941833496094,6.979977607727051,3.9323949813842773,1.489203929901123,42.16941833496094,6.979977607727051,0.0,0.011590071953833103,-57.52351379394531,0.14206519722938538,2.1788985971753356
256,45,trace_residue_plus_1_0,0.5294903856108347,0.10934099555015564,42.014939006067905,1.9752143729702532,1.9752143729702532,0.0,1.0,40.03972463309765,40.03972463309765,0.0,40.03972463309765,6.291093070133663,-43.56170517721679,3.5219805441191383,39.947959899902344,6.260316848754883,3.502711772918701,1.296445608139038,39.947959899902344,6.260316848754883,0.0,0.02531247027218342,-57.52351379394531,0.1542987823486328,2.3665289385580577
256,46,ordinary_branch,0.12100201995910859,0.07564748823642731,4.535453172268127,4.535453172268127,4.535453172268129,1.7763568394002505e-15,0.0,-1.7763568394002505e-15,0.0,1.7763568394002505e-15,57.350061535835266,12.916166908627133,-64.98842472842077,7.638363192585501,57.470306396484375,12.980793952941895,7.675000190734863,5.360212802886963,57.470306396484375,12.980793952941895,0.0,0.002564729657024145,-57.52351379394531,0.06520046293735504,1.0
256,46,cf_branch,0.12100202139708496,0.07564748823642731,4.535453316065766,4.535453316065762,4.535453316065766,3.552713678800501e-15,0.0,0.0,0.0,0.0,57.350062280893326,12.916167247877327,-64.988425694192,7.638363413298677,57.470314025878906,12.980794906616211,7.675000190734863,5.3602070808410645,57.470314025878906,12.980794906616211,0.0,0.002564729657024145,-57.52351379394531,0.06520046293735504,1.0
256,46,schatten_filtered_cf_branch,0.18904341748088194,0.1817495971918106,0.7293820289071327,0.7293820289071338,0.7293820289071327,1.1102230246251565e-15,0.0,0.0,0.0,0.0,19.284778237342834,2.2256408714649965,-20.553446121539118,1.268667884196283,19.72715950012207,2.398932456970215,1.37942373752594,0.9552043080329895,19.72715950012207,2.398932456970215,0.0,0.0014496668009087443,-57.52351379394531,0.16115808486938477,2.471732217978672
256,46,trace_residue_minus_0_5,-0.3021718211004699,0.009484532289206982,-31.16563533896769,20.41000568216478,20.41000568216478,0.0,-0.5,-51.57564102113247,-51.57564102113247,0.0,103.15128204226494,41.587397573882356,-132.06122432130826,28.90994227904332,103.21965789794922,41.646060943603516,28.675872802734375,17.188583374023438,103.21965789794922,41.646060943603516,0.0,0.0011787534458562732,-57.52351379394531,0.008400782942771912,0.12884544931595698
256,46,trace_residue_plus_0_5,0.3441674889488751,0.11417341232299805,22.999407662587707,2.163677691059654,2.163677691059654,0.0,0.5,20.835729971528053,20.835729971528053,0.0,41.67145994305611,6.818972586064021,-45.508807790338636,3.8373478472825298,41.767677307128906,6.8558197021484375,3.8591346740722656,3.044281005859375,41.767677307128906,6.8558197021484375,0.0,0.010752835310995579,-57.52351379394531,0.14206519722938538,2.1788985971753356
256,46,trace_residue_plus_1_0,0.5332078226481569,0.12058677524328232,41.26210474048746,1.9009982255567337,1.9009982255567346,8.881784197001252e-16,1.0,39.361106514930725,39.361106514930725,0.0,39.361106514930725,6.079928727870894,-42.757912415158984,3.3968059002282587,39.445045471191406,6.10981559753418,3.4142913818359375,2.7645530700683594,39.445045471191406,6.10981559753418,0.0,0.024229373782873154,-57.52351379394531,0.1542987823486328,2.3665289385580577
256,47,ordinary_branch,0.11702994841461731,0.0716605931520462,4.5369355262571105,4.5369355262571105,4.5369355262571105,0.0,0.0,0.0,0.0,0.0,57.354605719447136,12.919110022523645,-64.99506292028858,7.640457200841439,57.2288703918457,12.860147476196289,7.594534873962402,3.8414130210876465,57.2288703918457,12.860147476196289,0.0,0.0025598928332328796,-57.52351379394531,0.06520046293735504,1.0
256,47,cf_branch,0.1170299509650302,0.0716605931520462,4.5369357812984,4.5369357812984035,4.5369357812984,3.552713678800501e-15,0.0,0.0,0.0,0.0,57.35460706055164,12.919110628598471,-64.99506465434528,7.640457593793641,57.2288703918457,12.860147476196289,7.5945353507995605,3.8414151668548584,57.2288703918457,12.860147476196289,0.0,0.002559892600402236,-57.52351379394531,0.06520046293735504,1.0
256,47,schatten_filtered_cf_branch,0.17829732008479968,0.17092476785182953,0.7372552232970158,0.7372552232970158,0.7372552232970158,0.0,0.0,0.0,0.0,0.0,19.41299595683813,2.248991174474979,-20.69516868656443,1.2821727297262981,18.934370040893555,2.1323468685150146,1.2115949392318726,0.944530189037323,18.934370040893555,2.1323468685150146,0.0,0.0014025893760845065,-57.52351379394531,0.16115808486938477,2.471732217978672
256,47,trace_residue_minus_0_5,-0.30257412818482055,0.009110868908464909,-31.168499709328543,20.373098148742784,20.373098148742784,0.0,-0.5,-51.54159785807133,-51.54159785807133,0.0,103.08319571614265,41.53353491359011,-131.94855797735832,28.865362261215665,102.99745178222656,41.46361541748047,28.52532958984375,14.22696304321289,102.99745178222656,41.46361541748047,0.0,0.0012251451844349504,-57.52351379394531,0.008400782942771912,0.12884544931595698
256,47,trace_residue_plus_0_5,0.33620090193150376,0.10981316864490509,22.638773328659862,2.095927021501396,2.095927021501393,2.6645352591003757e-15,0.5,20.54284630715847,20.54284630715847,0.0,41.08569261431694,6.62920252297193,-44.80966563264393,3.723973018326987,40.978939056396484,6.5928826332092285,3.70113468170166,1.8847546577453613,40.978939056396484,6.5928826332092285,0.0,0.010961787775158882,-57.52351379394531,0.14206519722938538,2.1788985971753356
256,47,trace_residue_plus_1_0,0.5214621331803353,0.11614787578582764,40.53142573945077,1.8304573696091921,1.8304573696091957,3.552713678800501e-15,1.0,38.700968369841576,38.700968369841576,0.0,38.700968369841576,5.877968645574476,-41.97842732361944,3.2774589537778667,38.603759765625,5.846911430358887,3.258326530456543,1.6582121849060059,38.603759765625,5.846911430358887,0.0,0.02418975904583931,-57.52351379394531,0.1542987823486328,2.3665289385580577
256,48,ordinary_branch,0.11369106236528552,0.06827986985445023,4.541119251083529,4.541119251083529,4.541119251083527,1.7763568394002505e-15,0.0,1.7763568394002505e-15,0.0,1.7763568394002505e-15,57.37335713207722,12.928488792938353,-65.0200767928732,7.646719660795981,57.425472259521484,12.95157527923584,7.654109954833984,2.546701431274414,57.425472259521484,12.95157527923584,0.0,0.002229834208264947,-57.52351379394531,0.06520046293735504,1.0
256,48,cf_branch,0.11369105820703865,0.06827986240386963,4.541119580316902,4.541119580316902,4.541119580316902,0.0,0.0,0.0,0.0,0.0,57.37335892021656,12.928489585937552,-65.02007909179366,7.646720171577101,57.42547607421875,12.95157527923584,7.654110431671143,2.546701669692993,57.42547607421875,12.95157527923584,0.0,0.0022298344410955906,-57.52351379394531,0.06520046293735504,1.0
256,48,schatten_filtered_cf_branch,0.1711723421323353,0.16372309625148773,0.7449245880847557,0.7449245880847553,0.7449245880847557,4.440892098500626e-16,0.0,0.0,0.0,0.0,19.53842782974243,2.271805991886035,-20.833777201736417,1.2953493719939857,19.52286148071289,2.242687463760376,1.2746682167053223,0.15295624732971191,19.52286148071289,2.242687463760376,0.0,0.0012171284761279821,-57.52351379394531,0.16115808486938477,2.471732217978672
256,48,trace_residue_minus_0_5,-0.3031690593476992,0.00853456649929285,-31.170362584699205,20.346537269245573,20.346537269245573,0.0,-0.5,-51.51689985394478,-51.51689985394478,0.0,103.03379970788956,41.494604495584255,-131.86701216913661,28.833212461247058,103.07792663574219,41.52999496459961,28.58016586303711,12.075716018676758,103.07792663574219,41.52999496459961,0.0,0.0011129738995805383,-57.52351379394531,0.008400782942771912,0.12884544931595698
256,48,trace_residue_plus_0_5,0.3289567374134137,0.10606375336647034,22.289298404694332,2.031306308449043,2.031306308449044,8.881784197001252e-16,0.5,20.25799209624529,20.25799209624529,0.0,40.51598419249058,6.447217025791694,-44.13152679820502,3.6155426057144453,40.541446685791016,6.455071926116943,3.6193363666534424,0.9168592691421509,40.541446685791016,6.455071926116943,0.0,0.011023232713341713,-57.52351379394531,0.14206519722938538,2.1788985971753356
256,48,trace_residue_plus_1_0,0.5105313854196107,0.11232012510299683,39.82112603166139,1.7632865486387068,1.763286548638706,8.881784197001252e-16,1.0,38.05783948302269,38.05783948302269,0.0,38.05783948302269,5.6844912969571935,-41.22130895793861,3.163469474915921,38.077964782714844,5.690258026123047,3.1662638187408447,0.7480565309524536,38.077964782714844,5.690258026123047,0.0,0.0240692850202322,-57.52351379394531,0.1542987823486328,2.3665289385580577
256,49,ordinary_branch,0.11803512179642446,0.07257179170846939,4.546333008795507,4.546333008795507,4.546333008795509,1.7763568394002505e-15,0.0,-1.7763568394002505e-15,0.0,1.7763568394002505e-15,57.39819276332855,12.940440119059776,-65.05280321289352,7.65461044956497,57.1064567565918,12.80495548248291,7.558870315551758,4.45052433013916,57.1064567565918,12.80495548248291,0.0,0.0021965038031339645,-57.52351379394531,0.06520046293735504,1.0
256,49,cf_branch,0.11803512412064637,0.07257179170846939,4.546333241217699,4.546333241217695,4.546333241217699,3.552713678800501e-15,0.0,0.0,0.0,0.0,57.39819401502609,12.940440676811988,-65.05280482448916,7.654610809463065,57.1064567565918,12.80495548248291,7.558870315551758,4.45052433013916,57.1064567565918,12.80495548248291,0.0,0.0021965038031339645,-57.52351379394531,0.06520046293735504,1.0
256,49,schatten_filtered_cf_branch,0.18173753215439425,0.17421498894691467,0.7522543207479586,0.7522543207479568,0.7522543207479586,1.7763568394002505e-15,0.0,0.0,0.0,0.0,19.660208739340305,2.2937726355774775,-20.968201835655425,1.3079930963151192,18.80939483642578,2.0941882133483887,1.1859551668167114,1.0662517547607422,18.80939483642578,2.0941882133483887,0.0,0.00130549690220505,-57.52351379394531,0.16115808486938477,2.471732217978672
256,49,trace_residue_minus_0_5,-0.30264010461632157,0.009088910184800625,-31.172901480112216,20.321555690255025,20.321555690255025,0.0,-0.5,-51.49445717036724,-51.49445717036724,0.0,102.98891434073448,41.458742672520465,-131.79220881672637,28.80329447599189,102.78141021728516,41.28984832763672,28.38365936279297,15.293071746826172,102.78141021728516,41.28984832763672,0.0,0.0011704537319019437,-57.52351379394531,0.008400782942771912,0.12884544931595698
256,49,trace_residue_plus_0_5,0.3338240190379477,0.11432768404483795,21.949633499310973,1.9694622807965274,1.969462280796531,3.552713678800501e-15,0.5,19.980171218514442,19.980171218514442,0.0,39.960342437028885,6.272146403377458,-43.471844404488294,3.5115019674594095,39.740211486816406,6.200619220733643,3.467946767807007,2.2110204696655273,39.740211486816406,6.200619220733643,0.0,0.010290401056408882,-57.52351379394531,0.14206519722938538,2.1788985971753356
256,49,trace_residue_plus_1_0,0.5125153471334702,0.12121807038784027,39.129727674563,1.6992193291974758,1.6992193291974762,4.440892098500626e-16,1.0,37.430508345365524,37.430508345365524,0.0,37.430508345365524,5.498871362201244,-40.48493659377128,3.054428248405756,37.2362060546875,5.439971446990967,3.0191574096679688,1.9535140991210938,37.2362060546875,5.439971446990967,0.0,0.02314988151192665,-57.52351379394531,0.1542987823486328,2.3665289385580577
256,50,ordinary_branch,0.11837056139840442,0.07282821834087372,4.55423430575307,4.55423430575307,4.5542343057530665,3.552713678800501e-15,0.0,3.552713678800501e-15,0.0,3.552713678800501e-15,57.437940403819084,12.958937350733727,-65.10463596490331,7.666695561084225,57.41957092285156,12.952512741088867,7.655630111694336,4.297547340393066,57.41957092285156,12.952512741088867,0.0,0.0025586294941604137,-57.52351379394531,0.06520046293735504,1.0
256,50,cf_branch,0.11837056372890732,0.07282821834087372,4.55423453880336,4.554234538803357,4.55423453880336,3.552713678800501e-15,0.0,0.0,0.0,0.0,57.4379416257143,12.958937903138782,-65.10463754536283,7.666695919648532,57.41957473754883,12.952512741088867,7.655630111694336,4.297545433044434,57.41957473754883,12.952512741088867,0.0,0.0025586290284991264,-57.52351379394531,0.06520046293735504,1.0
256,50,schatten_filtered_cf_branch,0.17992888215564137,0.172334685921669,0.7594196233972361,0.7594196233972355,0.7594196233972361,6.661338147750939e-16,0.0,0.0,0.0,0.0,19.779670484364033,2.3153060665492116,-21.100042570619365,1.3203720862553325,19.611204147338867,2.2929162979125977,1.3096041679382324,1.0645911693572998,19.611204147338867,2.2929162979125977,0.0,0.0013622506521642208,-57.52351379394531,0.16115808486938477,2.471732217978672
256,50,trace_residue_minus_0_5,-0.30227630305597997,0.009471094235777855,-31.174739729175784,20.309904683818615,20.3099046838186,1.4210854715202004e-14,-0.5,-51.484644412994385,-51.484644412994385,0.0,102.96928882598877,41.44267093068369,-131.75891239766298,28.789623571674213,102.9760513305664,41.448341369628906,28.513757705688477,15.03722095489502,102.9760513305664,41.448341369628906,0.0,0.0013435737928375602,-57.52351379394531,0.008400782942771912,0.12884544931595698
256,50,trace_residue_plus_0_5,0.3324166540155008,0.11621096730232239,21.62056867131784,1.9104540879447711,1.9104540879447711,0.0,0.5,19.71011458337307,19.71011458337307,0.0,39.42022916674614,6.104260821579557,-42.83221100162662,3.4119818348804785,39.403602600097656,6.100201606750488,3.409039258956909,2.033449649810791,39.403602600097656,6.100201606750488,0.0,0.010143517516553402,-57.52351379394531,0.14206519722938538,2.1788985971753356
256,50,trace_residue_plus_1_0,0.5079736976702971,0.12339676171541214,38.45769359548849,1.6381854005650922,1.6381854005650922,0.0,1.0,36.8195081949234,36.8195081949234,0.0,36.8195081949234,5.321031711769336,-39.76976192268074,2.9502537277573424,36.80229568481445,5.316680431365967,2.9473378658294678,1.7796591520309448,36.80229568481445,5.316680431365967,0.0,0.022744974121451378,-57.52351379394531,0.1542987823486328,2.3665289385580577
256,51,ordinary_branch,0.11413603735230148,0.06848914921283722,4.564688813946425,4.564688813946425,4.564688813946427,1.7763568394002505e-15,0.0,-1.7763568394002505e-15,0.0,1.7763568394002505e-15,57.49081872403622,12.983449572848595,-65.17351619988997,7.682697475853757,57.44260787963867,12.956266403198242,7.656366348266602,2.919142723083496,57.44260787963867,12.956266403198242,0.0,0.002027804497629404,-57.52351379394531,0.06520046293735504,1.0
256,51,cf_branch,0.11413603257217161,0.06848914176225662,4.564689080991499,4.564689080991499,4.564689080991499,0.0,0.0,0.0,0.0,0.0,57.49082012474537,12.983450206426642,-65.1735180116827,7.6826978869373335,57.44260787963867,12.956266403198242,7.656366348266602,2.919142723083496,57.44260787963867,12.956266403198242,0.0,0.0020278042647987604,-57.52351379394531,0.06520046293735504,1.0
256,51,schatten_filtered_cf_branch,0.17261052597723434,0.16494296491146088,0.7667561065773449,0.7667561065773469,0.7667561065773449,1.9984014443252818e-15,0.0,0.0,0.0,0.0,19.897911239415407,2.3370973913599906,-21.230879400273366,1.332968160857959,19.74427032470703,2.2397375106811523,1.2673497200012207,0.16530156135559082,19.74427032470703,2.2397375106811523,0.0,0.0011394351022318006,-57.52351379394531,0.16115808486938477,2.471732217978672
256,51,trace_residue_minus_0_5,-0.3032349051926187,0.008513341657817364,-31.174824685043603,20.313800275140494,20.313800275140494,0.0,-0.5,-51.4886249601841,-51.4886249601841,0.0,102.9772499203682,41.44876571623978,-131.7717596414597,28.794509721091515,102.99000549316406,41.45756530761719,28.52020835876465,12.679198265075684,102.99000549316406,41.45756530761719,0.0,0.0010533577296882868,-57.52351379394531,0.008400782942771912,0.12884544931595698
256,51,trace_residue_plus_0_5,0.32401908935837365,0.1110018789768219,21.301721038155172,1.8541482778712215,1.8541482778712242,2.6645352591003757e-15,0.5,19.447572760283947,19.447572760283947,0.0,38.895145520567894,5.943258849619211,-42.211926368828905,3.3167808482610113,38.87494659423828,5.934333801269531,3.3104820251464844,1.0294303894042969,38.87494659423828,5.934333801269531,0.0,0.01027720607817173,-57.52351379394531,0.14206519722938538,2.1788985971753356
256,51,trace_residue_plus_1_0,0.4960286243155847,0.11798465251922607,37.80439717963586,1.5800273259009003,1.5800273259008963,3.9968028886505635e-15,1.0,36.22436985373497,36.22436985373497,0.0,36.22436985373497,5.150625307805079,-39.07508058380412,2.850710730069153,36.21089553833008,5.144880294799805,2.8467137813568115,0.8416804075241089,36.21089553833008,5.144880294799805,0.0,0.0227266363799572,-57.52351379394531,0.1542987823486328,2.3665289385580577
256,52,ordinary_branch,0.11686114493660996,0.07110320776700974,4.575793716960021,4.575793716960021,4.575793716960018,3.552713678800501e-15,0.0,3.552713678800501e-15,0.0,3.552713678800501e-15,57.54793985188007,13.009661137802137,-65.24769210332045,7.699752251440373,57.3466911315918,12.914207458496094,7.629579067230225,4.25563907623291,57.3466911315918,12.914207458496094,0.0,0.0020956932567059994,-57.52351379394531,0.06520046293735504,1.0
256,52,cf_branch,0.11686114678737626,0.07110320776700974,4.5757939020366525,4.575793902036651,4.5757939020366525,1.7763568394002505e-15,0.0,0.0,0.0,0.0,57.54794092476368,13.00966159552771,-65.24769346724139,7.699752542477711,57.34669494628906,12.914207458496094,7.629579067230225,4.25563907623291,57.34669494628906,12.914207458496094,0.0,0.0020956930238753557,-57.52351379394531,0.06520046293735504,1.0
256,52,schatten_filtered_cf_branch,0.18046760394948402,0.17272989451885223,0.7737709430631803,0.7737709430631803,0.7737709430631803,0.0,0.0,0.0,0.0,0.0,20.01264325156808,2.358058110524282,-21.357693545981903,1.3450502944138236,19.335376739501953,2.1697709560394287,1.2288492918014526,0.6498631834983826,19.335376739501953,2.1697709560394287,0.0,0.001193353091366589,-57.52351379394531,0.16115808486938477,2.471732217978672
256,52,trace_residue_minus_0_5,-0.30308963002395944,0.008668812923133373,-31.17584429470928,20.31764565618603,20.31764565618603,0.0,-0.5,-51.49348995089531,-51.49348995089531,0.0,102.98697990179062,41.45565016085262,-131.7866766766036,28.799696774812986,102.84651184082031,41.341033935546875,28.424758911132812,15.034690856933594,102.84651184082031,41.341033935546875,0.0,0.001174794975668192,-57.52351379394531,0.008400782942771912,0.12884544931595698
256,52,trace_residue_plus_0_5,0.3268371458809973,0.11692117154598236,20.991597433501497,1.8001803578078857,1.8001803578078892,3.552713678800501e-15,0.5,19.191417075693607,19.191417075693607,0.0,38.382834151387215,5.788214814744632,-41.60815205707285,3.2253179056856354,38.24313735961914,5.743724822998047,3.198209285736084,1.8876960277557373,38.24313735961914,5.743724822998047,0.0,0.009750010445713997,-57.52351379394531,0.14206519722938538,2.1788985971753356
256,52,trace_residue_plus_1_0,0.4961024198212652,0.12441995739936829,37.16824624218969,1.5244920728447866,1.5244920728447866,0.0,1.0,35.6437541693449,35.6437541693449,0.0,35.6437541693449,4.987030425693802,-38.399156105803314,2.755401936458412,35.523101806640625,4.951566696166992,2.7342112064361572,1.6363011598587036,35.523101806640625,4.951566696166992,0.0,0.02201373688876629,-57.52351379394531,0.1542987823486328,2.3665289385580577
256,53,ordinary_branch,0.11581977938938166,0.06993387639522552,4.588590299415614,4.588590299415614,4.588590299415618,3.552713678800501e-15,0.0,-3.552713678800501e-15,0.0,3.552713678800501e-15,57.61527308821678,13.040147287500101,-65.33477112070011,7.7194980324833296,57.498172760009766,12.981443405151367,7.672651767730713,3.4859821796417236,57.498172760009766,12.981443405151367,0.0,0.001978367567062378,-57.52351379394531,0.06520046293735504,1.0
256,53,cf_branch,0.11581977469261731,0.06993386894464493,4.588590574797237,4.588590574797237,4.588590574797237,0.0,0.0,0.0,0.0,0.0,57.61527454853058,13.040147943628991,-65.33477300583931,7.719498457308731,57.49817657470703,12.9814453125,7.672652721405029,3.485980749130249,57.49817657470703,12.9814453125,0.0,0.0019783677998930216,-57.52351379394531,0.06520046293735504,1.0
256,53,schatten_filtered_cf_branch,0.1742266484942037,0.1664237082004547,0.7802940293748977,0.780294029374895,0.7802940293748977,2.6645352591003757e-15,0.0,0.0,0.0,0.0,20.123702619224787,2.377865908556527,-21.480085572613195,1.3563829533884082,19.709810256958008,2.2519752979278564,1.2769778966903687,0.7408286929130554,19.709810256958008,2.2519752979278564,0.0,0.0011770179262384772,-57.52351379394531,0.16115808486938477,2.471732217978672
256,53,trace_residue_minus_0_5,-0.3027433916887911,0.009028786793351173,-31.177217848214227,20.32774268874256,20.32774268874256,0.0,-0.5,-51.50496053695679,-51.50496053695679,0.0,103.00992107391357,41.47245417649942,-131.8226929293154,28.81277185540182,102.9356689453125,41.41157150268555,28.48162841796875,13.511947631835938,102.9356689453125,41.41157150268555,0.0,0.0010875603184103966,-57.52351379394531,0.008400782942771912,0.12884544931595698
256,53,trace_residue_plus_0_5,0.32328250712306084,0.1163763552904129,20.690615183264796,1.7485477687426183,1.748547768742624,5.773159728050814e-15,0.5,18.94206741452217,18.94206741452217,0.0,37.88413482904434,5.639208462394444,-41.021749723745884,3.1376148947015423,37.78667449951172,5.607213020324707,3.1178598403930664,1.3326153755187988,37.78667449951172,5.607213020324707,0.0,0.009705969132483006,-57.52351379394531,0.14206519722938538,2.1788985971753356
256,53,trace_residue_plus_1_0,0.4895103556870028,0.1240166425704956,36.54937131165072,1.4714954590658813,1.4714954590658795,1.7763568394002505e-15,1.0,35.07787585258484,35.07787585258484,0.0,35.07787585258484,4.830101748577872,-37.74208933241141,2.6642134798265715,34.994224548339844,4.8050103187561035,2.649078607559204,1.1098214387893677,34.994224548339844,4.8050103187561035,0.0,0.021766535937786102,-57.52351379394531,0.1542987823486328,2.3665289385580577
256,54,ordinary_branch,0.11734555634572211,0.07132086902856827,4.602468731715383,4.602468731715383,4.602468731715383,0.0,0.0,0.0,0.0,0.0,57.68789781630039,13.073133238017256,-65.42878519268655,7.740887376386155,57.75725173950195,13.112913131713867,7.760778427124023,3.903519630432129,57.75725173950195,13.112913131713867,0.0,0.002254966413602233,-57.52351379394531,0.06520046293735504,1.0
256,54,cf_branch,0.11734555152203863,0.07132086157798767,4.602468994405095,4.602468994405093,4.602468994405095,1.7763568394002505e-15,0.0,0.0,0.0,0.0,57.687899217009544,13.073133865257201,-65.42878699908007,7.74088778207053,57.75725555419922,13.1129150390625,7.760778427124023,3.903517723083496,57.75725555419922,13.1129150390625,0.0,0.002254966413602233,-57.52351379394531,0.06520046293735504,1.0
256,54,schatten_filtered_cf_branch,0.17604192306907795,0.16817514598369598,0.786677708538198,0.786677708538198,0.786677708538198,0.0,0.0,0.0,0.0,0.0,20.232234362512827,2.397267823761649,-21.599713730326435,1.3674793678136083,20.322235107421875,2.4988558292388916,1.4362531900405884,0.9317706227302551,20.322235107421875,2.4988558292388916,0.0,0.0012545385397970676,-57.52351379394531,0.16115808486938477,2.471732217978672
256,54,trace_residue_minus_0_5,-0.3022912877675891,0.009486705996096134,-31.177799376368526,20.343366262793538,20.343366262793538,0.0,-0.5,-51.521165639162064,-51.521165639162064,0.0,103.04233127832413,41.496966312733306,-131.87470028399412,28.83236900566999,103.0115737915039,41.4737663269043,28.532930374145508,14.270264625549316,103.0115737915039,41.4737663269043,0.0,0.0013183095725253224,-57.52351379394531,0.008400782942771912,0.12884544931595698
256,54,trace_residue_plus_0_5,0.3241195026622539,0.12013839185237885,20.39811108098751,1.6990983395410098,1.699098339541012,2.220446049250313e-15,0.5,18.699012741446495,18.699012741446495,0.0,37.39802548289299,5.495847968543055,-40.4514530887631,3.0534276058701124,37.42716979980469,5.508479595184326,3.0608267784118652,1.5509517192840576,37.42716979980469,5.508479595184326,0.0,0.009422680363059044,-57.52351379394531,0.14206519722938538,2.1788985971753356
256,54,trace_residue_plus_1_0,0.48766180889150545,0.128192737698555,35.94690711929505,1.4208876801938253,1.4208876801938266,1.3322676295501878e-15,1.0,34.52601943910122,34.52601943910122,0.0,34.52601943910122,4.679478471160281,-37.102931682265194,2.5769122431639744,34.54294967651367,4.686740875244141,2.5810980796813965,1.3083274364471436,34.54294967651367,4.686740875244141,0.0,0.021263010799884796,-57.52351379394531,0.1542987823486328,2.3665289385580577
256,55,ordinary_branch,0.11626653540310151,0.07008738070726395,4.617915469583757,4.617915469583757,4.617915469583751,5.329070518200751e-15,0.0,5.329070518200751e-15,0.0,5.329070518200751e-15,57.7676540017128,13.10963416606402,-65.53227675108761,7.764622749374809,57.928993225097656,13.18588924407959,7.806714057922363,3.4538464546203613,57.928993225097656,13.18588924407959,0.0,0.0024811639450490475,-57.52351379394531,0.06520046293735504,1.0
256,55,cf_branch,0.11626653879239357,0.07008738070726395,4.6179158085129615,4.6179158085129615,4.6179158085129615,0.0,0.0,0.0,0.0,0.0,57.76765578985214,13.109634972389514,-65.53227906171762,7.764623271865474,57.928993225097656,13.18588924407959,7.80671501159668,3.4538469314575195,57.928993225097656,13.18588924407959,0.0,0.002481163712218404,-57.52351379394531,0.06520046293735504,1.0
256,55,schatten_filtered_cf_branch,0.17336037345928135,0.16542688012123108,0.7933493338050266,0.7933493338050255,0.7933493338050266,1.1102230246251565e-15,0.0,0.0,0.0,0.0,20.33981402590871,2.4171297763962163,-21.71876150583916,1.3789474799304529,20.936481475830078,2.545905828475952,1.4516807794570923,0.5179508328437805,20.936481475830078,2.545905828475952,0.0,0.0012595171574503183,-57.52351379394531,0.16115808486938477,2.471732217978672
256,55,trace_residue_minus_0_5,-0.3024975137030495,0.009269466623663902,-31.17669803267134,20.367786552852266,20.367786552852266,0.0,-0.5,-51.544484585523605,-51.544484585523605,0.0,103.08896917104721,41.533365293032055,-131.95115795033558,28.862188779288374,103.2027587890625,41.62577819824219,28.65589141845703,13.50711441040039,103.2027587890625,41.62577819824219,0.0,0.0014396409969776869,-57.52351379394531,0.008400782942771912,0.12884544931595698
256,55,trace_residue_plus_0_5,0.32073944157452555,0.11959804594516754,20.1141395629358,1.6517928377699604,1.6517928377699578,2.6645352591003757e-15,0.5,18.462346725165844,18.462346725165844,0.0,36.92469345033169,5.3580766440872285,-39.897399818190465,2.972706367858777,37.0478401184082,5.3951897621154785,2.994086265563965,1.1969046592712402,37.0478401184082,5.3951897621154785,0.0,0.009386613965034485,-57.52351379394531,0.14206519722938538,2.1788985971753356
256,55,trace_residue_plus_1_0,0.48133888674986597,0.12773244082927704,35.36064459205889,1.3725741264345537,1.3725741264345572,3.552713678800501e-15,1.0,33.98807046562433,33.98807046562433,0.0,33.98807046562433,4.534961462413337,-36.481429944118894,2.493359478494561,34.09513854980469,4.564428329467773,2.510165214538574,0.978248119354248,34.09513854980469,4.564428329467773,0.0,0.021009132266044617,-57.52351379394531,0.1542987823486328,2.3665289385580577
256,56,ordinary_branch,0.11835887321451793,0.07201629877090454,4.634257444361339,4.634257444361339,4.634257444361335,3.552713678800501e-15,0.0,3.552713678800501e-15,0.0,3.552713678800501e-15,57.85131701827049,13.148124835655342,-65.6410098659509,7.7896928476804135,57.85784912109375,13.153324127197266,7.7856035232543945,4.461714267730713,57.85784912109375,13.153324127197266,0.0,0.002227803925052285,-57.52351379394531,0.06520046293735504,1.0
256,56,cf_branch,0.11835887568346276,0.07201629877090454,4.634257691255822,4.634257691255819,4.634257691255822,3.552713678800501e-15,0.0,0.0,0.0,0.0,57.85131838917732,13.148125436047579,-65.6410116217943,7.789693232616983,57.85784912109375,13.153325080871582,7.785604000091553,4.461716651916504,57.85784912109375,13.153325080871582,0.0,0.002227803459390998,-57.52351379394531,0.06520046293735504,1.0
256,56,schatten_filtered_cf_branch,0.1794339640924018,0.1714332550764084,0.8000709015993432,0.8000709015993444,0.8000709015993432,1.1102230246251565e-15,0.0,0.0,0.0,0.0,20.44572474807501,2.4370047421264482,-21.83618529917468,1.3904605510996717,20.627368927001953,2.5430591106414795,1.458791971206665,0.8710757493972778,20.627368927001953,2.5430591106414795,0.0,0.0012725057313218713,-57.52351379394531,0.16115808486938477,2.471732217978672
256,56,trace_residue_minus_0_5,-0.3024148082681247,0.009329286403954029,-31.174409467207873,20.39716180838397,20.397161808383977,7.105427357601002e-15,-0.5,-51.57157127559185,-51.57157127559185,0.0,103.1431425511837,41.5762426742698,-132.04081919043608,28.89767663925238,103.15609741210938,41.58763885498047,28.624534606933594,15.302997589111328,103.15609741210938,41.58763885498047,0.0,0.0011975581292062998,-57.52351379394531,0.008400782942771912,0.12884544931595698
256,56,trace_residue_plus_0_5,0.3228654432036402,0.12448480725288391,19.838063595075628,1.606456865746992,1.6064568657469964,4.440892098500626e-15,0.5,18.231606729328632,18.231606729328632,0.0,36.463213458657265,5.225466202971213,-39.35839094575542,2.8951774870981524,36.468284606933594,5.227875709533691,2.8962199687957764,1.8072408437728882,36.468284606933594,5.227875709533691,0.0,0.008930851705372334,-57.52351379394531,0.14206519722938538,2.1788985971753356
256,56,trace_residue_plus_1_0,0.48097887820285096,0.1330811083316803,34.789776987117065,1.3264068874533343,1.3264068874533326,1.7763568394002505e-15,1.0,33.463370099663734,33.463370099663734,0.0,33.463370099663734,4.396193802364166,-35.87669478366543,2.4133246840016938,33.46849060058594,4.398242473602295,2.414304733276367,1.5354337692260742,33.46849060058594,4.398242473602295,0.0,0.020423755049705505,-57.52351379394531,0.1542987823486328,2.3665289385580577
256,57,ordinary_branch,0.11530263290932773,0.06878073513507843,4.65218977742493,4.65218977742493,4.652189777424928,1.7763568394002505e-15,0.0,1.7763568394002505e-15,0.0,1.7763568394002505e-15,57.9430927336216,13.190357624215757,-65.76029420122043,7.817201467598835,57.92653274536133,13.179882049560547,7.801946640014648,3.2886037826538086,57.92653274536133,13.179882049560547,0.0,0.0022474736906588078,-57.52351379394531,0.06520046293735504,1.0
256,57,cf_branch,0.11530263543590366,0.06878073513507843,4.652190030082522,4.652190030082522,4.652190030082522,0.0,0.0,0.0,0.0,0.0,57.94309410452843,13.190358232221868,-65.76029596389583,7.817201859367401,57.92653274536133,13.17988395690918,7.801947593688965,3.288604259490967,57.92653274536133,13.17988395690918,0.0,0.0022474739234894514,-57.52351379394531,0.06520046293735504,1.0
256,57,schatten_filtered_cf_branch,0.1728336546585163,0.16476905345916748,0.8064601199348824,0.8064601199348829,0.8064601199348824,4.440892098500626e-16,0.0,0.0,0.0,0.0,20.548875968903303,2.4561090555772043,-21.95034605193974,1.4014700830364362,20.322689056396484,2.336881160736084,1.3247699737548828,0.4705314636230469,20.322689056396484,2.336881160736084,0.0,0.0011992172803729773,-57.52351379394531,0.16115808486938477,2.471732217978672
256,57,trace_residue_minus_0_5,-0.30295981024619456,0.008748645894229412,-31.1708456140424,20.43331459048737,20.433314590487363,7.105427357601002e-15,-0.5,-51.60416020452976,-51.60416020452976,0.0,103.20832040905952,41.628318146812674,-132.14938123228754,28.941060823228014,103.20831298828125,41.62708282470703,28.655488967895508,13.23207950592041,103.20831298828125,41.62708282470703,0.0,0.0011301712365821004,-57.52351379394531,0.008400782942771912,0.12884544931595698
256,57,trace_residue_plus_0_5,0.31614835023515275,0.12044750899076462,19.570084124438814,1.5630622577000182,1.5630622577000195,1.3322676295501878e-15,0.5,18.007021866738796,18.007021866738796,0.0,36.01404373347759,5.0980015237801855,-38.83485653864536,2.820812805167769,36.005226135253906,5.094052314758301,2.8179564476013184,1.0298831462860107,36.005226135253906,5.094052314758301,0.0,0.009093054570257664,-57.52351379394531,0.14206519722938538,2.1788985971753356
256,57,trace_residue_plus_1_0,0.4712379744077309,0.12889546155929565,34.23425128484352,1.2823058905659508,1.2823058905659517,8.881784197001252e-16,1.0,32.95194539427757,32.95194539427757,0.0,32.95194539427757,4.263012461421184,-35.28863730886384,2.336691914586268,32.9470329284668,4.260626792907715,2.334986925125122,0.8185611963272095,32.9470329284668,4.260626792907715,0.0,0.02039344236254692,-57.52351379394531,0.1542987823486328,2.3665289385580577
256,58,ordinary_branch,0.11524540789825452,0.06854438781738281,4.67010200808717,4.67010200808717,4.6701020080871665,3.552713678800501e-15,0.0,3.552713678800501e-15,0.0,3.552713678800501e-15,58.03494630753994,13.232590183161848,-65.87964169450964,7.844695386969704,58.19342803955078,13.31911849975586,7.895777702331543,3.0293211936950684,58.19342803955078,13.31911849975586,0.0,0.002003050409257412,-57.52351379394531,0.06520046293735504,1.0
256,58,cf_branch,0.11524541106199905,0.06854438781738281,4.670102324461624,4.670102324461624,4.670102324461624,0.0,0.0,0.0,0.0,0.0,58.034948006272316,13.232590940997195,-65.8796438826389,7.844695876366586,58.19342803955078,13.319119453430176,7.895778179168701,3.029325246810913,58.19342803955078,13.319119453430176,0.0,0.002003050409257412,-57.52351379394531,0.06520046293735504,1.0
256,58,schatten_filtered_cf_branch,0.1703177574744681,0.16219530999660492,0.8122447477863168,0.8122447477863179,0.8122447477863168,1.1102230246251565e-15,0.0,0.0,0.0,0.0,20.647977225482464,2.473845964882187,-22.059551035273238,1.4115738097907737,21.218894958496094,2.7151541709899902,1.5652073621749878,0.36904090642929077,21.218894958496094,2.7151541709899902,0.0,0.0012126013170927763,-57.52351379394531,0.16115808486938477,2.471732217978672
256,58,trace_residue_minus_0_5,-0.3025921297549889,0.009082159958779812,-31.16742897137687,20.465968950542944,20.46596895054295,7.105427357601002e-15,-0.5,-51.63339792191982,-51.63339792191982,0.0,103.26679584383965,41.6751811255196,-132.24697175396258,28.980175910122938,103.3516845703125,41.746978759765625,28.75539779663086,12.776578903198242,103.3516845703125,41.746978759765625,0.0,0.0011388248531147838,-57.52351379394531,0.008400782942771912,0.12884544931595698
256,58,trace_residue_plus_0_5,0.3144454493257939,0.12135446816682816,19.309098115896575,1.5213722128027598,1.5213722128027594,4.440892098500626e-16,0.5,17.787725903093815,17.787725903093815,0.0,35.57545180618763,4.975051725715606,-38.32467757328068,2.7492257670930513,35.67837905883789,5.0098066329956055,2.7697274684906006,0.8268193006515503,35.67837905883789,5.0098066329956055,0.0,0.008927902206778526,-57.52351379394531,0.14206519722938538,2.1788985971753356
256,58,trace_residue_plus_1_0,0.4669474577040192,0.13001881539821625,33.69286423058029,1.2401048007678597,1.2401048007678606,8.881784197001252e-16,1.0,32.45275942981243,32.45275942981243,0.0,32.45275942981243,4.1349872750418415,-34.71595276744864,2.26319333763621,32.53287124633789,4.159153938293457,2.2771992683410645,0.6325361728668213,32.53287124633789,4.159153938293457,0.0,0.020070357248187065,-57.52351379394531,0.1542987823486328,2.3665289385580577
256,59,ordinary_branch,0.11827901390103243,0.07140009105205536,4.687892284897707,4.687892284897707,4.687892284897707,0.0,0.0,0.0,0.0,0.0,58.12544949352741,13.274379956817937,-65.99739886437479,7.871949370847375,58.07616424560547,13.25244426727295,7.84984016418457,4.525626182556152,58.07616424560547,13.25244426727295,0.0,0.0021322164684534073,-57.52351379394531,0.06520046293735504,1.0
256,59,cf_branch,0.11827901604135813,0.07140009105205536,4.687892498930276,4.687892498930282,4.687892498930276,5.329070518200751e-15,0.0,0.0,0.0,0.0,58.12545056641102,13.274380455945733,-65.99740026389816,7.871949697487139,58.076168060302734,13.25244426727295,7.8498406410217285,4.525626182556152,58.076168060302734,13.25244426727295,0.0,0.002132216701284051,-57.52351379394531,0.06520046293735504,1.0
256,59,schatten_filtered_cf_branch,0.17894831697596686,0.1707654744386673,0.818284253729956,0.8182842537299564,0.818284253729956,4.440892098500626e-16,0.0,0.0,0.0,0.0,20.745845954865217,2.4919337268132007,-22.167833459494666,1.421987504629449,20.59677505493164,2.429126262664795,1.380817174911499,0.9441298246383667,20.59677505493164,2.429126262664795,0.0,0.001157535007223487,-57.52351379394531,0.16115808486938477,2.471732217978672
256,59,trace_residue_minus_0_5,-0.30245303742839347,0.009188374504446983,-31.164141193284046,20.49209286247347,20.492092862473477,7.105427357601002e-15,-0.5,-51.65623405575752,-51.65623405575752,0.0,103.31246811151505,41.7121327049056,-132.32370585230046,29.01123774078542,103.3343505859375,41.730045318603516,28.740158081054688,15.366767883300781,103.3343505859375,41.730045318603516,0.0,0.0010667417664080858,-57.52351379394531,0.008400782942771912,0.12884544931595698
256,59,trace_residue_plus_0_5,0.31866892918675316,0.1281205713748932,19.054835781186,1.4813159999541199,1.4813159999541199,0.0,0.5,17.57351978123188,17.57351978123188,0.0,35.14703956246376,4.856438674190523,-37.82734349340173,2.680303930937967,35.135032653808594,4.853545665740967,2.6783347129821777,1.693342924118042,35.135032653808594,4.853545665740967,0.0,0.00844209548085928,-57.52351379394531,0.14206519722938538,2.1788985971753356
256,59,trace_residue_plus_1_0,0.4690254054334986,0.13737402856349945,33.16513768699991,1.1997109588705257,1.1997109588705266,8.881784197001252e-16,1.0,31.965426728129387,31.965426728129387,0.0,31.965426728129387,4.011893937583821,-34.15811095778342,2.1926842296540343,31.957672119140625,4.010122299194336,2.191500663757324,1.4157767295837402,31.957672119140625,4.010122299194336,0.0,0.01942290924489498,-57.52351379394531,0.1542987823486328,2.3665289385580577
256,60,ordinary_branch,0.11578087280623195,0.06871224194765091,4.706863085858103,4.706863085858103,4.706863085858117,1.4210854715202004e-14,0.0,-1.4210854715202004e-14,0.0,1.4210854715202004e-14,58.22200082242489,13.318953932207267,-66.12301635827114,7.9010155358462555,58.05233383178711,13.238603591918945,7.84022855758667,3.7845609188079834,58.05233383178711,13.238603591918945,0.0,0.0020755105651915073,-57.52351379394531,0.06520046293735504,1.0
256,60,cf_branch,0.1157808755616411,0.06871224194765091,4.706863361399019,4.706863361399016,4.706863361399019,3.552713678800501e-15,0.0,0.0,0.0,0.0,58.22200225293636,13.318954582937913,-66.123018211936,7.901015958999636,58.05233383178711,13.238604545593262,7.840229034423828,3.784564971923828,58.05233383178711,13.238604545593262,0.0,0.0020755105651915073,-57.52351379394531,0.06520046293735504,1.0
256,60,schatten_filtered_cf_branch,0.17460370709388198,0.16636058688163757,0.8243120212244417,0.8243120212244399,0.8243120212244417,1.7763568394002505e-15,0.0,0.0,0.0,0.0,20.84206984564662,2.5098760333836965,-22.27441545055799,1.4323456049113688,20.224700927734375,2.3637378215789795,1.3451026678085327,0.6436836123466492,20.224700927734375,2.3637378215789795,0.0,0.001131825614720583,-57.52351379394531,0.16115808486938477,2.471732217978672
256,60,trace_residue_minus_0_5,-0.3031085882000473,0.008496364578604698,-31.160495277865202,20.5184477452204,20.518447745220392,7.105427357601002e-15,-0.5,-51.678943023085594,-51.678943023085594,0.0,103.35788604617119,41.74909764930668,-132.40032730016694,29.042441253995747,103.3088607788086,41.708953857421875,28.722688674926758,14.119534492492676,103.3088607788086,41.708953857421875,0.0,0.0011244170600548387,-57.52351379394531,0.008400782942771912,0.12884544931595698
256,60,trace_residue_plus_0_5,0.3130307717532641,0.12495271861553192,18.80780531377322,1.4429174652767855,1.4429174652767829,2.6645352591003757e-15,0.5,17.364887848496437,17.364887848496437,0.0,34.729775696992874,4.7422954296795305,-37.343882567355564,2.61410687036269,34.61505889892578,4.709489822387695,2.594613790512085,1.2202290296554565,34.61505889892578,4.709489822387695,0.0,0.008492649532854557,-57.52351379394531,0.14206519722938538,2.1788985971753356
256,60,trace_residue_plus_1_0,0.46057796163008863,0.1340649425983429,32.65130190317457,1.1610775492054763,1.1610775492054746,1.7763568394002505e-15,1.0,31.490224353969097,31.490224353969097,0.0,31.490224353969097,3.893654262250763,-33.61532608184169,2.1251017278725897,31.39441680908203,3.8689820766448975,2.110755205154419,0.9877802133560181,31.39441680908203,3.8689820766448975,0.0,0.01931140199303627,-57.52351379394531,0.1542987823486328,2.3665289385580577
256,61,ordinary_branch,0.11632819499162125,0.06907147169113159,4.725672330048965,4.725672330048965,4.72567233004896,5.329070518200751e-15,0.0,5.329070518200751e-15,0.0,5.329070518200751e-15,58.31891003251076,13.363384354972975,-66.2488233905112,7.929913358000448,58.11654281616211,13.262317657470703,7.8543596267700195,3.875868320465088,58.11654281616211,13.262317657470703,0.0,0.0021652744617313147,-57.52351379394531,0.06520046293735504,1.0
256,61,cf_branch,0.11632819818681871,0.06907147169113159,4.725672649568711,4.725672649568708,4.725672649568711,3.552713678800501e-15,0.0,0.0,0.0,0.0,58.318911761045456,13.363385124171886,-66.2488256146735,7.929913853628051,58.11654281616211,13.262317657470703,7.8543596267700195,3.875868320465088,58.11654281616211,13.262317657470703,0.0,0.0021652744617313147,-57.52351379394531,0.06520046293735504,1.0
256,61,schatten_filtered_cf_branch,0.17404927247410884,0.16575267910957336,0.829659336453547,0.829659336453549,0.829659336453547,1.9984014443252818e-15,0.0,0.0,0.0,0.0,20.93425054475665,2.526340076453665,-22.375955534505,1.4417049897483487,20.05644989013672,2.2860584259033203,1.2960957288742065,0.9906181693077087,20.05644989013672,2.2860584259033203,0.0,0.0011317309690639377,-57.52351379394531,0.16115808486938477,2.471732217978672
256,61,trace_residue_minus_0_5,-0.3028109331557507,0.008772405795753002,-31.15833389515037,20.534862237628758,20.53486223762875,7.105427357601002e-15,-0.5,-51.69319613277912,-51.69319613277912,0.0,103.38639226555824,41.77223086685203,-132.44831587520224,29.061923609643998,103.25782775878906,41.66585159301758,28.686565399169922,14.179571151733398,103.25782775878906,41.66585159301758,0.0,0.0011627443600445986,-57.52351379394531,0.008400782942771912,0.12884544931595698
256,61,trace_residue_plus_0_5,0.31262990436126875,0.1269589513540268,18.567095300724194,1.4059733846983207,1.405973384698318,2.6645352591003757e-15,0.5,17.161121916025877,17.161121916025877,0.0,34.322243832051754,4.632083339671813,-36.87254742072194,2.5503035886701895,34.159263610839844,4.584194183349609,2.5218844413757324,1.25394606590271,34.159263610839844,4.584194183349609,0.0,0.008323365822434425,-57.52351379394531,0.14206519722938538,2.1788985971753356
256,61,trace_residue_plus_1_0,0.45787050376710364,0.13636696338653564,32.1503540380568,1.1240656553477706,1.1240656553477733,2.6645352591003757e-15,1.0,31.026288382709023,31.026288382709026,3.552713678800501e-15,31.026288382709026,3.779904895547277,-33.08650921613793,2.0602208334289003,30.8915958404541,3.744575262069702,2.039707660675049,1.0090057849884033,30.8915958404541,3.744575262069702,0.0,0.01896221749484539,-57.52351379394531,0.1542987823486328,2.3665289385580577
256,62,ordinary_branch,0.12039542782060678,0.07295079529285431,4.7444632527752475,4.7444632527752475,4.744463252775251,3.552713678800501e-15,0.0,-3.552713678800501e-15,0.0,3.552713678800501e-15,58.41604280471802,13.40783928476101,-66.37484894985576,7.958806145137743,58.36661911010742,13.386809349060059,7.937163829803467,5.658821105957031,58.36661911010742,13.386809349060059,0.0,0.0022784096654504538,-57.52351379394531,0.06520046293735504,1.0
256,62,cf_branch,0.12039543026349869,0.07295079529285431,4.744463497064437,4.74446349706443,4.744463497064437,7.105427357601002e-15,0.0,0.0,0.0,0.0,58.41604408621788,13.407839864263611,-66.37485060737112,7.958806521153235,58.36661911010742,13.386809349060059,7.937163829803467,5.658821105957031,58.36661911010742,13.386809349060059,0.0,0.0022784091997891665,-57.52351379394531,0.06520046293735504,1.0
256,62,schatten_filtered_cf_branch,0.1845253364275548,0.17617905139923096,0.8346285028323857,0.8346285028323841,0.8346285028323857,1.5543122344752192e-15,0.0,0.0,0.0,0.0,21.023498587310314,2.541951896361108,-22.47399916956774,1.4505005822574262,20.888154983520508,2.522770643234253,1.441160798072815,1.2317183017730713,20.888154983520508,2.522770643234253,0.0,0.0011615604162216187,-57.52351379394531,0.16115808486938477,2.471732217978672
256,62,trace_residue_minus_0_5,-0.3023813668852309,0.009188346564769745,-31.15697134500006,20.543353890724376,20.54335389072439,1.4210854715202004e-14,-0.5,-51.70032523572445,-51.70032523572445,0.0,103.4006504714489,41.78396246499849,-132.47255241551323,29.071901944064336,103.41577911376953,41.79583740234375,28.793899536132812,17.387081146240234,103.41577911376953,41.79583740234375,0.0,0.001087981858290732,-57.52351379394531,0.008400782942771912,0.12884544931595698
256,62,trace_residue_plus_0_5,0.31911798638390004,0.13579195737838745,18.332602900551258,1.3704443770512924,1.3704443770512933,8.881784197001252e-16,0.5,16.962158523499966,16.962158523499966,0.0,33.92431704699993,4.5257107170485416,-36.41315071397762,2.4888336669776905,33.8990478515625,4.519468307495117,2.484995126724243,2.215664863586426,33.8990478515625,4.519468307495117,0.0,0.007753335405141115,-57.52351379394531,0.14206519722938538,2.1788985971753356
256,62,trace_residue_plus_1_0,0.46259660915701956,0.14597681164741516,31.661979750960437,1.0886057105356173,1.0886057105356133,3.9968028886505635e-15,1.0,30.573374040424824,30.573374040424824,0.0,30.573374040424824,3.6704780629722666,-32.57130703177634,1.9979329913515187,30.55521583557129,3.6664037704467773,1.9954954385757446,1.8750393390655518,30.55521583557129,3.6664037704467773,0.0,0.01824716478586197,-57.52351379394531,0.1542987823486328,2.3665289385580577
256,63,ordinary_branch,0.11476379516772184,0.06711316853761673,4.765062663010511,4.765062663010511,4.765062663010507,3.552713678800501e-15,0.0,3.552713678800501e-15,0.0,3.552713678800501e-15,58.52282623946667,13.45664728448402,-66.51333180854843,7.990505569081762,58.63108825683594,13.50179386138916,8.010218620300293,3.237361431121826,58.63108825683594,13.50179386138916,0.0,0.0021409220062196255,-57.52351379394531,0.06520046293735504,1.0
256,63,cf_branch,0.1147637906718526,0.06711316108703613,4.765062958481646,4.76506295848165,4.765062958481646,3.552713678800501e-15,0.0,0.0,0.0,0.0,58.52282778918743,13.456647987328832,-66.51333381383887,7.990506024651438,58.63108825683594,13.501794815063477,8.01021957397461,3.237363815307617,58.63108825683594,13.501794815063477,0.0,0.002140922239050269,-57.52351379394531,0.06520046293735504,1.0
256,63,schatten_filtered_cf_branch,0.17114782109809729,0.16275238990783691,0.839543119026037,0.8395431190260343,0.839543119026037,2.6645352591003757e-15,0.0,0.0,0.0,0.0,21.111364718526602,2.5573879937355737,-22.57056371792127,1.459198999394669,21.384923934936523,2.581529378890991,1.4675884246826172,0.10976219177246094,21.384923934936523,2.581529378890991,0.0,0.0010448205284774303,-57.52351379394531,0.16115808486938477,2.471732217978672
256,63,trace_residue_minus_0_5,-0.30319317589692424,0.00835710484534502,-31.155028074226927,20.55494421795791,20.554944217957903,7.105427357601002e-15,-0.5,-51.70997229218483,-51.70997229218483,0.0,103.41994458436966,41.7998984989768,-132.50543429121456,29.085489706844896,103.46237182617188,41.833045959472656,28.824047088623047,13.282495498657227,103.46237182617188,41.833045959472656,0.0,0.001199044520035386,-57.52351379394531,0.008400782942771912,0.12884544931595698
256,63,trace_residue_plus_0_5,0.3072856181833696,0.12623491883277893,18.105069935059063,1.3364033025855946,1.3364033025855946,0.0,0.5,16.76866663247347,16.76866663247347,0.0,33.53733326494694,4.423437189638939,-35.96716862251074,2.429835357563803,33.601314544677734,4.438811302185059,2.4382500648498535,0.7828419208526611,33.601314544677734,4.438811302185059,0.0,0.008195471949875355,-57.52351379394531,0.14206519722938538,2.1788985971753356
256,63,trace_residue_plus_1_0,0.4476551151255696,0.13578900694847107,31.18661081770985,1.0546781791242879,1.0546781791242852,2.6645352591003757e-15,1.0,30.131932638585567,30.131932638585567,0.0,30.131932638585567,3.5653624226575316,-32.07015072086023,1.938218082274659,30.185400009155273,3.5771749019622803,1.944701075553894,0.5898708701133728,30.185400009155273,3.5771749019622803,0.0,0.01852395012974739,-57.52351379394531,0.1542987823486328,2.3665289385580577
256,64,ordinary_branch,0.11735233787975702,0.06950822472572327,4.784411315403375,4.784411315403375,4.784411315403373,1.7763568394002505e-15,0.0,1.7763568394002505e-15,0.0,1.7763568394002505e-15,58.624205216765404,13.50270310746248,-66.64455607277807,8.02035085601267,58.57908630371094,13.482728004455566,7.999050140380859,4.408723831176758,58.57908630371094,13.482728004455566,0.0,0.0020836968906223774,-57.52351379394531,0.06520046293735504,1.0
256,64,cf_branch,0.11735233220189802,0.06950821727514267,4.784411492675535,4.784411492675538,4.784411492675535,3.552713678800501e-15,0.0,0.0,0.0,0.0,58.6242061406374,13.502703526423764,-66.64455726896338,8.020351128325984,58.57908630371094,13.482728004455566,7.999050140380859,4.408723831176758,58.57908630371094,13.482728004455566,0.0,0.002083697123453021,-57.52351379394531,0.06520046293735504,1.0
256,64,schatten_filtered_cf_branch,0.17703897204404012,0.1685996651649475,0.843930687909261,0.8439306879092605,0.843930687909261,4.440892098500626e-16,0.0,0.0,0.0,0.0,21.195589646697044,2.5716354114902575,-22.66269990700556,1.467110260308516,21.015544891357422,2.5890328884124756,1.484264612197876,0.7574998140335083,21.015544891357422,2.5890328884124756,0.0,0.0010335054248571396,-57.52351379394531,0.16115808486938477,2.471732217978672
256,64,trace_residue_minus_0_5,-0.3027680980950966,0.008784458041191101,-31.155255613628768,20.552386211451164,20.55238621145115,1.4210854715202004e-14,-0.5,-51.70764182507992,-51.70764182507992,0.0,103.41528365015984,41.7961938702108,-132.49769602288922,29.08241237272938,103.30908203125,41.70977020263672,28.72365379333496,15.20289134979248,103.30908203125,41.70977020263672,0.0,0.001026594894938171,-57.52351379394531,0.008400782942771912,0.12884544931595698
256,64,trace_residue_plus_0_5,0.31109542029712456,0.13226750493049622,17.882791536662836,1.3035526152589512,1.303552615258953,1.7763568394002505e-15,0.5,16.579238921403885,16.579238921403885,0.0,33.15847784280777,4.324411473457256,-35.53128329824803,2.3728054554402576,33.11743927001953,4.314324855804443,2.366809844970703,1.4215927124023438,33.11743927001953,4.314324855804443,0.0,0.0077853151597082615,-57.52351379394531,0.14206519722938538,2.1788985971753356
256,64,trace_residue_plus_1_0,0.44964528329963144,0.1424195021390915,30.72257811605399,1.022114731664118,1.0221147316641148,3.1086244689504383e-15,1.0,29.700463384389877,29.700463384389877,0.0,29.700463384389877,3.464082834644742,-31.581256634744776,1.8807932503548983,29.663726806640625,3.4558615684509277,1.8760432004928589,1.155837059020996,29.663726806640625,3.4558615684509277,0.0,0.017975790426135063,-57.52351379394531,0.1542987823486328,2.3665289385580577
256,65,ordinary_branch,0.11559881395762234,0.06756052374839783,4.80382902092245,4.80382902092245,4.803829020922443,7.105427357601002e-15,0.0,7.105427357601002e-15,0.0,7.105427357601002e-15,58.72634983062744,13.548998476692955,-66.77667721753002,8.05032738690258,58.78134536743164,13.5811767578125,8.06404972076416,3.7049927711486816,58.78134536743164,13.5811767578125,0.0,0.002032162621617317,-57.52351379394531,0.06520046293735504,1.0
256,65,cf_branch,0.11559881606259552,0.06756052374839783,4.803829231419769,4.803829231419769,4.803829231419769,0.0,0.0,0.0,0.0,0.0,58.72635090351105,13.548998970780834,-66.77667861270655,8.0503277091955,58.78134536743164,13.5811767578125,8.064050674438477,3.70499324798584,58.78134536743164,13.5811767578125,0.0,0.002032162854447961,-57.52351379394531,0.06520046293735504,1.0
256,65,schatten_filtered_cf_branch,0.17289661098239695,0.16441212594509125,0.8484485037305713,0.8484485037305731,0.8484485037305713,1.7763568394002505e-15,0.0,0.0,0.0,0.0,21.27866541966796,2.586024305385563,-22.75383394408197,1.4751685244140091,21.447832107543945,2.6998116970062256,1.5487830638885498,0.3666757345199585,21.447832107543945,2.6998116970062256,0.0,0.0010339029831811786,-57.52351379394531,0.16115808486938477,2.471732217978672
256,65,trace_residue_minus_0_5,-0.3030647927281308,0.008498722687363625,-31.15635154154944,20.543491626709255,20.543491626709226,2.842170943040401e-14,-0.5,-51.69984316825867,-51.69984316825867,0.0,103.39968633651733,41.783586523649284,-132.47151115163615,29.071824815118816,103.43623352050781,41.814598083496094,28.81031036376953,13.93350601196289,103.43623352050781,41.814598083496094,0.0,0.0010889808181673288,-57.52351379394531,0.008400782942771912,0.12884544931595698
256,65,trace_residue_plus_0_5,0.3067813437623002,0.13011890649795532,17.666243726434487,1.2719411198518458,1.2719411198518449,8.881784197001252e-16,0.5,16.39430260658264,16.39430260658264,0.0,32.78860521316528,4.2288028653774585,-35.10644037475822,2.3178351615929387,32.81782531738281,4.239261627197266,2.3238964080810547,0.9718923568725586,32.81782531738281,4.239261627197266,0.0,0.007811272982507944,-57.52351379394531,0.14206519722938538,2.1788985971753356
256,65,trace_residue_plus_1_0,0.44291217965861146,0.14021135866641998,30.270082099219145,0.9908899197776933,0.9908899197776926,6.661338147750939e-16,1.0,29.279192179441452,29.279192179441452,0.0,29.279192179441452,3.366597907944228,-31.104816705439845,1.8256245259983928,29.295543670654297,3.372154712677002,1.8288016319274902,0.7539031505584717,29.295543670654297,3.372154712677002,0.0,0.017846573144197464,-57.52351379394531,0.1542987823486328,2.3665289385580577
256,66,ordinary_branch,0.11447130971125177,0.06624716520309448,4.822414450815728,4.822414450815728,4.822414450815732,3.552713678800501e-15,0.0,-3.552713678800501e-15,0.0,3.552713678800501e-15,58.824614360928535,13.593423133036438,-66.90367230782994,8.0790579469014,58.86358642578125,13.607162475585938,8.078166007995605,3.264279842376709,58.86358642578125,13.607162475585938,0.0,0.0018672632286325097,-57.52351379394531,0.06520046293735504,1.0
256,66,cf_branch,0.11447131244154835,0.06624716520309448,4.822414723845386,4.822414723845391,4.822414723845386,5.329070518200751e-15,0.0,0.0,0.0,0.0,58.82461576163769,13.593423775947425,-66.90367412728042,8.079058365642737,58.86358642578125,13.60716438293457,8.078166007995605,3.264279842376709,58.86358642578125,13.60716438293457,0.0,0.0018672632286325097,-57.52351379394531,0.06520046293735504,1.0
256,66,schatten_filtered_cf_branch,0.17012231115518392,0.1615966558456421,0.852565530954184,0.8525655309541857,0.852565530954184,1.7763568394002505e-15,0.0,0.0,0.0,0.0,21.35872297361493,2.5994964557105593,-22.841347559214263,1.482624585599332,21.57248306274414,2.6078433990478516,1.4803297519683838,0.1357947587966919,21.57248306274414,2.6078433990478516,0.0,0.001013140194118023,-57.52351379394531,0.16115808486938477,2.471732217978672
256,66,trace_residue_minus_0_5,-0.30322091406208657,0.008366601541638374,-31.158751560372494,20.52616290934644,20.52616290934644,0.0,-0.5,-51.68491446971893,-51.68491446971893,0.0,103.36982893943787,41.75928525510955,-132.4211386732884,29.05130973385053,103.38223266601562,41.76852035522461,28.77143096923828,13.09958267211914,103.38223266601562,41.76852035522461,0.0,0.001005769008770585,-57.52351379394531,0.008400782942771912,0.12884544931595698
256,66,trace_residue_plus_0_5,0.3035834311313023,0.12903538346290588,17.454804766839644,1.241444587623974,1.241444587623973,8.881784197001252e-16,0.5,16.21336017921567,16.21336017921567,0.0,32.42672035843134,4.136271474119571,-34.69143933414156,2.264718975710224,32.45542526245117,4.141983509063721,2.267582893371582,0.6894011497497559,32.45542526245117,4.141983509063721,0.0,0.007763240486383438,-57.52351379394531,0.14206519722938538,2.1788985971753356
256,66,trace_residue_plus_1_0,0.43743486785570934,0.13915088772773743,29.82839801279719,0.9609119978349945,0.9609119978349934,1.1102230246251565e-15,1.0,28.867486014962196,28.867486014962196,0.0,28.867486014962196,3.272660708542133,-30.640047218762668,1.7725612038004712,28.895999908447266,3.278311252593994,1.7755639553070068,0.49438464641571045,28.895999908447266,3.278311252593994,0.0,0.01766481250524521,-57.52351379394531,0.1542987823486328,2.3665289385580577
256,67,ordinary_branch,0.11752983203588435,0.06913360953330994,4.839622250257442,4.839622250257442,4.839622250257442,0.0,0.0,0.0,0.0,0.0,58.91610096395016,13.63467901737985,-67.02180281195062,8.105701848000464,58.83009719848633,13.590530395507812,8.067254066467285,4.629415988922119,58.83009719848633,13.590530395507812,0.0,0.002104196697473526,-57.52351379394531,0.06520046293735504,1.0
256,67,cf_branch,0.11752982653211175,0.06913360208272934,4.839622444938241,4.839622444938243,4.839622444938241,1.7763568394002505e-15,0.0,0.0,0.0,0.0,58.91610188782215,13.634679461145677,-67.02180402952152,8.105702141699368,58.83009719848633,13.590532302856445,8.067255020141602,4.629416465759277,58.83009719848633,13.590532302856445,0.0,0.002104196697473526,-57.52351379394531,0.06520046293735504,1.0
256,67,schatten_filtered_cf_branch,0.17741584627376866,0.16885310411453247,0.8562742159236199,0.8562742159236194,0.8562742159236199,4.440892098500626e-16,0.0,0.0,0.0,0.0,21.43568930774927,2.612029901613778,-22.925154641439175,1.4894653336899033,21.104896545410156,2.514995574951172,1.428532600402832,0.8328061103820801,21.104896545410156,2.514995574951172,0.0,0.0009904744802042842,-57.52351379394531,0.16115808486938477,2.471732217978672
256,67,trace_residue_minus_0_5,-0.30283105088643475,0.008793928660452366,-31.16249795468871,20.49953500715668,20.499535007156688,7.105427357601002e-15,-0.5,-51.6620329618454,-51.6620329618454,0.0,103.3240659236908,41.721998203455286,-132.34387466990646,29.01980874621566,103.24409484863281,41.655784606933594,28.6788272857666,15.424649238586426,103.24409484863281,41.655784606933594,0.0,0.0011047080624848604,-57.52351379394531,0.008400782942771912,0.12884544931595698
256,67,trace_residue_plus_0_5,0.3084405482383926,0.13595999777317047,17.248055046522214,1.211976977163154,1.2119769771631517,2.220446049250313e-15,0.5,16.036078069359064,16.036078069359064,0.0,32.07215613871813,4.04658285437546,-34.2854709547277,2.2133148160095715,32.0035514831543,4.02729606628418,2.2018661499023438,1.4287395477294922,32.0035514831543,4.02729606628418,0.0,0.007374795153737068,-57.52351379394531,0.14206519722938538,2.1788985971753356
256,67,trace_residue_plus_1_0,0.44069492522063847,0.1467251181602478,29.396980706039066,0.9321071164637758,0.932107116463774,1.7763568394002505e-15,1.0,28.46487358957529,28.46487358957529,0.0,28.46487358957529,3.1820744063240642,-30.186356104010528,1.7214825144352375,28.412860870361328,3.169332265853882,1.7141172885894775,1.1477538347244263,28.412860870361328,3.169332265853882,0.0,0.017124809324741364,-57.52351379394531,0.1542987823486328,2.3665289385580577
256,68,ordinary_branch,0.11626122670588246,0.06769176572561264,4.856946098026981,4.856946098026981,4.856946098026988,7.105427357601002e-15,0.0,-7.105427357601002e-15,0.0,7.105427357601002e-15,59.00847668945789,13.676280271997102,-67.14102532127657,8.132548631818679,58.7353515625,13.539054870605469,8.032161712646484,3.8736343383789062,58.7353515625,13.539054870605469,0.0,0.002002791967242956,-57.52351379394531,0.06520046293735504,1.0
256,68,cf_branch,0.11626122211292644,0.06769175827503204,4.85694638378944,4.856946383789435,4.85694638378944,5.329070518200751e-15,0.0,0.0,0.0,0.0,59.00847814977169,13.67628094481423,-67.14102721989326,8.13254907012157,58.7353515625,13.539054870605469,8.0321626663208,3.8736367225646973,58.7353515625,13.539054870605469,0.0,0.0020027917344123125,-57.52351379394531,0.06520046293735504,1.0
256,68,schatten_filtered_cf_branch,0.1713967515768398,0.1627998650074005,0.8596886569439293,0.8596886569439288,0.8596886569439293,4.440892098500626e-16,0.0,0.0,0.0,0.0,21.510219126939774,2.6238634465884934,-23.006073971033164,1.4958548440933903,20.443130493164062,2.2835729122161865,1.2859195470809937,1.1860630512237549,20.443130493164062,2.2835729122161865,0.0,0.0010400302708148956,-57.52351379394531,0.16115808486938477,2.471732217978672
256,68,trace_residue_minus_0_5,-0.3026845660951471,0.00897652842104435,-31.166109451619143,20.47530121210481,20.475301212104803,7.105427357601002e-15,-0.5,-51.641410663723946,-51.641410663723946,0.0,103.28282132744789,41.68826529599526,-132.27404838889709,28.991227061449194,103.13140869140625,41.563194274902344,28.602426528930664,13.860234260559082,103.13140869140625,41.563194274902344,0.0,0.001070571132004261,-57.52351379394531,0.008400782942771912,0.12884544931595698
256,68,trace_residue_plus_0_5,0.3046163219349846,0.13415071368217468,17.04656082528099,1.1835961243735191,1.1835961243735227,3.552713678800501e-15,0.5,15.862964700907469,15.862964700907469,0.0,31.725929401814938,3.959935839699721,-33.8896596011526,2.163730199337664,31.543745040893555,3.909510374069214,2.134232521057129,1.0100007057189941,31.543745040893555,3.909510374069214,0.0,0.007390313316136599,-57.52351379394531,0.14206519722938538,2.1788985971753356
256,68,trace_residue_plus_1_0,0.4346592310341405,0.14489799737930298,28.97612336548375,0.9044600230674611,0.9044600230674629,1.7763568394002505e-15,1.0,28.071663342416286,28.071663342416286,0.0,28.071663342416286,3.0948231443062397,-29.74403396869708,1.6723706262807951,27.933345794677734,3.0614590644836426,1.6532963514328003,0.7631792426109314,27.933345794677734,3.0614590644836426,0.0,0.01699432171881199,-57.52351379394531,0.1542987823486328,2.3665289385580577
256,69,ordinary_branch,0.11765913444696494,0.06892320513725281,4.873592930971213,4.873592930971213,4.87359293097121,3.552713678800501e-15,0.0,3.552713678800501e-15,0.0,3.552713678800501e-15,59.09660196304321,13.716150320647762,-67.25491444187924,8.158312478836024,59.00590515136719,13.672807693481445,8.120738983154297,4.387596130371094,59.00590515136719,13.672807693481445,0.0,0.0019247118616476655,-57.52351379394531,0.06520046293735504,1.0
256,69,cf_branch,0.11765912954969292,0.06892319768667221,4.87359318630207,4.873593186302074,4.87359318630207,3.552713678800501e-15,0.0,0.0,0.0,0.0,59.0966032743454,13.716150922765488,-67.2549161451071,8.158312870761705,59.00590515136719,13.672807693481445,8.120738983154297,4.387598037719727,59.00590515136719,13.672807693481445,0.0,0.0019247112795710564,-57.52351379394531,0.06520046293735504,1.0
256,69,schatten_filtered_cf_branch,0.1746334194896203,0.1660032868385315,0.8630132651088811,0.8630132651088829,0.8630132651088811,1.7763568394002505e-15,0.0,0.0,0.0,0.0,21.582989919930696,2.635436691447299,-23.08508305058307,1.5020931306523728,21.607112884521484,2.616014003753662,1.486180067062378,0.9209369421005249,21.607112884521484,2.616014003753662,0.0,0.0009864440653473139,-57.52351379394531,0.16115808486938477,2.471732217978672
256,69,trace_residue_minus_0_5,-0.30240723838167766,0.009282072074711323,-31.1689310456389,20.45268558610738,20.452685586107393,1.4210854715202004e-14,-0.5,-51.62161663174629,-51.62161663174629,0.0,103.24323326349258,41.65626232811359,-132.20756575128263,28.964332487790045,103.22061157226562,41.63703918457031,28.66356658935547,14.790924072265625,103.22061157226562,41.63703918457031,0.0,0.0011373558081686497,-57.52351379394531,0.008400782942771912,0.12884544931595698
256,69,trace_residue_plus_0_5,0.3063401944294614,0.1378422975540161,16.84978968754453,1.156214245707222,1.1562142457072184,3.552713678800501e-15,0.5,15.69357544183731,15.69357544183731,0.0,31.38715088367462,3.876076927009894,-33.50296689029032,2.1158160066156952,31.36927604675293,3.870171546936035,2.1120898723602295,1.2218116521835327,31.36927604675293,3.870171546936035,0.0,0.007131748832762241,-57.52351379394531,0.14206519722938538,2.1788985971753356
256,69,trace_residue_plus_1_0,0.43464935238920754,0.14899751543998718,28.565183694922037,0.877898934744902,0.8778989347449024,4.440892098500626e-16,1.0,27.687284760177135,27.687284760177135,0.0,27.687284760177135,3.010708174020694,-29.312390758056445,1.6251059978793094,27.681468963623047,3.0086591243743896,1.6238019466400146,0.9505919218063354,27.681468963623047,3.0086591243743896,0.0,0.016616396605968475,-57.52351379394531,0.1542987823486328,2.3665289385580577
256,70,ordinary_branch,0.11491561577399459,0.06601344794034958,4.890216783364501,4.890216783364501,4.890216783364501,0.0,0.0,0.0,0.0,0.0,59.18368762731552,13.755787509547954,-67.36766916033963,8.18398153302411,59.359920501708984,13.845626831054688,8.235247611999512,3.212022304534912,59.359920501708984,13.845626831054688,0.0,0.0018594791181385517,-57.52351379394531,0.06520046293735504,1.0
256,70,cf_branch,0.11491561050926974,0.06601344048976898,4.8902170019500755,4.890217001950077,4.8902170019500755,1.7763568394002505e-15,0.0,0.0,0.0,0.0,59.18368870019913,13.755788015741675,-67.36767056568152,8.183981865482394,59.359920501708984,13.845626831054688,8.235248565673828,3.2120227813720703,59.359920501708984,13.845626831054688,0.0,0.001859478885307908,-57.52351379394531,0.06520046293735504,1.0
256,70,schatten_filtered_cf_branch,0.1686758743560939,0.1600097119808197,0.8666162375274193,0.8666162375274205,0.8666162375274193,1.1102230246251565e-15,0.0,0.0,0.0,0.0,21.655351120978594,2.6474771707857196,-23.164048493479264,1.50869737250067,22.209678649902344,2.8431520462036133,1.631347894668579,0.21351540088653564,22.209678649902344,2.8431520462036133,0.0,0.0008834191248752177,-57.52351379394531,0.16115808486938477,2.471732217978672
256,70,trace_residue_minus_0_5,-0.3029399497675028,0.008765870705246925,-31.170582047274976,20.437182748147592,20.437182748147578,1.4210854715202004e-14,-0.5,-51.607764795422554,-51.607764795422554,0.0,103.21552959084511,41.63406461016322,-132.1613175779209,28.94578798707579,103.31231689453125,41.71415328979492,28.728038787841797,12.90681266784668,103.31231689453125,41.71415328979492,0.0,0.000984035199508071,-57.52351379394531,0.008400782942771912,0.12884544931595698
256,70,trace_residue_plus_0_5,0.2999548027435184,0.1333758682012558,16.65789345422626,1.129832414480454,1.1298324144804544,4.440892098500626e-16,0.5,15.528061039745808,15.528061039745808,0.0,31.056122079491615,3.795028943044301,-33.12570184563057,2.0695797661389577,31.17795181274414,3.828853130340576,2.0890846252441406,0.5569419860839844,31.17795181274414,3.828853130340576,0.0,0.007266689091920853,-57.52351379394531,0.14206519722938538,2.1788985971753356
256,70,trace_residue_plus_1_0,0.4258752355384036,0.14423415064811707,28.164108489028656,0.8523891906659262,0.8523891906659262,0.0,1.0,27.311719298362732,27.311719298362732,0.0,27.311719298362732,2.929647996778799,-28.891354330081572,1.5796350317188406,27.402185440063477,2.951369047164917,1.5919157266616821,0.3770936131477356,27.402185440063477,2.951369047164917,0.0,0.016615794971585274,-57.52351379394531,0.1542987823486328,2.3665289385580577
256,71,ordinary_branch,0.11725313013235734,0.06820043921470642,4.905269091765092,4.905269091765092,4.905269091765096,3.552713678800501e-15,0.0,-3.552713678800501e-15,0.0,3.552713678800501e-15,59.262573048472404,13.791690550926571,-67.46980171436047,8.207228665888067,59.30551528930664,13.807104110717773,8.207119941711426,4.393494129180908,59.30551528930664,13.807104110717773,0.0,0.0021884653251618147,-57.52351379394531,0.06520046293735504,1.0
256,71,cf_branch,0.11725313338594788,0.06820043921470642,4.9052694171241455,4.905269417124153,4.9052694171241455,7.105427357601002e-15,0.0,0.0,0.0,0.0,59.26257474720478,13.791691324124326,-67.46980391453565,8.207229167330865,59.30551528930664,13.80710506439209,8.207120895385742,4.393494606018066,59.30551528930664,13.80710506439209,0.0,0.002188465092331171,-57.52351379394531,0.06520046293735504,1.0
256,71,schatten_filtered_cf_branch,0.17488074008921128,0.16617907583713531,0.8701664252075962,0.8701664252075965,0.8701664252075962,2.220446049250313e-16,0.0,0.0,0.0,0.0,21.72596399486065,2.6592993145948336,-23.24115594768756,1.5151919528269104,21.61952018737793,2.566368579864502,1.4516010284423828,0.787379264831543,21.61952018737793,2.566368579864502,0.0,0.0009997619781643152,-57.52351379394531,0.16115808486938477,2.471732217978672
256,71,trace_residue_minus_0_5,-0.3027335539744577,0.008990214206278324,-31.1723768180736,20.42011164961974,20.420111649619727,1.4210854715202004e-14,-0.5,-51.59248846769333,-51.59248846769333,0.0,103.18497693538666,41.609591153234675,-132.11033018828573,28.925353252899072,103.20338439941406,41.62371063232422,28.652944564819336,14.90021800994873,103.20338439941406,41.62371063232422,0.0,0.0010887428652495146,-57.52351379394531,0.008400782942771912,0.12884544931595698
256,71,trace_residue_plus_0_5,0.3039286173333552,0.13922809064388275,16.470052668947243,1.1043068823697801,1.1043068823697793,8.881784197001252e-16,0.5,15.365745786577463,15.365745786577463,0.0,30.731491573154926,3.7163811389718067,-32.756270083886726,2.0247785107317995,30.72930335998535,3.713449001312256,2.0227155685424805,1.1709599494934082,30.72930335998535,3.713449001312256,0.0,0.006978599354624748,-57.52351379394531,0.14206519722938538,2.1788985971753356
256,71,trace_residue_plus_1_0,0.42837789742352783,0.15065735578536987,27.772054163815795,0.8278441932819476,0.8278441932819458,1.7763568394002505e-15,1.0,26.944209970533848,26.944209970533848,0.0,26.944209970533848,2.851396770058776,-28.480021708367296,1.5358117378334484,26.943317413330078,2.8498802185058594,1.5347893238067627,0.9088340997695923,26.943317413330078,2.8498802185058594,0.0,0.01616378128528595,-57.52351379394531,0.1542987823486328,2.3665289385580577
256,72,ordinary_branch,0.11600334536533488,0.06680267304182053,4.920067232351435,4.920067232351435,4.920067232351435,0.0,0.0,0.0,0.0,0.0,59.340032666921616,13.826974904666677,-67.57011215001678,8.230079483095167,59.57305908203125,13.940505981445312,8.295854568481445,3.618044853210449,59.57305908203125,13.940505981445312,0.0,0.002102296333760023,-57.52351379394531,0.06520046293735504,1.0
256,72,cf_branch,0.11600334072767503,0.06680266559123993,4.9200675136435095,4.920067513643517,4.9200675136435095,7.105427357601002e-15,0.0,0.0,0.0,0.0,59.34003412723541,13.826975572362624,-67.57011404364638,8.230079916410972,59.573055267333984,13.940505981445312,8.295854568481445,3.618046760559082,59.573055267333984,13.940505981445312,0.0,0.0021022965665906668,-57.52351379394531,0.06520046293735504,1.0
256,72,schatten_filtered_cf_branch,0.17005131511811844,0.16131345927715302,0.8737855840965414,0.8737855840965416,0.8737855840965414,2.220446049250313e-16,0.0,0.0,0.0,0.0,21.795503437519073,2.671167209337127,-23.317258974089846,1.5217555365707724,22.593948364257812,2.8852643966674805,1.6490154266357422,0.37360286712646484,22.593948364257812,2.8852643966674805,0.0,0.0008967326139099896,-57.52351379394531,0.16115808486938477,2.471732217978672
256,72,trace_residue_minus_0_5,-0.3026759035758566,0.00905575230717659,-31.17316558830332,20.410065324382074,20.410065324382074,0.0,-0.5,-51.583230912685394,-51.583230912685394,0.0,103.16646182537079,41.59494158275873,-132.07968596388017,28.913224138509378,103.29442596435547,41.699337005615234,28.71571159362793,13.548243522644043,103.29442596435547,41.699337005615234,0.0,0.0010891803540289402,-57.52351379394531,0.008400782942771912,0.12884544931595698
256,72,trace_residue_plus_0_5,0.300226635703599,0.1373596042394638,16.286703146413515,1.07967495115156,1.079674951151559,8.881784197001252e-16,0.5,15.207028195261955,15.207028195261955,0.0,30.41405639052391,3.6402704483696677,-32.39554048372521,1.9814840932013027,30.568811416625977,3.6794888973236084,2.0038084983825684,0.7178761959075928,30.568811416625977,3.6794888973236084,0.0,0.007002620957791805,-57.52351379394531,0.14206519722938538,2.1788985971753356
256,72,trace_residue_plus_1_0,0.4226392846468757,0.14874710142612457,27.389218322075116,0.8042475572593073,0.8042475572593075,2.220446049250313e-16,1.0,26.584970764815807,26.584970764815807,0.0,26.584970764815807,2.775927824337204,-28.07858491011448,1.4936141452986718,26.701480865478516,2.801476240158081,1.507906436920166,0.5131981372833252,26.701480865478516,2.801476240158081,0.0,0.01605965569615364,-57.52351379394531,0.1542987823486328,2.3665289385580577
256,73,ordinary_branch,0.11498588361957801,0.06564751267433167,4.933837094524634,4.933837094524634,4.933837094524636,1.7763568394002505e-15,0.0,-1.7763568394002505e-15,0.0,1.7763568394002505e-15,59.41153326630592,13.859699769378711,-67.6628401770028,8.251306910696883,59.64979553222656,13.97519302368164,8.318059921264648,3.3191633224487305,59.64979553222656,13.97519302368164,0.0,0.0021713892929255962,-57.52351379394531,0.06520046293735504,1.0
256,73,cf_branch,0.114985886167253,0.06564751267433167,4.9338373492921335,4.9338373492921335,4.9338373492921335,0.0,0.0,0.0,0.0,0.0,59.411534547805786,13.859700365759949,-67.66284184814442,8.251307300338638,59.64979934692383,13.97519302368164,8.318059921264648,3.3191614151000977,59.64979934692383,13.97519302368164,0.0,0.0021713892929255962,-57.52351379394531,0.06520046293735504,1.0
256,73,schatten_filtered_cf_branch,0.16848259860405185,0.15970751643180847,0.8775082172243367,0.8775082172243351,0.8775082172243367,1.5543122344752192e-15,0.0,0.0,0.0,0.0,21.864012882113457,2.6831561010038314,-23.392452294279664,1.5284394121662075,22.848438262939453,2.9563498497009277,1.689788818359375,0.053264617919921875,22.848438262939453,2.9563498497009277,0.0,0.0009071520180441439,-57.52351379394531,0.16115808486938477,2.471732217978672
256,73,trace_residue_minus_0_5,-0.3029809913179316,0.008751414716243744,-31.173240603417533,20.403461186676836,20.403461186676843,7.105427357601002e-15,-0.5,-51.576701790094376,-51.576701790094376,0.0,103.15340358018875,41.5848922091619,-132.05847735997077,28.905073779782015,103.28121948242188,41.68866729736328,28.706958770751953,13.070795059204102,103.28121948242188,41.68866729736328,0.0,0.0010987622663378716,-57.52351379394531,0.008400782942771912,0.12884544931595698
256,73,trace_residue_plus_0_5,0.29740532354053406,0.13633154332637787,16.107378021415617,1.0558618573214034,1.0558618573214056,2.220446049250313e-15,0.5,15.051516164094211,15.05151616409421,1.7763568394002505e-15,30.10303232818842,3.566478099984972,-32.04260097299803,1.9395686448096114,30.251895904541016,3.6031494140625,1.9603244066238403,0.5379968285560608,30.251895904541016,3.6031494140625,0.0,0.0070032887160778046,-57.52351379394531,0.14206519722938538,2.1788985971753356
256,73,trace_residue_plus_1_0,0.417844670985054,0.14769421517848969,27.015045580656434,0.7815407786678321,0.7815407786678321,0.0,1.0,26.2335048019886,26.2335048019886,0.0,26.2335048019886,2.703075722419854,-27.68644860041837,1.452943798429768,26.346799850463867,2.727229356765747,1.4663993120193481,0.3582015633583069,26.346799850463867,2.727229356765747,0.0,0.01592186838388443,-57.52351379394531,0.1542987823486328,2.3665289385580577
256,74,ordinary_branch,0.11347866364853446,0.0640181228518486,4.946054079668585,4.946054079668585,4.946054079668588,3.552713678800501e-15,0.0,-3.552713678800501e-15,0.0,3.552713678800501e-15,59.475012466311455,13.888745183919923,-67.74515684482154,8.270144378510082,59.44778823852539,13.873235702514648,8.250048637390137,2.7252020835876465,59.44778823852539,13.873235702514648,0.0,0.002234639134258032,-57.52351379394531,0.06520046293735504,1.0
256,74,cf_branch,0.11347866722503136,0.0640181228518486,4.946054437318276,4.946054437318281,4.946054437318276,5.329070518200751e-15,0.0,0.0,0.0,0.0,59.47501428425312,13.888746024464432,-67.74515921084742,8.270144926594298,59.44778823852539,13.873238563537598,8.250048637390137,2.7252020835876465,59.44778823852539,13.873238563537598,0.0,0.002234638901427388,-57.52351379394531,0.06520046293735504,1.0
256,74,schatten_filtered_cf_branch,0.16430860629494629,0.15549656748771667,0.8812038807229623,0.8812038807229623,0.8812038807229623,0.0,0.0,0.0,0.0,0.0,21.930999614298344,2.6949947300119996,-23.466055491024864,1.5350558767265206,21.933998107910156,2.693659782409668,1.5301891565322876,0.26876527070999146,21.933998107910156,2.693659782409668,0.0,0.0009822406573221087,-57.52351379394531,0.16115808486938477,2.471732217978672
256,74,trace_residue_minus_0_5,-0.3031986770801865,0.008534574881196022,-31.17332519613825,20.39661322511114,20.39661322511114,0.0,-0.5,-51.56993842124939,-51.56993842124939,0.0,103.13987684249878,41.57446330112912,-132.03649313862098,28.896616296122204,103.14508056640625,41.57887268066406,28.617366790771484,11.873388290405273,103.14508056640625,41.57887268066406,0.0,0.0011405523400753736,-57.52351379394531,0.008400782942771912,0.12884544931595698
256,74,trace_residue_plus_0_5,0.2933224766513516,0.13400514423847198,15.931733241287958,1.03279702177454,1.0327970217745421,2.220446049250313e-15,0.5,14.898936219513416,14.898936219513416,0.0,29.797872439026833,3.49480948453861,-31.696787337126285,1.8989148980994521,29.777660369873047,3.4888179302215576,1.8952423334121704,0.2523964047431946,29.777660369873047,3.4888179302215576,0.0,0.0070495703257620335,-57.52351379394531,0.14206519722938538,2.1788985971753356
256,74,trace_residue_plus_1_0,0.4117550838117658,0.14526402950286865,26.649105430889712,0.7596705940848469,0.7596705940848456,1.3322676295501878e-15,1.0,25.889434836804867,25.889434836804867,0.0,25.889434836804867,2.6326930617421143,-27.303146798224404,1.413711961419537,25.874698638916016,2.6291685104370117,1.4116456508636475,0.10031402111053467,25.874698638916016,2.6291685104370117,0.0,0.015834636986255646,-57.52351379394531,0.1542987823486328,2.3665289385580577
256,75,ordinary_branch,0.11948324389608955,0.0699242502450943,4.955899365099526,4.955899365099526,4.955899365099526,0.0,0.0,0.0,0.0,0.0,59.52638663351536,13.912211089621772,-67.81173243559039,8.285345802075028,59.59741973876953,13.948036193847656,8.300029754638672,5.345182418823242,59.59741973876953,13.948036193847656,0.0,0.0021263582166284323,-57.52351379394531,0.06520046293735504,1.0
256,75,cf_branch,0.11948324695334599,0.0699242502450943,4.955899670825168,4.955899670825168,4.955899670825168,0.0,0.0,0.0,0.0,0.0,59.52638818323612,13.912211807557338,-67.81173445364674,8.285346270410614,59.59741973876953,13.948036193847656,8.300029754638672,5.345182418823242,59.59741973876953,13.948036193847656,0.0,0.0021263586822897196,-57.52351379394531,0.06520046293735504,1.0
256,75,schatten_filtered_cf_branch,0.17873311460096258,0.1698901504278183,0.8842964173144297,0.8842964173144274,0.8842964173144297,2.220446049250313e-15,0.0,0.0,0.0,0.0,21.994459494948387,2.7055293874462674,-23.535248974410443,1.540789479462056,22.172143936157227,2.752725601196289,1.5691587924957275,1.1807652711868286,22.172143936157227,2.752725601196289,0.0,0.0009972769767045975,-57.52351379394531,0.16115808486938477,2.471732217978672
256,75,trace_residue_minus_0_5,-0.30233033116356095,0.009407654404640198,-31.173798556820117,20.386808548673415,20.38680854867343,1.4210854715202004e-14,-0.5,-51.560607105493546,-51.560607105493546,0.0,103.12121421098709,41.55986248368217,-132.00586084701578,28.88464663602869,103.15447998046875,41.586727142333984,28.623939514160156,16.39590835571289,103.15447998046875,41.586727142333984,0.0,0.0011645002523437142,-57.52351379394531,0.008400782942771912,0.12884544931595698
256,75,trace_residue_plus_0_5,0.30515276638500116,0.14755935966968536,15.75934067153158,1.010408112488408,1.010408112488412,3.9968028886505635e-15,0.5,14.748932559043169,14.748932559043169,0.0,29.497865118086338,3.425056669707809,-31.357265353680656,1.8594002355943182,29.541040420532227,3.4362025260925293,1.8656976222991943,1.5167101621627808,29.541040420532227,3.4362025260925293,0.0,0.00633517000824213,-57.52351379394531,0.14206519722938538,2.1788985971753356
256,75,trace_residue_plus_1_0,0.42293922848487114,0.16003023087978363,26.29089976050875,0.7385843391062998,0.7385843391062981,1.7763568394002505e-15,1.0,25.552315421402454,25.552315421402454,0.0,25.552315421402454,2.564630530101457,-26.928145304460394,1.3758298830579392,25.584131240844727,2.5714802742004395,1.379625678062439,1.1981546878814697,25.584131240844727,2.5714802742004395,0.0,0.01504147332161665,-57.52351379394531,0.1542987823486328,2.3665289385580577
256,76,ordinary_branch,0.11954424153591497,0.0698750913143158,4.966915022159917,4.966915022159917,4.966915022159917,0.0,0.0,0.0,0.0,0.0,59.58299221098423,13.938310656170358,-67.88529550036334,8.302303289379111,59.566680908203125,13.930078506469727,8.287368774414062,5.461992263793945,59.566680908203125,13.930078506469727,0.0,0.0021576168946921825,-57.52351379394531,0.06520046293735504,1.0
256,76,cf_branch,0.11954423698611205,0.0698750838637352,4.966915312237685,4.966915312237688,4.966915312237685,3.552713678800501e-15,0.0,0.0,0.0,0.0,59.58299367129803,13.938311335550814,-67.88529740444972,8.302303733151689,59.566680908203125,13.93008041381836,8.287368774414062,5.461992263793945,59.566680908203125,13.93008041381836,0.0,0.0021576164290308952,-57.52351379394531,0.06520046293735504,1.0
256,76,schatten_filtered_cf_branch,0.1792553041989096,0.17038001120090485,0.8875292998004736,0.8875292998004731,0.8875292998004736,4.440892098500626e-16,0.0,0.0,0.0,0.0,22.057514376938343,2.716303643179984,-23.604224264637985,1.5467098876996417,22.041748046875,2.7030797004699707,1.535922884941101,1.190744400024414,22.041748046875,2.7030797004699707,0.0,0.0009787690360099077,-57.52351379394531,0.16115808486938477,2.471732217978672
256,76,trace_residue_minus_0_5,-0.3022915488595839,0.009430883452296257,-31.17224323118802,20.393449312795425,20.39344931279544,1.4210854715202004e-14,-0.5,-51.56569254398346,-51.56569254398346,0.0,103.13138508796692,41.56856932925532,-132.02363677515544,28.89225168718852,103.10565185546875,41.54833221435547,28.593093872070312,16.58852767944336,103.10565185546875,41.54833221435547,0.0,0.0011911846231669188,-57.52351379394531,0.008400782942771912,0.12884544931595698
256,76,trace_residue_plus_0_5,0.3045128665037348,0.14859835803508759,15.591450846864724,0.9888446024794781,0.9888446024794812,3.1086244689504383e-15,0.5,14.602606244385242,14.602606244385242,0.0,29.205212488770485,3.3576982645648625,-31.026504678297293,1.8212921895268082,29.196434020996094,3.3549132347106934,1.8195101022720337,1.553926706314087,29.196434020996094,3.3549132347106934,0.0,0.0062610977329313755,-57.52351379394531,0.14206519722938538,2.1788985971753356
256,76,trace_residue_plus_1_0,0.42066858071401997,0.1612556278705597,25.941295284346026,0.7183115589770459,0.7183115589770477,1.7763568394002505e-15,1.0,25.222983725368977,25.222983725368977,0.0,25.222983725368977,2.499002013722164,-26.56233960643987,1.3393558810708939,25.21833038330078,2.4978160858154297,1.3386262655258179,1.2241313457489014,25.21833038330078,2.4978160858154297,0.0,0.014845813624560833,-57.52351379394531,0.1542987823486328,2.3665289385580577
256,77,ordinary_branch,0.1145207701637409,0.06473147869110107,4.978929147263983,4.978929147263983,4.978929147263978,5.329070518200751e-15,0.0,5.329070518200751e-15,0.0,5.329070518200751e-15,59.64417436718941,13.966652876114436,-67.96493003333856,8.320755666149154,59.68510055541992,13.986261367797852,8.324284553527832,3.2209248542785645,59.68510055541992,13.986261367797852,0.0,0.0019521779613569379,-57.52351379394531,0.06520046293735504,1.0
256,77,cf_branch,0.11452076578726378,0.06473147124052048,4.978929454674329,4.978929454674329,4.978929454674329,0.0,0.0,0.0,0.0,0.0,59.64417591691017,13.966653596709882,-67.96493205356654,8.320756136656371,59.68510437011719,13.986261367797852,8.324285507202148,3.22092342376709,59.68510437011719,13.986261367797852,0.0,0.0019521777285262942,-57.52351379394531,0.06520046293735504,1.0
256,77,schatten_filtered_cf_branch,0.16698601720027836,0.15807287395000458,0.8913143250273778,0.891314325027377,0.8913143250273778,8.881784197001252e-16,0.0,0.0,0.0,0.0,22.121382471174,2.7280953180897027,-23.67476611075258,1.553383639578577,22.219648361206055,2.751924753189087,1.56511652469635,0.3122785687446594,22.219648361206055,2.751924753189087,0.0,0.0008106845780275762,-57.52351379394531,0.16115808486938477,2.471732217978672
256,77,trace_residue_minus_0_5,-0.30309455702550053,0.008598199114203453,-31.1692756139704,20.412398976736412,20.412398976736426,1.4210854715202004e-14,-0.5,-51.581674590706825,-51.581674590706825,0.0,103.16334918141365,41.594810181991036,-132.07789248485165,28.914543303437995,103.16635131835938,41.596702575683594,28.63228988647461,12.789945602416992,103.16635131835938,41.596702575683594,0.0,0.0009911978850141168,-57.52351379394531,0.008400782942771912,0.12884544931595698
256,77,trace_residue_plus_0_5,0.2929774962912643,0.1386987566947937,15.427873959647059,0.968066139028906,0.9680661390289058,2.220446049250313e-16,0.5,14.459807820618153,14.459807820618153,0.0,28.919615641236305,3.2926208257939873,-30.70413864762456,1.7845230063882553,28.935985565185547,3.2967214584350586,1.7867661714553833,0.43650633096694946,28.935985565185547,3.2967214584350586,0.0,0.006593460217118263,-57.52351379394531,0.14206519722938538,2.1788985971753356
256,77,trace_residue_plus_1_0,0.40654887980761595,0.1505490243434906,25.599985546412537,0.6988121485138645,0.6988121485138636,8.881784197001252e-16,1.0,24.901173397898674,24.901173397898674,0.0,24.901173397898674,2.4356958867965908,-26.205396326643363,1.3042229287446894,24.911846160888672,2.4379332065582275,1.3054322004318237,0.2651657462120056,24.911846160888672,2.4379332065582275,0.0,0.015069296583533287,-57.52351379394531,0.1542987823486328,2.3665289385580577
256,78,ordinary_branch,0.11607435872875811,0.06618533283472061,4.98890258940375,4.98890258940375,4.98890258940375,0.0,0.0,0.0,0.0,0.0,59.695318043231964,13.990255551500656,-68.03141702355887,8.33609898032691,59.73689651489258,14.005744934082031,8.335822105407715,3.745408535003662,59.73689651489258,14.005744934082031,0.0,0.002199874958023429,-57.52351379394531,0.06520046293735504,1.0
256,78,cf_branch,0.11607435455641259,0.06618532538414001,4.988902917227257,4.988902917227257,4.988902917227257,0.0,0.0,0.0,0.0,0.0,59.695319682359695,13.99025631712103,-68.03141916348619,8.336099481126496,59.73689651489258,14.005746841430664,8.335822105407715,3.7454123497009277,59.73689651489258,14.005746841430664,0.0,0.0021998747251927853,-57.52351379394531,0.06520046293735504,1.0
256,78,schatten_filtered_cf_branch,0.16919168340795576,0.16024282574653625,0.8948857661419507,0.894885766141952,0.8948857661419507,1.3322676295501878e-15,0.0,0.0,0.0,0.0,22.183134358376265,2.7393513486567693,-23.742855825693912,1.5597214673176474,22.240371704101562,2.724557876586914,1.5466762781143188,0.7000501751899719,22.240371704101562,2.724557876586914,0.0,0.0011003643739968538,-57.52351379394531,0.16115808486938477,2.471732217978672
256,78,trace_residue_minus_0_5,-0.3026869504153936,0.008986297994852066,-31.167324841024566,20.426440313456368,20.426440313456368,0.0,-0.5,-51.593765154480934,-51.593765154480934,0.0,103.18753030896187,41.61448606029115,-132.1186886919728,28.93115838301094,103.25093078613281,41.66567611694336,28.688953399658203,13.596830368041992,103.25093078613281,41.66567611694336,0.0,0.0012773622293025255,-57.52351379394531,0.008400782942771912,0.12884544931595698
256,78,trace_residue_plus_0_5,0.2953114473373091,0.1426384598016739,15.267298753563518,0.9478824950793943,0.9478824950793929,1.3322676295501878e-15,0.5,14.319416258484125,14.319416258484125,0.0,28.63883251696825,3.229251260187508,-30.3875951166498,1.7487625996815481,28.643695831298828,3.228330135345459,1.747948169708252,0.6823370456695557,28.643695831298828,3.228330135345459,0.0,0.006421383935958147,-57.52351379394531,0.14206519722938538,2.1788985971753356
256,78,trace_residue_plus_1_0,0.4075802279786174,0.15492239594459534,25.265783203402208,0.6799957655460105,0.6799957655460105,0.0,1.0,24.585787437856197,24.585787437856197,0.0,24.585787437856197,2.3744376153125017,-25.8560609818286,1.2702735439724009,24.591690063476562,2.3745803833007812,1.2702394723892212,0.46882563829421997,24.591690063476562,2.3745803833007812,0.0,0.01474808994680643,-57.52351379394531,0.1542987823486328,2.3665289385580577
256,79,ordinary_branch,0.11517880794081634,0.06520046293735504,4.99783450034613,4.99783450034613,4.9978345003461335,3.552713678800501e-15,0.0,-3.552713678800501e-15,0.0,3.552713678800501e-15,59.74062891304493,14.01131300098715,-68.09044317298725,8.34981425994232,59.758140563964844,14.014204025268555,8.34105396270752,3.7591042518615723,59.758140563964844,14.014204025268555,0.0,0.002160831820219755,-57.52351379394531,0.06520046293735504,1.0
256,79,cf_branch,0.11517881120046536,0.06520046293735504,4.997834826311031,4.997834826311028,4.997834826311031,3.552713678800501e-15,0.0,0.0,0.0,0.0,59.74063055217266,14.011313764282326,-68.09044531076007,8.349814758587414,59.758140563964844,14.014204978942871,8.341054916381836,3.7591047286987305,59.758140563964844,14.014204978942871,0.0,0.002160831354558468,-57.52351379394531,0.06520046293735504,1.0
256,79,schatten_filtered_cf_branch,0.17014340095861621,0.16115808486938477,0.8985316089231454,0.8985316089231468,0.8985316089231454,1.3322676295501878e-15,0.0,0.0,0.0,0.0,22.244184013456106,2.7507333465740036,-23.8103439281047,1.566159914648594,22.022537231445312,2.6609458923339844,1.5079303979873657,0.40726834535598755,22.022537231445312,2.6609458923339844,0.0,0.0008999060373753309,-57.52351379394531,0.16115808486938477,2.471732217978672
256,79,trace_residue_minus_0_5,-0.303253439631014,0.008400782942771912,-31.165422257378587,20.440812591120704,20.44081259112071,7.105427357601002e-15,-0.5,-51.6062348484993,-51.6062348484993,0.0,103.2124696969986,41.63472254304959,-132.16067705112488,28.948207354126282,103.19053649902344,41.615928649902344,28.647876739501953,13.764936447143555,103.19053649902344,41.615928649902344,0.0,0.0012436739634722471,-57.52351379394531,0.008400782942771912,0.12884544931595698
256,79,trace_residue_plus_0_5,0.29316512218980495,0.14206519722938538,15.109992496041954,0.9283219010815031,0.928321901081504,8.881784197001252e-16,0.5,14.181670594960451,14.181670594960451,0.0,28.363341189920902,3.167684783309694,-30.077404088015754,1.714062898094852,28.334938049316406,3.159125328063965,1.7089437246322632,0.6618420481681824,28.334938049316406,3.159125328063965,0.0,0.006370064802467823,-57.52351379394531,0.14206519722938538,2.1788985971753356
256,79,trace_residue_plus_1_0,0.4036863692073721,0.1542987823486328,24.93875868587393,0.6618503031005307,0.6618503031005307,0.0,1.0,24.2769083827734,24.2769083827734,0.0,24.2769083827734,2.315201702379111,-25.514398189413637,1.2374898066402373,24.25223731994629,2.309433937072754,1.2341886758804321,0.4625914692878723,24.25223731994629,2.309433937072754,0.0,0.014600676484405994,-57.52351379394531,0.1542987823486328,2.3665289385580577
1024,0,ordinary_branch,0.5478607766238105,0.007338052149862051,54.05227244739484,54.05227244739484,54.05227244739484,0.0,0.0,0.0,0.0,0.0,354.794371008873,123.23857371112445,-435.965744683147,81.17137367427404,354.56072998046875,123.08351135253906,80.61328125,40.24293518066406,354.56072998046875,123.08351135253906,0.0,0.03933129087090492,-284.8963317871094,0.0868632048368454,1.0
1024,0,cf_branch,0.5478607766238105,0.007338052149862051,54.05227244739484,54.05227244739484,54.05227244739484,0.0,0.0,0.0,0.0,0.0,354.794371008873,123.23857371112445,-435.965744683147,81.17137367427404,354.56072998046875,123.08351135253906,80.61328125,40.24293518066406,354.56072998046875,123.08351135253906,0.0,0.03933129087090492,-284.8963317871094,0.0868632048368454,1.0
1024,0,schatten_filtered_cf_branch,0.1709430412590358,0.1668456792831421,0.40973619758937196,0.4097361975893694,0.40973619758937196,2.55351295663786e-15,0.0,0.0,0.0,0.0,20.315627053845674,1.1823051212213724,-21.003141935129886,0.687514881284212,20.281208038330078,1.175353765487671,0.6777142286300659,0.2592710852622986,20.281208038330078,1.175353765487671,0.0,0.0018633778672665358,-284.8963317871094,0.1519014537334442,1.748743372049877
1024,0,trace_residue_minus_0_5,-1.2261110784205544,0.007338052149862051,-123.34491305704165,54.05227244739484,54.05227244739484,0.0,-0.5,-177.3971855044365,-177.3971855044365,0.0,354.794371008873,123.23857371112445,-435.965744683147,81.17137367427404,354.56072998046875,123.08351135253906,80.61328125,40.24293518066406,354.56072998046875,123.08351135253906,0.0,0.011418389156460762,-284.8963317871094,0.003491292241960764,0.04019299366766902
1024,0,trace_residue_plus_0_5,2.3218326316681757,0.007338052149862051,231.44945795183133,54.05227244739484,54.05227244739484,0.0,0.5,177.3971855044365,177.3971855044365,0.0,354.794371008873,123.23857371112445,-435.965744683147,81.17137367427404,354.56072998046875,123.08351135253906,80.61328125,40.24293518066406,354.56072998046875,123.08351135253906,0.0,0.08892160654067993,-284.8963317871094,0.11663421988487244,1.3427344766284612
1024,0,trace_residue_plus_1_0,4.095804486712541,0.007338052149862051,408.8466434562678,54.05227244739484,54.05227244739484,0.0,1.0,354.794371008873,354.794371008873,0.0,354.794371008873,123.23857371112445,-435.965744683147,81.17137367427404,354.56072998046875,123.08351135253906,80.61328125,40.24293518066406,354.56072998046875,123.08351135253906,0.0,0.138602614402771,-284.8963317871094,0.12119480222463608,1.3952375168781246
1024,1,ordinary_branch,0.5222006689154892,0.008622984401881695,51.357768451360755,51.357768451360755,51.3577684513607,5.684341886080802e-14,0.0,5.684341886080802e-14,0.0,5.684341886080802e-14,348.0700497031212,118.61858778473581,-425.71474719054766,77.64469748742647,348.4201965332031,118.86046600341797,77.43404388427734,38.29764938354492,348.4201965332031,118.86046600341797,0.0,0.03730279952287674,-284.8963317871094,0.0868632048368454,1.0
1024,1,cf_branch,0.5222006684508435,0.008622984401881695,51.35776840489618,51.35776840489618,51.35776840489618,0.0,0.0,0.0,0.0,0.0,348.0700495839119,118.6185877037229,-425.71474700998493,77.64469742607304,348.4201965332031,118.8604736328125,77.43404388427734,38.29764938354492,348.4201965332031,118.8604736328125,0.0,0.03730279952287674,-284.8963317871094,0.0868632048368454,1.0
1024,1,schatten_filtered_cf_branch,0.17099734351877227,0.16694656014442444,0.4050783374347824,0.40507833743478194,0.4050783374347824,4.440892098500626e-16,0.0,0.0,0.0,0.0,20.612942433916032,1.1840283703694914,-21.297537108135284,0.6845946742192517,20.86410140991211,1.1649528741836548,0.6659133434295654,0.39880216121673584,20.86410140991211,1.1649528741836548,0.0,0.0017486168071627617,-284.8963317871094,0.1519014537334442,1.748743372049877
1024,1,trace_residue_minus_0_5,-1.2328349166265185,0.006617978680878878,-123.94528953073973,56.629692546143644,56.62969254614359,5.684341886080802e-14,-0.5,-180.57498207688332,-180.57498207688332,0.0,361.14996415376663,127.63972304857859,-445.68914755819003,84.5391834044234,361.44158935546875,127.84469604492188,84.20219421386719,41.67656707763672,361.44158935546875,127.84469604492188,0.0,0.009881109930574894,-284.8963317871094,0.003491292241960764,0.04019299366766902
1024,1,trace_residue_plus_0_5,2.262550728759621,0.008622987195849419,225.3927741563772,51.35776012305968,51.35776012305962,5.684341886080802e-14,0.5,174.03501403331757,174.03501403331757,0.0,348.07002806663513,118.61857320014981,-425.71471453643187,77.64468646979674,348.4201965332031,118.86046600341797,77.43403625488281,38.297630310058594,348.4201965332031,118.86046600341797,0.0,0.08649171888828278,-284.8963317871094,0.11663421988487244,1.3427344766284612
1024,1,trace_residue_plus_1_0,4.002900700219623,0.008622989058494568,399.42777111611287,51.35775541744147,51.35775541744151,4.263256414560601e-14,1.0,348.07001569867134,348.07001569867134,0.0,348.07001569867134,118.61856490613462,-425.71469592253743,77.64468022386609,348.4201965332031,118.8604507446289,77.43402862548828,38.29762649536133,348.4201965332031,118.8604507446289,0.0,0.13576605916023254,-284.8963317871094,0.12119480222463608,1.3952375168781246
1024,2,ordinary_branch,0.4973322746810439,0.009404629468917847,48.792764521212604,48.792764521212604,48.79276452121263,2.842170943040401e-14,0.0,-2.842170943040401e-14,0.0,2.842170943040401e-14,341.41430017352104,114.13246908868143,-415.66828047967164,74.2539803061506,341.1144714355469,113.92100524902344,73.74513244628906,33.814842224121094,341.1144714355469,113.92100524902344,0.0,0.03544512763619423,-284.8963317871094,0.0868632048368454,1.0
1024,2,cf_branch,0.497332275478298,0.009404629468917847,48.792764600938014,48.79276460093803,48.792764600938014,1.4210854715202004e-14,0.0,0.0,0.0,0.0,341.414300352335,114.13246921740907,-415.6682807596785,74.25398040734353,341.1144714355469,113.92100524902344,73.74513244628906,33.814842224121094,341.1144714355469,113.92100524902344,0.0,0.03544512763619423,-284.8963317871094,0.0868632048368454,1.0
1024,2,schatten_filtered_cf_branch,0.1674741101379821,0.16346397995948792,0.40101301784942,0.4010130178494187,0.40101301784942,1.3322676295501878e-15,0.0,0.0,0.0,0.0,20.91025839652866,1.1868129395503582,-21.592693811148784,0.682435414620123,20.442405700683594,1.0864790678024292,0.6178869605064392,0.1031777560710907,20.442405700683594,1.0864790678024292,0.0,0.0017218288267031312,-284.8963317871094,0.1519014537334442,1.748743372049877
1024,2,trace_residue_minus_0_5,-1.2389069085591518,0.005469463299959898,-124.43763718591117,59.317548373480804,59.317548373480804,0.0,-0.5,-183.75518555939198,-183.75518555939198,0.0,367.51037111878395,132.13109014015143,-455.5235920697785,88.01322095099454,367.2408447265625,131.93017578125,87.3087387084961,40.37263107299805,367.2408447265625,131.93017578125,0.0,0.008319705724716187,-284.8963317871094,0.003491292241960764,0.04019299366766902
1024,2,trace_residue_plus_0_5,2.204350476404475,0.009405761957168579,219.4944714447306,48.790419175271836,48.790419175271836,0.0,0.5,170.70405226945877,170.70405226945877,0.0,341.40810453891754,114.12832996204611,-415.65897044561916,74.25086590670162,341.1083068847656,113.9168930053711,73.74208068847656,33.81334686279297,341.1083068847656,113.9168930053711,0.0,0.08420324325561523,-284.8963317871094,0.11663421988487244,1.3427344766284612
1024,2,trace_residue_plus_1_0,3.91137028748023,0.009406043216586113,390.1964244263644,48.78983944826069,48.78983944826072,2.842170943040401e-14,1.0,341.40658497810364,341.40658497810364,0.0,341.40658497810364,114.12731118161732,-415.6566827401124,74.25009776200875,341.1068115234375,113.91587829589844,73.74131774902344,33.81298065185547,341.1068115234375,113.91587829589844,0.0,0.13305072486400604,-284.8963317871094,0.12119480222463608,1.3952375168781246
1024,3,ordinary_branch,0.47446320703914524,0.010923218913376331,46.35399881257689,46.35399881257689,46.35399881257686,2.842170943040401e-14,0.0,2.842170943040401e-14,0.0,2.842170943040401e-14,334.83617612719536,109.78343833899626,-405.83479232099785,70.99861619380249,334.72637939453125,109.70329284667969,70.62916564941406,36.163246154785156,334.72637939453125,109.70329284667969,0.0,0.0335615836083889,-284.8963317871094,0.0868632048368454,1.0
1024,3,cf_branch,0.47446320587015495,0.010923217982053757,46.35399878881012,46.35399878881012,46.35399878881012,0.0,0.0,0.0,0.0,0.0,334.8361760675907,109.78343829788099,-405.8347922301185,70.99861616252781,334.72637939453125,109.70329284667969,70.62916564941406,36.163246154785156,334.72637939453125,109.70329284667969,0.0,0.0335615836083889,-284.8963317871094,0.0868632048368454,1.0
1024,3,schatten_filtered_cf_branch,0.1709331254883563,0.16696523129940033,0.39678941889559494,0.3967894188955938,0.39678941889559494,1.1102230246251565e-15,0.0,0.0,0.0,0.0,21.200385042466223,1.1884316932105625,-21.880134591754903,0.6797495492886796,20.863128662109375,1.0501002073287964,0.5815627574920654,0.3778194189071655,20.863128662109375,1.0501002073287964,0.0,0.0015978582669049501,-284.8963317871094,0.1519014537334442,1.748743372049877
1024,3,trace_residue_minus_0_5,-1.243276034077293,0.004959787242114544,-124.82358213194075,62.008055399578154,62.00805539957818,2.842170943040401e-14,-0.5,-186.83163753151894,-186.83163753151894,0.0,373.6632750630379,136.547204002476,-465.12300937154976,91.45973430851188,373.5679931640625,136.47348022460938,90.79598236083984,46.36861801147461,373.5679931640625,136.47348022460938,0.0,0.006774365436285734,-284.8963317871094,0.003491292241960764,0.04019299366766902
1024,3,trace_residue_plus_0_5,2.148457411559297,0.010927598923444748,213.7529812635852,46.3459678323938,46.34596783239377,2.842170943040401e-14,0.5,167.40701343119144,167.40701343119144,0.0,334.8140268623829,109.76895482711876,-405.80186207318036,70.98783521079747,334.7042236328125,109.6888198852539,70.61851501464844,36.15784454345703,334.7042236328125,109.6888198852539,0.0,0.08187957853078842,-284.8963317871094,0.11663421988487244,1.3427344766284612
1024,3,trace_residue_plus_1_0,3.8224553909364154,0.010928679257631302,381.1526711678784,46.34400821688581,46.344008216885825,1.4210854715202004e-14,1.0,334.8086629509926,334.8086629509926,0.0,334.8086629509926,109.76543504544762,-405.79387299584255,70.98521004484996,334.6988525390625,109.68531036376953,70.61592864990234,36.15653610229492,334.6988525390625,109.68531036376953,0.0,0.13028614223003387,-284.8963317871094,0.12119480222463608,1.3952375168781246
1024,4,ordinary_branch,0.45273144390268755,0.012347357347607613,44.03840865550799,44.03840865550799,44.03840865550799,0.0,0.0,0.0,0.0,0.0,328.3454315960407,105.57479241377698,-396.2235319011494,67.87810030510866,328.2413330078125,105.4966812133789,67.54521179199219,35.072120666503906,328.2413330078125,105.4966812133789,0.0,0.03178985044360161,-284.8963317871094,0.0868632048368454,1.0
1024,4,cf_branch,0.4527314436039984,0.012347357347607613,44.03840862563908,44.038408625639136,44.03840862563908,5.684341886080802e-14,0.0,0.0,0.0,0.0,328.3454315364361,105.57479236849058,-396.2235318047941,67.87810026835803,328.2413330078125,105.49667358398438,67.54521179199219,35.07213592529297,328.2413330078125,105.49667358398438,0.0,0.03178985044360161,-284.8963317871094,0.0868632048368454,1.0
1024,4,schatten_filtered_cf_branch,0.17174203992766723,0.16781072318553925,0.3931316742127998,0.3931316742127997,0.3931316742127998,1.1102230246251565e-16,0.0,0.0,0.0,0.0,21.49123759381473,1.19096059318355,-22.169002655705192,0.6777650618904616,21.07672882080078,1.0405772924423218,0.5802440643310547,0.3808431625366211,21.07672882080078,1.0405772924423218,0.0,0.0016359504079446197,-284.8963317871094,0.1519014537334442,1.748743372049877
1024,4,trace_residue_minus_0_5,-1.2466625498961055,0.0043824175372719765,-125.10449674333773,64.67384229992189,64.67384229992189,0.0,-0.5,-189.77833904325962,-189.77833904325962,0.0,379.55667808651924,140.84500473254747,-474.4008106403197,94.84413255380048,379.52117919921875,140.81842041015625,94.15795135498047,48.58797836303711,379.52117919921875,140.81842041015625,0.0,0.005231897346675396,-284.8963317871094,0.003491292241960764,0.04019299366766902
1024,4,trace_residue_plus_0_5,2.094027835972462,0.012358344160020351,208.16694918124415,44.020262791201844,44.020262791201844,0.0,0.5,164.1466863900423,164.1466863900423,0.0,328.2933727800846,105.54142789106524,-396.1468765051279,67.85350372504331,328.1891784667969,105.46326446533203,67.5208511352539,35.05974197387695,328.1891784667969,105.46326446533203,0.0,0.07964853197336197,-284.8963317871094,0.11663421988487244,1.3427344766284612
1024,4,trace_residue_plus_1_0,3.735328896252332,0.01236102357506752,372.2967872677264,44.01588345150327,44.01588345150327,0.0,1.0,328.28090381622314,328.28090381622314,0.0,328.28090381622314,105.53340800036584,-396.1284836324169,67.84757981619373,328.17669677734375,105.4552230834961,67.51498413085938,35.05674743652344,328.17669677734375,105.4552230834961,0.0,0.12759798765182495,-284.8963317871094,0.12119480222463608,1.3952375168781246
1024,5,ordinary_branch,0.43186750101990756,0.01344299502670765,41.84245059931999,41.84245059931999,41.84245059931999,0.0,0.0,0.0,0.0,0.0,321.9508039653301,101.50873734514178,-386.8419480036823,64.8911440383522,322.0262451171875,101.56654357910156,64.69737243652344,29.560340881347656,322.0262451171875,101.56654357910156,0.0,0.03017079085111618,-284.8963317871094,0.0868632048368454,1.0
1024,5,cf_branch,0.43186750218157754,0.013442995958030224,41.84245062235473,41.84245062235473,41.84245062235473,0.0,0.0,0.0,0.0,0.0,321.95080402493477,101.50873738534136,-386.8419480937066,64.89114406877184,322.0262451171875,101.56654357910156,64.69737243652344,29.560340881347656,322.0262451171875,101.56654357910156,0.0,0.03017078898847103,-284.8963317871094,0.0868632048368454,1.0
1024,5,schatten_filtered_cf_branch,0.16693431538988604,0.16303730010986328,0.38970152800227575,0.3897015280022753,0.38970152800227575,4.440892098500626e-16,0.0,0.0,0.0,0.0,21.78152347356081,1.1935678655390822,-22.457477830421446,0.6759543568606361,22.142196655273438,1.3352015018463135,0.7698600888252258,0.02964821457862854,22.142196655273438,1.3352015018463135,0.0,0.0014090274926275015,-284.8963317871094,0.1519014537334442,1.748743372049877
1024,5,trace_residue_minus_0_5,-1.2489446604282666,0.003918792586773634,-125.28634530150403,67.27007672346116,67.27007672346126,9.947598300641403e-14,-0.5,-192.5564220249653,-192.5564220249653,0.0,385.1128440499306,144.95864589360065,-483.2246403715677,98.11179632163714,385.10546875,144.9536895751953,97.38105773925781,45.42694854736328,385.10546875,144.9536895751953,0.0,0.003805892076343298,-284.8963317871094,0.003491292241960764,0.04019299366766902
1024,5,trace_residue_plus_0_5,2.040811013489364,0.01346459612250328,202.7346417366861,41.80903454714999,41.80903454714999,0.0,0.5,160.9256071895361,160.9256071895361,0.0,321.8512143790722,101.44615408086693,-386.6966436090739,64.84542923000168,321.9266662597656,101.50396728515625,64.6521224975586,29.538631439208984,321.9266662597656,101.50396728515625,0.0,0.07755345851182938,-284.8963317871094,0.11663421988487244,1.3427344766284612
1024,5,trace_residue_plus_1_0,3.649756364508345,0.013469811528921127,363.6286552979424,41.801053120083964,41.80105312008399,2.842170943040401e-14,1.0,321.82760217785835,321.82760217785835,0.0,321.82760217785835,101.43126367723205,-386.6621340483821,64.83453187052373,321.903076171875,101.48908233642578,64.6413345336914,29.533466339111328,321.903076171875,101.48908233642578,0.0,0.12503083050251007,-284.8963317871094,0.12119480222463608,1.3952375168781246
1024,6,ordinary_branch,0.41276329220122476,0.015142624266445637,39.76206679347791,39.76206679347791,39.762066793477885,2.842170943040401e-14,0.0,2.842170943040401e-14,0.0,2.842170943040401e-14,315.65963757038116,97.58621352663012,-377.6952264146238,62.035588844242625,315.3547058105469,97.39265441894531,61.683963775634766,30.48289680480957,315.3547058105469,97.39265441894531,0.0,0.0285399928689003,-284.8963317871094,0.0868632048368454,1.0
1024,6,cf_branch,0.41276329411365825,0.015142625197768211,39.762066891589,39.762066891589,39.762066891589,0.0,0.0,0.0,0.0,0.0,315.6596378684044,97.5862137119631,-377.69522684744135,62.03558897903696,315.354736328125,97.39265441894531,61.68396759033203,30.482913970947266,315.354736328125,97.39265441894531,0.0,0.02853999100625515,-284.8963317871094,0.0868632048368454,1.0
1024,6,schatten_filtered_cf_branch,0.16923580767189098,0.16536572575569153,0.3870081916199435,0.3870081916199428,0.3870081916199435,6.661338147750939e-16,0.0,0.0,0.0,0.0,22.075350041501224,1.1976815441694417,-22.750521090905245,0.6751710494040211,21.893253326416016,1.3045083284378052,0.7594093680381775,0.5000870227813721,21.893253326416016,1.3045083284378052,0.0,0.001401232904754579,-284.8963317871094,0.1519014537334442,1.748743372049877
1024,6,trace_residue_minus_0_5,-1.2501376868745946,0.003676980035379529,-125.38146669099741,69.71074272265022,69.71074272265024,1.4210854715202004e-14,-0.5,-195.09220941364765,-195.09220941364765,0.0,390.1844188272953,148.76493641288369,-491.34388185590245,101.15946302860715,390.0921630859375,148.69508361816406,100.31651306152344,49.50756072998047,390.0921630859375,148.69508361816406,0.0,0.0026394419837743044,-284.8963317871094,0.003491292241960764,0.04019299366766902
1024,6,trace_residue_plus_0_5,1.9897206900565154,0.015181677415966988,197.45390126405485,39.70789790449862,39.70789790449865,2.842170943040401e-14,0.5,157.7460033595562,157.7460033595562,0.0,315.4920067191124,97.48293203365097,-377.4528233122264,61.96081659311403,315.1871643066406,97.28952026367188,61.61001968383789,30.44627571105957,315.1871643066406,97.28952026367188,0.0,0.07543034106492996,-284.8963317871094,0.11663421988487244,1.3427344766284612
1024,6,trace_residue_plus_1_0,3.5666681820658845,0.015191023238003254,355.14771588278813,39.69508288932846,39.69508288932846,0.0,1.0,315.4526329934597,315.4526329934597,0.0,315.4526329934597,97.45858889449532,-377.395794085362,61.94316109190231,315.1478576660156,97.26522827148438,61.592594146728516,30.437593460083008,315.1478576660156,97.26522827148438,0.0,0.12242147326469421,-284.8963317871094,0.12119480222463608,1.3952375168781246
1024,7,ordinary_branch,0.3944537780100237,0.01651872508227825,37.79350529277454,37.79350529277454,37.79350529277454,0.0,0.0,0.0,0.0,0.0,309.4800848662853,93.80836914690394,-368.7895963261165,59.309511459831185,309.5991516113281,93.89722442626953,59.192100524902344,28.21371078491211,309.5991516113281,93.89722442626953,0.0,0.027046579867601395,-284.8963317871094,0.0868632048368454,1.0
1024,7,cf_branch,0.3944537786466555,0.01651872508227825,37.79350535643772,37.79350535643772,37.79350535643772,0.0,0.0,0.0,0.0,0.0,309.48008504509926,93.80836926280202,-368.78959659079874,59.30951154569948,309.5991516113281,93.89723205566406,59.192100524902344,28.21371078491211,309.5991516113281,93.89723205566406,0.0,0.027046579867601395,-284.8963317871094,0.0868632048368454,1.0
1024,7,schatten_filtered_cf_branch,0.16785693422581924,0.16400876641273499,0.3848167813084259,0.38481678130842667,0.3848167813084259,7.771561172376096e-16,0.0,0.0,0.0,0.0,22.371190069243312,1.2026996788485715,-23.04623312978262,0.6750430605393092,22.90985870361328,1.3794249296188354,0.7853049039840698,0.12880510091781616,22.90985870361328,1.3794249296188354,0.0,0.001268533756956458,-284.8963317871094,0.1519014537334442,1.748743372049877
1024,7,trace_residue_minus_0_5,-1.2506156331313956,0.0034378438722342253,-125.40534770036297,71.93551411187093,71.93551411187096,2.842170943040401e-14,-0.5,-197.34086181223392,-197.34086181223392,0.0,394.68172362446785,152.18294852091466,-498.59859769875766,103.91687407428981,394.640869140625,152.1508026123047,103.04533386230469,49.814292907714844,394.640869140625,152.1508026123047,0.0,0.002069357316941023,-284.8963317871094,0.003491292241960764,0.04019299366766902
1024,7,trace_residue_plus_0_5,1.9398102674622515,0.01658201403915882,192.32282534230927,37.71264101554135,37.71264101554134,1.4210854715202004e-14,0.5,154.61018432676792,154.61018432676792,0.0,309.22036865353584,93.65148263150904,-368.41728244688977,59.19691379335393,309.33935546875,93.74024963378906,59.080387115478516,28.158906936645508,309.33935546875,93.74024963378906,0.0,0.07342598587274551,-284.8963317871094,0.11663421988487244,1.3427344766284612
1024,7,trace_residue_plus_1_0,3.4851332362458654,0.01659700646996498,346.85362297759,37.69369325504249,37.69369325504249,0.0,1.0,309.15992972254753,309.15992972254753,0.0,309.15992972254753,93.6148511247795,-368.33050792612494,59.170578203577406,309.27886962890625,93.70356750488281,59.05424118041992,28.146093368530273,309.27886962890625,93.70356750488281,0.0,0.11991684138774872,-284.8963317871094,0.12119480222463608,1.3952375168781246
1024,8,ordinary_branch,0.3775610982349008,0.01823543943464756,35.93256588002532,35.93256588002532,35.93256588002532,0.0,0.0,0.0,0.0,0.0,303.418824583292,90.17512951731017,-360.12901283971644,56.71018825642443,303.2918701171875,90.09630584716797,56.48872375488281,28.754615783691406,303.2918701171875,90.09630584716797,0.0,0.02558021806180477,-284.8963317871094,0.0868632048368454,1.0
1024,8,cf_branch,0.3775610979055443,0.01823543943464756,35.93256584708968,35.93256584708968,35.93256584708968,0.0,0.0,0.0,0.0,0.0,303.41882452368736,90.17512946811277,-360.1290127396978,56.710188216010465,303.2918701171875,90.09629821777344,56.48872375488281,28.754600524902344,303.2918701171875,90.09629821777344,0.0,0.02558021806180477,-284.8963317871094,0.0868632048368454,1.0
1024,8,schatten_filtered_cf_branch,0.16948267263595734,0.16565188765525818,0.3830784980699171,0.3830784980699171,0.3830784980699171,0.0,0.0,0.0,0.0,0.0,22.66821543034166,1.2084539181768046,-23.34369655226333,0.6754811219216705,22.532691955566406,1.2223174571990967,0.6892641186714172,0.5178021192550659,22.532691955566406,1.2223174571990967,0.0,0.0012571922270581126,-284.8963317871094,0.1519014537334442,1.748743372049877
1024,8,trace_residue_minus_0_5,-1.250451787439728,0.0033315476030111313,-125.37833350427391,73.8680874007201,73.8680874007201,0.0,-0.5,-199.246420904994,-199.246420904994,0.0,398.492841809988,155.11201393894603,-504.78881976303177,106.29597795304375,398.46917724609375,155.09361267089844,105.38358306884766,53.24501419067383,398.46917724609375,155.09361267089844,0.0,0.002298831706866622,-284.8963317871094,0.003491292241960764,0.04019299366766902
1024,8,trace_residue_plus_0_5,1.89172420947381,0.018333185464143753,187.33910240096662,35.8189646588049,35.81896465880487,2.842170943040401e-14,0.5,151.52013774216175,151.52013774216175,0.0,303.0402754843235,89.95095373635408,-359.59093173009484,56.550656245771336,302.9132080078125,89.8721694946289,56.33052062988281,28.67493438720703,302.9132080078125,89.8721694946289,0.0,0.07143474370241165,-284.8963317871094,0.11663421988487244,1.3427344766284612
1024,8,trace_residue_plus_1_0,3.405811932786315,0.01835612766444683,338.74558051218685,35.79259838452032,35.792598384520346,2.842170943040401e-14,1.0,302.9529821276665,302.9529821276665,0.0,302.9529821276665,89.89909481347287,-359.46667452968757,56.51369240202109,302.825927734375,89.82035827636719,56.29389190673828,28.65646743774414,302.825927734375,89.82035827636719,0.0,0.11741306632757187,-284.8963317871094,0.12119480222463608,1.3952375168781246
1024,9,ordinary_branch,0.3610038923486755,0.01925228349864483,34.175160885003066,34.175160885003066,34.17516088500308,1.4210854715202004e-14,0.0,-1.4210854715202004e-14,0.0,1.4210854715202004e-14,297.48256558179855,86.68620870463941,-351.7174191098202,54.23485352802163,297.45733642578125,86.67084503173828,54.07844543457031,23.69127655029297,297.45733642578125,86.67084503173828,0.0,0.02428465709090233,-284.8963317871094,0.0868632048368454,1.0
1024,9,cf_branch,0.3610038933686694,0.01925228349864483,34.17516098700246,34.17516098700244,34.17516098700246,1.4210854715202004e-14,0.0,0.0,0.0,0.0,297.48256599903107,86.68620892850814,-351.71741967848794,54.234853679456876,297.45733642578125,86.67084503173828,54.07844543457031,23.69127655029297,297.45733642578125,86.67084503173828,0.0,0.02428465709090233,-284.8963317871094,0.0868632048368454,1.0
1024,9,schatten_filtered_cf_branch,0.165137500379056,0.16131722927093506,0.3820271108120943,0.38202711081209273,0.3820271108120943,1.5543122344752192e-15,0.0,0.0,0.0,0.0,22.968898000195622,1.2157043271734405,-23.64581052636293,0.6769125261673068,22.948413848876953,1.2351963520050049,0.6910788416862488,0.037819236516952515,22.948413848876953,1.2351963520050049,0.0,0.0012434576638042927,-284.8963317871094,0.1519014537334442,1.748743372049877
1024,9,trace_residue_minus_0_5,-1.2501378812260666,0.0030871171038597822,-125.32249983299263,75.44879288327203,75.44879288327209,5.684341886080802e-14,-0.5,-200.77129271626472,-200.77129271626472,0.0,401.54258543252945,157.47895985898575,-509.77279184507967,108.23020641255022,401.58074951171875,157.5086669921875,107.31232452392578,49.11569595336914,401.58074951171875,157.5086669921875,0.0,0.002944018691778183,-284.8963317871094,0.003491292241960764,0.04019299366766902
1024,9,trace_residue_plus_0_5,1.8443955891244486,0.019390854984521866,182.50047341399267,34.02268067412453,34.022680674124516,1.4210854715202004e-14,0.5,148.47779273986816,148.47779273986816,0.0,296.9555854797363,86.3802838284782,-350.97452539548027,54.01893991574394,296.93023681640625,86.3648910522461,53.86411666870117,23.58998680114746,296.93023681640625,86.3648910522461,0.0,0.06959773600101471,-284.8963317871094,0.11663421988487244,1.3427344766284612
1024,9,trace_residue_plus_1_0,3.327650815678516,0.019423071295022964,330.8227744383493,33.987625388590374,33.98762538859039,1.4210854715202004e-14,1.0,296.8351490497589,296.8351490497589,0.0,296.8351490497589,86.3101630240662,-350.8045273263477,53.96937827658877,296.809814453125,86.29478454589844,53.814937591552734,23.566709518432617,296.809814453125,86.29478454589844,0.0,0.11505137383937836,-284.8963317871094,0.12119480222463608,1.3952375168781246
1024,10,ordinary_branch,0.3467562210548698,0.021589461714029312,32.51667593408405,32.51667593408405,32.51667593408402,2.842170943040401e-14,0.0,2.842170943040401e-14,0.0,2.842170943040401e-14,291.6758028268814,83.3398269112009,-343.55560141451883,51.879798587637424,291.6437072753906,83.32154846191406,51.738494873046875,28.162872314453125,291.6437072753906,83.32154846191406,0.0,0.02289988473057747,-284.8963317871094,0.0868632048368454,1.0
1024,10,cf_branch,0.34675622161156455,0.021589461714029312,32.51667598975352,32.51667598975354,32.51667598975352,1.4210854715202004e-14,0.0,0.0,0.0,0.0,291.6758030653,83.33982703583258,-343.55560173641857,51.87979867111858,291.6437072753906,83.32154846191406,51.738494873046875,28.162872314453125,291.6437072753906,83.32154846191406,0.0,0.02289988286793232,-284.8963317871094,0.0868632048368454,1.0
1024,10,schatten_filtered_cf_branch,0.17127721554770803,0.16746355593204498,0.381365961566305,0.3813659615663063,0.381365961566305,1.3322676295501878e-15,0.0,0.0,0.0,0.0,23.269959518685937,1.223601520004179,-23.948798166429903,0.6788386477439659,23.234455108642578,1.2050095796585083,0.6632556915283203,0.3951759338378906,23.234455108642578,1.2050095796585083,0.0,0.0011942330747842789,-284.8963317871094,0.1519014537334442,1.748743372049877
1024,10,trace_residue_minus_0_5,-1.24947975664022,0.003111288882791996,-125.25910455230121,76.63074591514226,76.63074591514226,0.0,-0.5,-201.88985046744347,-201.88985046744347,0.0,403.77970093488693,159.23000442693538,-513.4485139883232,109.66881305343622,403.78125,159.23135375976562,108.69456481933594,57.518455505371094,403.78125,159.23135375976562,0.0,0.003579614916816354,-284.8963317871094,0.003491292241960764,0.04019299366766902
1024,10,trace_residue_plus_0_5,1.7998320394678637,0.021790573373436928,177.80414660944268,32.31949982716367,32.31949982716367,0.0,0.5,145.48464678227901,145.48464678227901,0.0,290.96929356455803,82.93778302092146,-342.5676209214356,51.598327356877576,290.937744140625,82.91986846923828,51.45920181274414,28.017244338989258,290.937744140625,82.91986846923828,0.0,0.06765878200531006,-284.8963317871094,0.11663421988487244,1.3427344766284612
1024,10,trace_residue_plus_1_0,3.2526750662831696,0.021836915984749794,323.08381502984196,32.27459122894436,32.27459122894436,0.0,1.0,290.8092238008976,290.8092238008976,0.0,290.8092238008976,82.8464582217442,-342.3435320687666,51.534308267868994,290.77783203125,82.8286361694336,51.395694732666016,27.984132766723633,290.77783203125,82.8286361694336,0.0,0.11257725208997726,-284.8963317871094,0.12119480222463608,1.3952375168781246
1024,11,ordinary_branch,0.33265997911270717,0.02312750183045864,30.953247728224852,30.953247728224852,30.953247728224852,0.0,0.0,0.0,0.0,0.0,286.00503438711166,80.13522986601541,-335.6472039299153,49.64216954280363,286.14031982421875,80.22239685058594,49.59231185913086,25.13642692565918,286.14031982421875,80.22239685058594,0.0,0.021699795499444008,-284.8963317871094,0.0868632048368454,1.0
1024,11,cf_branch,0.332659978978934,0.02312750183045864,30.953247714847535,30.95324771484755,30.953247714847535,1.4210854715202004e-14,0.0,0.0,0.0,0.0,286.005034327507,80.1352298361287,-335.6472038503124,49.642169522805375,286.14031982421875,80.22239685058594,49.59231185913086,25.13642692565918,286.14031982421875,80.22239685058594,0.0,0.021699795499444008,-284.8963317871094,0.0868632048368454,1.0
1024,11,schatten_filtered_cf_branch,0.16890930425667716,0.1651000678539276,0.38092364027495484,0.38092364027495584,0.38092364027495484,9.992007221626409e-16,0.0,0.0,0.0,0.0,23.571008470840752,1.2317123919777895,-24.251996888472668,0.6809884176319159,24.029212951660156,1.382100224494934,0.778656542301178,0.3508360683917999,24.029212951660156,1.382100224494934,0.0,0.001003373647108674,-284.8963317871094,0.1519014537334442,1.748743372049877
1024,11,trace_residue_minus_0_5,-1.2487854911704943,0.0032627403270453215,-125.20482314975396,77.40753796844348,77.40753796844348,0.0,-0.5,-202.61236111819744,-202.61236111819744,0.0,405.2247222363949,160.36968475789985,-515.8344310066656,110.60970877027069,405.2530517578125,160.391845703125,109.62930297851562,55.22132873535156,405.2530517578125,160.391845703125,0.0,0.004114558454602957,-284.8963317871094,0.003491292241960764,0.04019299366766902
1024,11,trace_residue_plus_0_5,1.7558762148967637,0.02339681051671505,173.24794043800486,30.70546628734718,30.705466287347207,2.842170943040401e-14,0.5,142.54247415065765,142.54247415065765,0.0,285.0849483013153,79.6219922532263,-334.37061066671174,49.28566236539643,285.220947265625,79.70936584472656,49.23812484741211,24.958158493041992,285.220947265625,79.70936584472656,0.0,0.06589701026678085,-284.8963317871094,0.11663421988487244,1.3427344766284612
1024,11,trace_residue_plus_1_0,3.1787366775883776,0.023458486422896385,315.52781911654813,30.649558086827824,30.649558086827824,0.0,1.0,284.8782610297203,284.8782610297203,0.0,284.8782610297203,79.50645016547702,-334.0835775351135,49.20531650539317,285.0142822265625,79.59376525878906,49.15822982788086,24.917890548706055,285.0142822265625,79.59376525878906,0.0,0.11027149111032486,-284.8963317871094,0.12119480222463608,1.3952375168781246
1024,12,ordinary_branch,0.3195762130459252,0.02477254904806614,29.480366399785908,29.480366399785908,29.480366399785908,0.0,0.0,0.0,0.0,0.0,280.4737277626991,77.06984489463335,-327.99170605896325,47.51797829626412,280.4456481933594,77.05348205566406,47.40580368041992,24.223974227905273,280.4456481933594,77.05348205566406,0.0,0.020542001351714134,-284.8963317871094,0.0868632048368454,1.0
1024,12,cf_branch,0.3195762114159468,0.02477254718542099,29.48036642305258,29.480366423052573,29.48036642305258,7.105427357601002e-15,0.0,0.0,0.0,0.0,280.4737278819084,77.06984495134884,-327.9917062146756,47.5179783327672,280.44561767578125,77.05348205566406,47.40580368041992,24.223989486694336,280.44561767578125,77.05348205566406,0.0,0.020541999489068985,-284.8963317871094,0.0868632048368454,1.0
1024,12,schatten_filtered_cf_branch,0.1688209893792113,0.1650136411190033,0.38073482602079967,0.3807348260207988,0.38073482602079967,8.881784197001252e-16,0.0,0.0,0.0,0.0,23.871394305489957,1.240102407692799,-24.55480552149527,0.683411216005311,23.799877166748047,1.2171714305877686,0.6684172749519348,0.5134631395339966,23.799877166748047,1.2171714305877686,0.0,0.0010502032237127423,-284.8963317871094,0.1519014537334442,1.748743372049877
1024,12,trace_residue_minus_0_5,-1.2484221006792506,0.0032915971241891384,-125.17136978034398,77.7877451586304,77.7877451586304,0.0,-0.5,-202.95911493897438,-202.95911493897438,0.0,405.91822987794876,160.9213812118505,-516.9859396452127,111.06770976726398,405.87542724609375,160.88778686523438,110.03111267089844,55.61396026611328,405.87542724609375,160.88778686523438,0.0,0.004439295269548893,-284.8963317871094,0.003491292241960764,0.04019299366766902
1024,12,trace_residue_plus_0_5,1.7134174795087946,0.025127721950411797,168.8289757558383,29.176491815713774,29.176491815713774,0.0,0.5,139.6524839401245,139.6524839401245,0.0,279.304967880249,76.43074178864026,-326.3823796179639,47.0774117377149,279.2762451171875,76.4140625,46.96759796142578,24.003360748291016,279.2762451171875,76.4140625,0.0,0.06416468322277069,-284.8963317871094,0.11663421988487244,1.3427344766284612
1024,12,trace_residue_plus_1_0,3.1067398336374867,0.02520839311182499,308.1531440525662,29.108559212030087,29.108559212030087,0.0,1.0,279.0445848405361,279.0445848405361,0.0,279.0445848405361,76.28812638685832,-326.0235993396898,46.979014499153664,279.0157470703125,76.27140045166016,46.86975860595703,23.953968048095703,279.0157470703125,76.27140045166016,0.0,0.10798605531454086,-284.8963317871094,0.12119480222463608,1.3952375168781246
1024,13,ordinary_branch,0.3077608581643918,0.0268241036683321,28.093675449605968,28.093675449605968,28.093675449605954,1.4210854715202004e-14,0.0,1.4210854715202004e-14,0.0,1.4210854715202004e-14,275.0852081477642,74.14094921970748,-320.5884714441151,45.503263296350895,274.8443603515625,74.00697326660156,45.32202911376953,24.655277252197266,274.8443603515625,74.00697326660156,0.0,0.019411882385611534,-284.8963317871094,0.0868632048368454,1.0
1024,13,cf_branch,0.30776085741116893,0.0268241036683321,28.093675374283684,28.09367537428369,28.093675374283684,7.105427357601002e-15,0.0,0.0,0.0,0.0,275.085207849741,74.14094905910939,-320.5884710361091,45.503263186368144,274.8443603515625,74.0069808959961,45.32202911376953,24.655261993408203,274.8443603515625,74.0069808959961,0.0,0.019411880522966385,-284.8963317871094,0.0868632048368454,1.0
1024,13,schatten_filtered_cf_branch,0.17028872890708155,0.16647925972938538,0.3809469177696183,0.3809469177696201,0.3809469177696183,1.7763568394002505e-15,0.0,0.0,0.0,0.0,24.17332061752677,1.2492950595673773,-24.859710639487567,0.686390021960797,23.89913558959961,1.2472131252288818,0.685956597328186,0.8822048306465149,23.89913558959961,1.2472131252288818,0.0,0.0009635449969209731,-284.8963317871094,0.1519014537334442,1.748743372049877
1024,13,trace_residue_minus_0_5,-1.2481277221847953,0.0035077137872576714,-125.16354359720529,77.8078556951445,77.80785569514453,2.842170943040401e-14,-0.5,-202.97139929234982,-202.97139929234982,0.0,405.94279858469963,160.94517475579235,-517.0325121140359,111.08971352933622,406.04730224609375,161.02706909179688,110.14494323730469,57.45581817626953,406.04730224609375,161.02706909179688,0.0,0.004563549067825079,-284.8963317871094,0.003491292241960764,0.04019299366766902
1024,13,trace_residue_plus_0_5,1.6727308398870975,0.027286678552627563,164.544416133447,27.728616047783163,27.728616047783177,1.4210854715202004e-14,0.5,136.8158000856638,136.8158000856638,0.0,273.6316001713276,73.36170918982988,-318.60165093330295,44.97005076197536,273.3919677734375,73.2291030883789,44.792789459228516,24.380739212036133,273.3919677734375,73.2291030883789,0.0,0.0624532476067543,-284.8963317871094,0.11663421988487244,1.3427344766284612
1024,13,trace_residue_plus_1_0,3.0369720867367382,0.027391090989112854,300.9580995747625,27.647750438171556,27.647750438171556,0.0,1.0,273.31034913659096,273.31034913659096,0.0,273.31034913659096,73.1893226975678,-318.16236812802595,44.85201899143499,273.07135009765625,73.05720520019531,44.67578125,24.319610595703125,273.07135009765625,73.05720520019531,0.0,0.10571432113647461,-284.8963317871094,0.12119480222463608,1.3952375168781246
1024,14,ordinary_branch,0.29604590957508636,0.02815578319132328,26.789012638376306,26.789012638376306,26.789012638376292,1.4210854715202004e-14,0.0,1.4210854715202004e-14,0.0,1.4210854715202004e-14,269.84258273243904,71.34570837231533,-313.4367179123963,43.59413517995728,269.5809631347656,71.19248962402344,43.40736770629883,22.9897403717041,269.5809631347656,71.19248962402344,0.0,0.01841186359524727,-284.8963317871094,0.0868632048368454,1.0
1024,14,cf_branch,0.29604590931033103,0.02815578319132328,26.789012611900773,26.789012611900773,26.789012611900773,0.0,0.0,0.0,0.0,0.0,269.84258261322975,71.34570831281931,-313.43671775350526,43.59413514027551,269.58099365234375,71.19248962402344,43.40736770629883,22.98972511291504,269.58099365234375,71.19248962402344,0.0,0.01841186359524727,-284.8963317871094,0.0868632048368454,1.0
1024,14,schatten_filtered_cf_branch,0.16900552800296392,0.1651889979839325,0.38165300190314255,0.38165300190314255,0.38165300190314255,0.0,0.0,0.0,0.0,0.0,24.477337799966335,1.2595469322287052,-25.167419015103015,0.6900812151366793,23.864377975463867,1.1285243034362793,0.6093928813934326,0.7055667638778687,23.864377975463867,1.1285243034362793,0.0,0.0009944429621100426,-284.8963317871094,0.1519014537334442,1.748743372049877
1024,14,trace_residue_minus_0_5,-1.248416766216377,0.0033880260307341814,-125.18047922471112,77.51696905872285,77.5169690587228,5.684341886080802e-14,-0.5,-202.6974482834339,-202.6974482834339,0.0,405.3948965668678,160.51542011608325,-516.1310500178803,110.73615345101246,405.4679260253906,160.57298278808594,109.7803726196289,56.59001541137695,405.4679260253906,160.57298278808594,0.0,0.004469734150916338,-284.8963317871094,0.003491292241960764,0.04019299366766902
1024,14,trace_residue_plus_0_5,1.6326497228827241,0.02873491495847702,160.39148079242472,26.35802800591952,26.358028005919508,1.4210854715202004e-14,0.5,134.03345278650522,134.03345278650522,0.0,268.06690557301044,70.41245031557338,-311.026998019978,42.960092446967565,267.8055725097656,70.26029968261719,42.77748107910156,22.66693878173828,267.8055725097656,70.26029968261719,0.0,0.060857515782117844,-284.8963317871094,0.11663421988487244,1.3427344766284612
1024,14,trace_residue_plus_1_0,2.968273950189661,0.02886442467570305,293.9409525513958,26.263424289257415,26.263424289257443,2.842170943040401e-14,1.0,267.67752826213837,267.67752826213837,0.0,267.67752826213837,70.20774815146916,-310.498502099233,42.82097383709464,267.41680908203125,70.05618286132812,42.63953399658203,22.59598159790039,267.41680908203125,70.05618286132812,0.0,0.10355044156312943,-284.8963317871094,0.12119480222463608,1.3952375168781246
1024,15,ordinary_branch,0.28497033140568934,0.02935035526752472,25.56199761381646,25.56199761381646,25.56199761381646,0.0,0.0,0.0,0.0,0.0,264.74735452234745,68.6803865272681,-306.53356507794774,41.78621055560029,264.74029541015625,68.67863464355469,41.71548080444336,20.88911247253418,264.74029541015625,68.67863464355469,0.0,0.017488611862063408,-284.8963317871094,0.0868632048368454,1.0
1024,15,cf_branch,0.2849703327647001,0.02935035526752472,25.561997749717534,25.561997749717534,25.561997749717534,0.0,0.0,0.0,0.0,0.0,264.7473550885916,68.68038682222395,-306.5335658442841,41.78621075569254,264.74029541015625,68.67864227294922,41.71548080444336,20.88911247253418,264.74029541015625,68.67864227294922,0.0,0.017488611862063408,-284.8963317871094,0.0868632048368454,1.0
1024,15,schatten_filtered_cf_branch,0.16721989837061763,0.16339224576950073,0.38276526011169065,0.38276526011168954,0.38276526011169065,1.1102230246251565e-15,0.0,0.0,0.0,0.0,24.78266333974898,1.2706601128608455,-25.477018432112132,0.6943550923631534,24.816944122314453,1.3017069101333618,0.7156495451927185,0.06162211298942566,24.816944122314453,1.3017069101333618,0.0,0.000977111398242414,-284.8963317871094,0.1519014537334442,1.748743372049877
1024,15,trace_residue_minus_0_5,-1.2489284478526212,0.003243108280003071,-125.21715561326243,76.96951527122758,76.96951527122758,0.0,-0.5,-202.18667088449,-202.18667088449,0.0,404.37334176898,159.71090412239056,-514.4458604529746,110.07251868399453,404.33843994140625,159.68406677246094,109.0650405883789,54.90553665161133,404.33843994140625,159.68406677246094,0.0,0.004214232787489891,-284.8963317871094,0.003491292241960764,0.04019299366766902
1024,15,trace_residue_plus_0_5,1.5937306257694785,0.030060121789574623,156.3670503979904,25.06091742574995,25.060917425749956,7.105427357601002e-15,0.5,131.30613297224045,131.30613297224045,0.0,262.6122659444809,67.58012558528634,-303.6561551493252,41.04388920484428,262.60467529296875,67.5781021118164,40.976375579833984,20.518827438354492,262.60467529296875,67.5781021118164,0.0,0.05932838097214699,-284.8963317871094,0.11663421988487244,1.3427344766284612
1024,15,trace_residue_plus_1_0,2.9012128276311935,0.03021741285920143,287.0995414771992,24.951920083995418,24.951920083995432,1.4210854715202004e-14,1.0,262.14762139320374,262.14762139320374,0.0,262.14762139320374,67.34082493568452,-303.03005456456367,40.882433171359935,262.13995361328125,67.3387222290039,40.815608978271484,20.438627243041992,262.13995361328125,67.3387222290039,0.0,0.1014469638466835,-284.8963317871094,0.12119480222463608,1.3952375168781246
1024,16,ordinary_branch,0.27482781452065663,0.030744461342692375,24.40833531779643,24.40833531779643,24.40833531779643,0.0,0.0,0.0,0.0,0.0,259.8002458512783,66.14092064662711,-299.875278762137,40.07503291085868,259.6365661621094,66.05205535888672,39.95177459716797,18.882274627685547,259.6365661621094,66.05205535888672,0.0,0.016605768352746964,-284.8963317871094,0.0868632048368454,1.0
1024,16,cf_branch,0.2748278136282396,0.030744461342692375,24.40833522855472,24.408335228554733,24.40833522855472,1.4210854715202004e-14,0.0,0.0,0.0,0.0,259.80024552345276,66.1409204638971,-299.8752783067441,40.07503278329136,259.6365661621094,66.05204772949219,39.95177459716797,18.882274627685547,259.6365661621094,66.05204772949219,0.0,0.016605768352746964,-284.8963317871094,0.0868632048368454,1.0
1024,16,schatten_filtered_cf_branch,0.16548553623566123,0.16164426505565643,0.3841271180004786,0.38412711800047816,0.3841271180004786,4.440892098500626e-16,0.0,0.0,0.0,0.0,25.08741170167923,1.282196369721973,-25.786363328805802,0.6989516271265721,24.776424407958984,1.201235055923462,0.6457580327987671,0.12559431791305542,24.776424407958984,1.201235055923462,0.0,0.0008553494699299335,-284.8963317871094,0.1519014537334442,1.748743372049877
1024,16,trace_residue_minus_0_5,-1.2493659910772217,0.0033001822885125875,-125.26661733657343,76.2235697272398,76.22356972723978,2.842170943040401e-14,-0.5,-201.4901870638132,-201.4901870638132,0.0,402.9803741276264,158.61424041725903,-512.1484562882997,109.1680821606733,403.0188903808594,158.64495849609375,108.22856903076172,52.5058708190918,403.0188903808594,158.64495849609375,0.0,0.003844347782433033,-284.8963317871094,0.003491292241960764,0.04019299366766902
1024,16,trace_residue_plus_0_5,1.556282943749625,0.03160364180803299,152.4679301941592,23.833586272021023,23.833586272020995,2.842170943040401e-14,0.5,128.6343439221382,128.6343439221382,0.0,257.2686878442764,64.86171889670133,-296.48647988667085,39.21779204239442,257.1052551269531,64.7738037109375,39.099037170410156,18.465900421142578,257.1052551269531,64.7738037109375,0.0,0.0578397773206234,-284.8963317871094,0.11663421988487244,1.3427344766284612
1024,16,trace_residue_plus_1_0,2.8361080612703975,0.03179280459880829,280.4315256671589,23.709691305605702,23.709691305605688,1.4210854715202004e-14,1.0,256.7218343615532,256.7218343615532,0.0,256.7218343615532,64.5858253350371,-295.7547946902645,39.03296032871128,256.55889892578125,64.49836730957031,38.91535186767578,18.376407623291016,256.55889892578125,64.49836730957031,0.0,0.09938034415245056,-284.8963317871094,0.12119480222463608,1.3952375168781246
1024,17,ordinary_branch,0.2658475624846301,0.032608404755592346,23.323915772903774,23.323915772903774,23.323915772903774,0.0,0.0,0.0,0.0,0.0,255.0014145374298,63.72311910687927,-293.45763169899567,38.45621716156586,255.14224243164062,63.80326461791992,38.45640563964844,18.256179809570312,255.14224243164062,63.80326461791992,0.0,0.015720145776867867,-284.8963317871094,0.0868632048368454,1.0
1024,17,cf_branch,0.2658475629103439,0.032608404755592346,23.323915815475154,23.323915815475146,23.323915815475154,7.105427357601002e-15,0.0,0.0,0.0,0.0,255.00141468644142,63.72311919285869,-293.4576319084942,38.45621722205277,255.14224243164062,63.803260803222656,38.4564094543457,18.256174087524414,255.14224243164062,63.803260803222656,0.0,0.015720143914222717,-284.8963317871094,0.0868632048368454,1.0
1024,17,schatten_filtered_cf_branch,0.16566528628371366,0.16181038320064545,0.38549030830681996,0.38549030830682085,0.38549030830681996,8.881784197001252e-16,0.0,0.0,0.0,0.0,25.388856014236808,1.2934208833351932,-26.092299975765116,0.7034439615283077,25.71750831604004,1.3536646366119385,0.7376970052719116,0.023207366466522217,25.71750831604004,1.3536646366119385,0.0,0.000836879713460803,-284.8963317871094,0.1519014537334442,1.748743372049877
1024,17,trace_residue_minus_0_5,-1.2497118085406869,0.0034985861275345087,-125.32103946682213,75.34632624808546,75.34632624808552,5.684341886080802e-14,-0.5,-200.66736571490765,-200.66736571490765,0.0,401.3347314298153,157.32121351380613,-509.4378074152539,108.10307598543864,401.3777160644531,157.35458374023438,107.19075775146484,52.26713180541992,401.3777160644531,157.35458374023438,0.0,0.003362965304404497,-284.8963317871094,0.003491292241960764,0.04019299366766902
1024,17,trace_residue_plus_0_5,1.5205562795678187,0.03364674374461174,148.6909535823207,22.67249249646477,22.67249249646474,2.842170943040401e-14,0.5,126.01846108585596,126.01846108585596,0.0,252.03692217171192,62.254136875775316,-289.5151417303879,37.47821955867596,252.17633056640625,62.33277893066406,37.481040954589844,17.778560638427734,252.17633056640625,62.33277893066406,0.0,0.056352898478507996,-284.8963317871094,0.11663421988487244,1.3427344766284612
1024,17,trace_residue_plus_1_0,2.773219115243405,0.033874258399009705,273.93448568443955,22.533331851765524,22.533331851765524,0.0,1.0,251.40115383267403,251.40115383267403,0.0,251.40115383267403,61.93993711685515,-288.6703261478981,37.26917231522407,251.53985595703125,62.018001556396484,37.272369384765625,17.676773071289062,251.53985595703125,62.018001556396484,0.0,0.09731314331293106,-284.8963317871094,0.12119480222463608,1.3952375168781246
1024,18,ordinary_branch,0.25820344722399025,0.03515423461794853,22.304921260604175,22.304921260604175,22.30492126060419,1.4210854715202004e-14,0.0,-1.4210854715202004e-14,0.0,1.4210854715202004e-14,250.35106948018074,61.42295926834193,-287.2767025978961,36.925633117715336,250.69126892089844,61.59681701660156,36.99232482910156,19.754867553710938,250.69126892089844,61.59681701660156,0.0,0.0148339057341218,-284.8963317871094,0.0868632048368454,1.0
1024,18,cf_branch,0.2582034484943344,0.03515423461794853,22.304921387638586,22.304921387638558,22.304921387638586,2.842170943040401e-14,0.0,0.0,0.0,0.0,250.35106998682022,61.42295953761642,-287.2767032893022,36.92563330248197,250.69126892089844,61.59681701660156,36.99232864379883,19.75486946105957,250.69126892089844,61.59681701660156,0.0,0.0148339057341218,-284.8963317871094,0.0868632048368454,1.0
1024,18,schatten_filtered_cf_branch,0.16868363718630147,0.16481156647205353,0.3872070714247935,0.38720707142479327,0.3872070714247935,2.220446049250313e-16,0.0,0.0,0.0,0.0,25.69060709979385,1.305394101005084,-26.39905244250899,0.7084453427151374,26.232677459716797,1.3360085487365723,0.7213924527168274,0.41709938645362854,26.232677459716797,1.3360085487365723,0.0,0.000826279167085886,-284.8963317871094,0.1519014537334442,1.748743372049877
1024,18,trace_residue_minus_0_5,-1.2499414710356112,0.0037908856756985188,-125.37323567113097,74.39997458616085,74.39997458616082,2.842170943040401e-14,-0.5,-199.7732102572918,-199.7732102572918,0.0,399.5464205145836,155.92054712763917,-506.4982111763486,106.95179066176502,399.55047607421875,155.92379760742188,106.04256439208984,55.057247161865234,399.55047607421875,155.92379760742188,0.0,0.0028611067682504654,-284.8963317871094,0.003491292241960764,0.04019299366766902
1024,18,trace_residue_plus_0_5,1.4867450359959657,0.03641415387392044,145.03308821220452,21.574273583782258,21.574273583782258,0.0,0.5,123.45881462842226,123.45881462842226,0.0,246.91762925684452,59.75429332798614,-282.7393361340405,35.82170687719599,247.25802612304688,59.92600631713867,35.89051818847656,19.18677520751953,247.25802612304688,59.92600631713867,0.0,0.05486022308468819,-284.8963317871094,0.11663421988487244,1.3427344766284612
1024,18,trace_residue_plus_1_0,2.7127495189910036,0.03668916970491409,267.60603492860895,21.419589543391282,21.419589543391268,1.4210854715202004e-14,1.0,246.18644538521767,246.18644538521767,0.0,246.18644538521767,59.4003185194002,-281.7742165790959,35.58777119387821,246.52566528320312,59.57093811035156,35.65659713745117,19.066274642944336,246.52566528320312,59.57093811035156,0.0,0.09523697197437286,-284.8963317871094,0.12119480222463608,1.3952375168781246
1024,19,ordinary_branch,0.2509447503771043,0.03746600076556206,21.34787496115422,21.34787496115422,21.34787496115421,7.105427357601002e-15,0.0,7.105427357601002e-15,0.0,7.105427357601002e-15,245.8498404622078,59.23676011814619,-281.3293437807115,35.4795033185037,245.73049926757812,59.1766471862793,35.39527893066406,21.210174560546875,245.73049926757812,59.1766471862793,0.0,0.014017048291862011,-284.8963317871094,0.0868632048368454,1.0
1024,19,cf_branch,0.2509447474362012,0.03746599704027176,21.347875039592942,21.347875039592935,21.347875039592942,7.105427357601002e-15,0.0,0.0,0.0,0.0,245.84984079003334,59.23676028855185,-281.3293442240926,35.47950343405927,245.73049926757812,59.1766471862793,35.39527893066406,21.210174560546875,245.73049926757812,59.1766471862793,0.0,0.014017048291862011,-284.8963317871094,0.0868632048368454,1.0
1024,19,schatten_filtered_cf_branch,0.17108685713438182,0.1671920120716095,0.38948450627723097,0.3894845062772312,0.38948450627723097,2.220446049250313e-16,0.0,0.0,0.0,0.0,25.995765277184546,1.3187890247128813,-26.710096039595975,0.7143307624114286,25.80191421508789,1.3029481172561646,0.7063831686973572,1.0792925357818604,25.80191421508789,1.3029481172561646,0.0,0.0008034288766793907,-284.8963317871094,0.1519014537334442,1.748743372049877
1024,19,trace_residue_minus_0_5,-1.2502045062450622,0.003971750847995281,-125.41762570930574,73.44868986414821,73.44868986414816,4.263256414560601e-14,-0.5,-198.8663155734539,-198.8663155734539,0.0,397.7326311469078,154.50545719846156,-503.5242080864815,105.7915769395737,397.75238037109375,154.52066040039062,104.918701171875,57.838623046875,397.75238037109375,154.52066040039062,0.0,0.002343609929084778,-284.8963317871094,0.003491292241960764,0.04019299366766902
1024,19,trace_residue_plus_0_5,1.453888290305735,0.038973353803157806,141.49149365025772,20.535753302753108,20.5357533027531,7.105427357601002e-15,0.5,120.95574034750462,120.95574034750462,0.0,241.91148069500923,57.35915925899273,-276.15641099915103,34.2449303041418,241.79136657714844,57.299560546875,34.1654167175293,20.542104721069336,241.79136657714844,57.299560546875,0.0,0.05343254655599594,-284.8963317871094,0.11663421988487244,1.3427344766284612
1024,19,trace_residue_plus_1_0,2.6537392917198743,0.039300620555877686,261.44386711639964,20.36536598128879,20.365365981288782,7.105427357601002e-15,1.0,241.07850113511086,241.07850113511086,0.0,241.07850113511086,56.9641252811328,-275.0640568459298,33.98555571081897,240.9586944580078,56.904884338378906,33.90718078613281,20.400894165039062,240.9586944580078,56.904884338378906,0.0,0.0932234674692154,-284.8963317871094,0.12119480222463608,1.3952375168781246
1024,20,ordinary_branch,0.24304565804845113,0.038552504032850266,20.449315401560085,20.449315401560085,20.449315401560092,7.105427357601002e-15,0.0,-7.105427357601002e-15,0.0,7.105427357601002e-15,241.49753780663013,57.16051258041918,-275.6114757665946,34.11393795996446,241.79193115234375,57.31517028808594,34.17904281616211,19.060575485229492,241.79193115234375,57.31517028808594,0.0,0.013349788263440132,-284.8963317871094,0.0868632048368454,1.0
1024,20,cf_branch,0.24304565863585353,0.038552504032850266,20.449315460300326,20.449315460300312,20.449315460300326,1.4210854715202004e-14,0.0,0.0,0.0,0.0,241.49753810465336,57.16051271833754,-275.6114761545891,34.11393804993577,241.79193115234375,57.31517028808594,34.17904281616211,19.060575485229492,241.79193115234375,57.31517028808594,0.0,0.013349787332117558,-284.8963317871094,0.0868632048368454,1.0
1024,20,schatten_filtered_cf_branch,0.1691200982357417,0.16519662737846375,0.3923470857277953,0.39234708572779553,0.3923470857277953,2.220446049250313e-16,0.0,0.0,0.0,0.0,26.304845852777362,1.333705727742011,-27.025997346418613,0.7211514936412513,26.963497161865234,1.4680551290512085,0.8010168075561523,0.34365224838256836,26.963497161865234,1.4680551290512085,0.0,0.0007253155345097184,-284.8963317871094,0.1519014537334442,1.748743372049877
1024,20,trace_residue_minus_0_5,-1.2506601304881952,0.003848952939733863,-125.4509083427929,72.54297803859481,72.54297803859481,0.0,-0.5,-197.9938863813877,-197.9938863813877,0.0,395.9877727627754,153.15029851854342,-500.6714960239601,104.6837232611847,396.04632568359375,153.19552612304688,103.8600082397461,55.26925277709961,396.04632568359375,153.19552612304688,0.0,0.0018884417368099093,-284.8963317871094,0.003491292241960764,0.04019299366766902
1024,20,trace_residue_plus_0_5,1.4209196585480204,0.04028763622045517,138.0632022327565,19.553833455481424,19.553833455481417,7.105427357601002e-15,0.5,118.50936877727509,118.50936877727509,0.0,237.01873755455017,55.065546822836936,-269.7632939129786,32.74455635842844,237.3128662109375,55.21747589111328,32.81154251098633,18.3373966217041,237.3128662109375,55.21747589111328,0.0,0.052148304879665375,-284.8963317871094,0.11663421988487244,1.3427344766284612
1024,20,trace_residue_plus_1_0,2.5951161324142267,0.04066164791584015,255.44544844983864,19.367653838384655,19.36765383838464,1.4210854715202004e-14,1.0,236.077794611454,236.077794611454,0.0,236.077794611454,54.62839082135408,-268.5371311638114,32.4593365523574,236.370361328125,54.77890396118164,32.52610778808594,18.186965942382812,236.370361328125,54.77890396118164,0.0,0.09135161340236664,-284.8963317871094,0.12119480222463608,1.3952375168781246
1024,21,ordinary_branch,0.2352261407823562,0.03917079418897629,19.60553465933799,19.60553465933799,19.605534659337977,1.4210854715202004e-14,0.0,1.4210854715202004e-14,0.0,1.4210854715202004e-14,237.29176364839077,55.18927474212013,-270.11630327678165,32.82453962839088,237.39901733398438,55.24887466430664,32.83013916015625,15.283851623535156,237.39901733398438,55.24887466430664,0.0,0.012758711352944374,-284.8963317871094,0.0868632048368454,1.0
1024,21,cf_branch,0.23522614092557476,0.03917079418897629,19.605534673659847,19.605534673659832,19.605534673659847,1.4210854715202004e-14,0.0,0.0,0.0,0.0,237.29176370799541,55.18927477364009,-270.11630335764704,32.824539649651626,237.39901733398438,55.24887466430664,32.830135345458984,15.283849716186523,237.39901733398438,55.24887466430664,0.0,0.012758711352944374,-284.8963317871094,0.0868632048368454,1.0
1024,21,schatten_filtered_cf_branch,0.1646482078615819,0.1606934368610382,0.3954771000543693,0.39547710005436976,0.3954771000543693,4.440892098500626e-16,0.0,0.0,0.0,0.0,26.61373703740537,1.3491785239199579,-27.34209165583949,0.7283546184341176,27.054140090942383,1.476520299911499,0.8065059781074524,0.11660423874855042,27.054140090942383,1.476520299911499,0.0,0.0007203001878224313,-284.8963317871094,0.1519014537334442,1.748743372049877
1024,21,trace_residue_minus_0_5,-1.2509205008838062,0.0038065663538873196,-125.47270672376936,71.70929480735481,71.70929480735475,5.684341886080802e-14,-0.5,-197.18200153112411,-197.18200153112411,0.0,394.36400306224823,151.8952377105874,-498.02484108566864,103.66083802342041,394.3802185058594,151.90773010253906,102.8338623046875,49.50270080566406,394.3802185058594,151.90773010253906,0.0,0.0015333055052906275,-284.8963317871094,0.003491292241960764,0.04019299366766902
1024,21,trace_residue_plus_0_5,1.3885680488082415,0.04111984744668007,134.74482013615614,18.625412839975382,18.625412839975397,1.4210854715202004e-14,0.5,116.11940729618074,116.11940729618073,1.4210854715202004e-14,232.23881459236145,52.869930681553996,-263.55593830931514,31.317123716953688,232.3470001220703,52.92885208129883,31.326358795166016,14.555795669555664,232.3470001220703,52.92885208129883,0.0,0.05094461515545845,-284.8963317871094,0.11663421988487244,1.3427344766284612
1024,21,trace_residue_plus_1_0,2.5376149662580536,0.0415378212928772,249.60771449651762,18.423488862777162,18.42348886277719,2.842170943040401e-14,1.0,231.18422563374043,231.18422563374043,0.0,231.18422563374043,52.38992644992146,-262.1900949022935,31.005869268553056,231.29193115234375,52.448272705078125,31.015522003173828,14.405374526977539,231.29193115234375,52.448272705078125,0.0,0.08956076204776764,-284.8963317871094,0.12119480222463608,1.3952375168781246
1024,22,ordinary_branch,0.2290346190779758,0.0409059077501297,18.812871132784608,18.812871132784608,18.812871132784593,1.4210854715202004e-14,0.0,1.4210854715202004e-14,0.0,1.4210854715202004e-14,233.22885385155678,53.31777270782656,-264.83567887354354,31.606825021986765,232.98519897460938,53.19178771972656,31.49017906188965,15.400408744812012,232.98519897460938,53.19178771972656,0.0,0.012109245173633099,-284.8963317871094,0.0868632048368454,1.0
1024,22,cf_branch,0.22903462062825802,0.0409059077501297,18.812871287812833,18.81287128781284,18.812871287812833,7.105427357601002e-15,0.0,0.0,0.0,0.0,233.22885465621948,53.31777307539674,-264.83567991685203,31.606825260632547,232.98519897460938,53.19178771972656,31.49017906188965,15.400408744812012,232.98519897460938,53.19178771972656,0.0,0.012109245173633099,-284.8963317871094,0.0868632048368454,1.0
1024,22,schatten_filtered_cf_branch,0.16519313181165698,0.16120462119579315,0.39885106158638317,0.3988510615863845,0.39885106158638317,1.3322676295501878e-15,0.0,0.0,0.0,0.0,26.921803511679173,1.3651656066186668,-27.657712645982507,0.7359091343033342,26.28119659423828,1.2263116836547852,0.6530052423477173,0.6281612515449524,26.28119659423828,1.2263116836547852,0.0,0.0006779663963243365,-284.8963317871094,0.1519014537334442,1.748743372049877
1024,22,trace_residue_minus_0_5,-1.250999170461436,0.003837794065475464,-125.48369645269115,70.97271142213145,70.97271142213147,1.4210854715202004e-14,-0.5,-196.45640787482262,-196.45640787482262,0.0,392.91281574964523,150.7792346346235,-495.6670043437708,102.7541885941256,392.84564208984375,150.72674560546875,101.89505004882812,50.12187194824219,392.84564208984375,150.72674560546875,0.0,0.0013333666138350964,-284.8963317871094,0.003491292241960764,0.04019299366766902
1024,22,trace_residue_plus_0_5,1.3584767835630127,0.04314856603741646,131.5328217525596,17.74749620301671,17.747496203016716,7.105427357601002e-15,0.5,113.7853255495429,113.7853255495429,0.0,227.5706510990858,50.768684837841874,-257.5298569127469,29.95920581366107,227.33010864257812,50.64703369140625,29.850522994995117,14.588713645935059,227.33010864257812,50.64703369140625,0.0,0.049688778817653656,-284.8963317871094,0.11663421988487244,1.3427344766284612
1024,22,trace_residue_plus_1_0,2.482900522857528,0.04362686350941658,243.92736593481112,17.530015668235308,17.530015668235315,7.105427357601002e-15,1.0,226.3973502665758,226.3973502665758,0.0,226.3973502665758,50.24547085838297,-256.0193056378172,29.62195537124137,226.1591339111328,50.12565612792969,29.515525817871094,14.421855926513672,226.1591339111328,50.12565612792969,0.0,0.08771910518407822,-284.8963317871094,0.12119480222463608,1.3952375168781246
1024,23,ordinary_branch,0.22279991265141008,0.04211752489209175,18.06823877593183,18.06823877593183,18.068238775931817,1.4210854715202004e-14,0.0,1.4210854715202004e-14,0.0,1.4210854715202004e-14,229.30684277415276,51.541724037949024,-259.76390750806377,30.45706473391101,229.11715698242188,51.44426345825195,30.363046646118164,14.522618293762207,229.11715698242188,51.44426345825195,0.0,0.011541650630533695,-284.8963317871094,0.0868632048368454,1.0
1024,23,cf_branch,0.22279991697866272,0.04211752861738205,18.068238836128067,18.068238836128074,18.068238836128067,7.105427357601002e-15,0.0,0.0,0.0,0.0,229.30684304237366,51.54172417004365,-259.76390786529305,30.457064822919392,229.11715698242188,51.44426345825195,30.363046646118164,14.522618293762207,229.11715698242188,51.44426345825195,0.0,0.01154164969921112,-284.8963317871094,0.0868632048368454,1.0
1024,23,schatten_filtered_cf_branch,0.16447898017743218,0.16045476496219635,0.4024215215235838,0.4024215215235838,0.4024215215235838,0.0,0.0,0.0,0.0,0.0,27.22858678828925,1.381532274418984,-27.972322656436457,0.7437358681472084,26.69901466369629,1.2787225246429443,0.6838575601577759,0.3038228154182434,26.69901466369629,1.2787225246429443,0.0,0.0007281205034814775,-284.8963317871094,0.1519014537334442,1.748743372049877
1024,23,trace_residue_minus_0_5,-1.2511536349645016,0.003704068250954151,-125.48577032154557,70.35331054860598,70.35331054860595,2.842170943040401e-14,-0.5,-195.83908087015152,-195.83908087015152,0.0,391.67816174030304,149.834655988502,-493.6674538157098,101.98929207540675,391.5789794921875,149.7576904296875,101.12712097167969,49.47565460205078,391.5789794921875,149.7576904296875,0.0,0.001326795550994575,-284.8963317871094,0.003491292241960764,0.04019299366766902
1024,23,trace_residue_plus_0_5,1.3288897357723013,0.04464823380112648,128.42415019711748,16.9173446654369,16.917344665436893,7.105427357601002e-15,0.5,111.50680553168058,111.50680553168058,0.0,223.01361106336117,48.7584789937829,-251.68126850677828,28.667657443417113,222.8275909423828,48.66519546508789,28.58142852783203,13.64962387084961,222.8275909423828,48.66519546508789,0.0,0.048507459461688995,-284.8963317871094,0.11663421988487244,1.3427344766284612
1024,23,trace_residue_plus_1_0,2.4291989739323463,0.04518425837159157,238.40147155607548,16.684572235592285,16.684572235592277,7.105427357601002e-15,1.0,221.7168993204832,221.7168993204832,0.0,221.7168993204832,48.19192084283445,-250.0214836150361,28.304584294552882,221.5330810546875,48.10028839111328,28.220447540283203,13.472772598266602,221.5330810546875,48.10028839111328,0.0,0.08595211058855057,-284.8963317871094,0.12119480222463608,1.3952375168781246
1024,24,ordinary_branch,0.2177497633783166,0.044063977897167206,17.36857854811494,17.36857854811494,17.368578548114932,7.105427357601002e-15,0.0,7.105427357601002e-15,0.0,7.105427357601002e-15,225.52289570868015,49.85660588535235,-254.89435882051598,29.371463111835823,225.57998657226562,49.885337829589844,29.36479949951172,14.88608169555664,225.57998657226562,49.885337829589844,0.0,0.01095515862107277,-284.8963317871094,0.0868632048368454,1.0
1024,24,cf_branch,0.21774976468131285,0.044063977897167206,17.368578678414565,17.368578678414536,17.368578678414565,2.842170943040401e-14,0.0,0.0,0.0,0.0,225.52289636433125,49.856606188570765,-254.89435967474634,29.371463310415095,225.57998657226562,49.885337829589844,29.36480140686035,14.886082649230957,225.57998657226562,49.885337829589844,0.0,0.010955157689750195,-284.8963317871094,0.0868632048368454,1.0
1024,24,schatten_filtered_cf_branch,0.16565301281492892,0.16159161925315857,0.40613935617703545,0.4061393561770359,0.40613935617703545,4.440892098500626e-16,0.0,0.0,0.0,0.0,27.533277694135904,1.3981469543353322,-28.28503361801085,0.7517559238749456,27.59841537475586,1.4087505340576172,0.7561145424842834,0.22681596875190735,27.59841537475586,1.4087505340576172,0.0,0.0006231280276551843,-284.8963317871094,0.1519014537334442,1.748743372049877
1024,24,trace_residue_minus_0_5,-1.2510246519106503,0.003793412819504738,-125.4818064730155,69.85649886620172,69.85649886620169,2.842170943040401e-14,-0.5,-195.3383053392172,-195.3383053392172,0.0,390.6766106784344,149.07225961957568,-492.0504621254579,101.37385144702353,390.66265869140625,149.062255859375,100.57846069335938,50.77217102050781,390.66265869140625,149.062255859375,0.0,0.0014787131221964955,-284.8963317871094,0.003491292241960764,0.04019299366766902
1024,24,trace_residue_plus_0_5,1.301099552145017,0.04694325849413872,125.41562936508782,16.132301100136118,16.13230110013612,3.552713678800501e-15,0.5,109.2833282649517,109.2833282649517,0.0,218.5666565299034,46.83589373907527,-246.00601373489155,27.43935720498814,218.61911010742188,46.8616943359375,27.43512535095215,13.91455364227295,218.61911010742188,46.8616943359375,0.0,0.04731907323002815,-284.8963317871094,0.11663421988487244,1.3427344766284612
1024,24,trace_residue_plus_1_0,2.3778191973137606,0.047550298273563385,233.02688990401973,15.884588374373806,15.884588374373802,3.552713678800501e-15,1.0,217.14230152964592,217.14230152964592,0.0,217.14230152964592,46.22611357296928,-244.1930878194908,27.050786289844893,217.19332885742188,46.251060485839844,27.04682159423828,13.719867706298828,217.19332885742188,46.251060485839844,0.0,0.08418134599924088,-284.8963317871094,0.12119480222463608,1.3952375168781246
1024,25,ordinary_branch,0.21230238293615258,0.04519067704677582,16.711170588937676,16.711170588937676,16.711170588937673,3.552713678800501e-15,0.0,3.552713678800501e-15,0.0,3.552713678800501e-15,221.8746880441904,48.258367229049895,-250.22131905889609,28.34663101470568,221.64773559570312,48.14942932128906,28.251554489135742,13.441534996032715,221.64773559570312,48.14942932128906,0.0,0.01045249029994011,-284.8963317871094,0.0868632048368454,1.0
1024,25,cf_branch,0.21230238395901033,0.04519067704677582,16.71117069122345,16.71117069122343,16.71117069122345,2.1316282072803006e-14,0.0,0.0,0.0,0.0,221.8746885508299,48.25836746465795,-250.22131972058168,28.346631169751788,221.64773559570312,48.14942932128906,28.251554489135742,13.441534996032715,221.64773559570312,48.14942932128906,0.0,0.010452489368617535,-284.8963317871094,0.0868632048368454,1.0
1024,25,schatten_filtered_cf_branch,0.16383244368351071,0.15973417460918427,0.40982690743264616,0.40982690743264527,0.40982690743264616,8.881784197001252e-16,0.0,0.0,0.0,0.0,27.834234378300607,1.4144889723907723,-28.59389946298446,0.7596650846838529,27.365352630615234,1.3189080953598022,0.703282356262207,0.42303037643432617,27.365352630615234,1.3189080953598022,0.0,0.0005647727521136403,-284.8963317871094,0.1519014537334442,1.748743372049877
1024,25,trace_residue_minus_0_5,-1.2509122481040182,0.0038345169741660357,-125.47467650781842,69.49062747944623,69.49062747944622,1.4210854715202004e-14,-0.5,-194.96530398726463,-194.96530398726463,0.0,389.93060797452927,148.50726764972137,-490.8497989421013,100.91919096757204,389.90045166015625,148.48367309570312,100.12184143066406,48.824195861816406,389.90045166015625,148.48367309570312,0.0,0.0015993044944480062,-284.8963317871094,0.003491292241960764,0.04019299366766902
1024,25,trace_residue_plus_0_5,1.2734276070450685,0.04838450625538826,122.50431007896802,15.389894053389,15.389894053389035,3.552713678800501e-14,0.5,107.11441602557898,107.11441602557898,0.0,214.22883205115795,44.99767081379952,-240.5002022360898,26.27137018493184,214.00396728515625,44.893218994140625,26.184429168701172,12.43244743347168,214.00396728515625,44.893218994140625,0.0,0.046223949640989304,-284.8963317871094,0.11663421988487244,1.3427344766284612
1024,25,trace_residue_plus_1_0,2.3270610628736956,0.04905499145388603,227.80060714198095,15.12764429760918,15.127644297609155,2.4868995751603507e-14,1.0,212.6729628443718,212.6729628443718,0.0,212.6729628443718,44.344974223040786,-238.53068976387664,25.85772691950484,212.45071411132812,44.24254608154297,25.773107528686523,12.23132610321045,212.45071411132812,44.24254608154297,0.0,0.08250739425420761,-284.8963317871094,0.12119480222463608,1.3952375168781246
1024,26,ordinary_branch,0.2085776254683863,0.04764547571539879,16.09321497529875,16.09321497529875,16.093214975298764,1.4210854715202004e-14,0.0,-1.4210854715202004e-14,0.0,1.4210854715202004e-14,218.35838654637337,46.742480897827576,-245.73734355385326,27.378957007479897,218.69192504882812,46.887046813964844,27.450088500976562,14.960899353027344,218.69192504882812,46.887046813964844,0.0,0.009893659502267838,-284.8963317871094,0.0868632048368454,1.0
1024,26,cf_branch,0.20857762630448648,0.04764547571539879,16.09321505890877,16.093215058908754,16.09321505890877,1.4210854715202004e-14,0.0,0.0,0.0,0.0,218.3583869934082,46.742481097825944,-245.73734413014677,27.378957136738563,218.6919403076172,46.887046813964844,27.450088500976562,14.960891723632812,218.6919403076172,46.887046813964844,0.0,0.009893659502267838,-284.8963317871094,0.0868632048368454,1.0
1024,26,schatten_filtered_cf_branch,0.16714004234431473,0.16300389170646667,0.4136150637848055,0.4136150637848033,0.4136150637848055,2.220446049250313e-15,0.0,0.0,0.0,0.0,28.132425765506923,1.430944576893225,-28.90011460825454,0.7676888427476172,28.61562728881836,1.5158336162567139,0.821058452129364,0.2621193826198578,28.61562728881836,1.5158336162567139,0.0,0.0006082116160541773,-284.8963317871094,0.1519014537334442,1.748743372049877
1024,26,trace_residue_minus_0_5,-1.2508085567770872,0.003858144162222743,-125.46667009393099,69.25492710074064,69.25492710074064,0.0,-0.5,-194.72159719467163,-194.72159719467163,0.0,389.44319438934326,148.14043825767007,-490.0683361699936,100.62514178065032,389.56109619140625,148.2305450439453,99.9239730834961,52.40842819213867,389.56109619140625,148.2305450439453,0.0,0.0017890098970383406,-284.8963317871094,0.003491292241960764,0.04019299366766902
1024,26,trace_residue_plus_0_5,1.2481426632349186,0.05127254128456116,119.68701219503575,14.687704562589474,14.68770456258946,1.4210854715202004e-14,0.5,104.99930763244629,104.99930763244629,0.0,209.99861526489258,43.24041965276851,-235.1593669321933,25.16075166730073,210.32952880859375,43.37853240966797,25.231403350830078,13.800973892211914,210.32952880859375,43.37853240966797,0.0,0.04507065936923027,-284.8963317871094,0.11663421988487244,1.3427344766284612
1024,26,trace_residue_plus_1_0,2.2792233958682613,0.05203043296933174,222.71929628989295,14.411394564719956,14.41139456471996,3.552713678800501e-15,1.0,208.307901725173,208.307901725173,0.0,208.307901725173,42.54535472139563,-233.03049933483265,24.72259760965966,208.6352996826172,42.680908203125,24.79228401184082,13.572701454162598,208.6352996826172,42.680908203125,0.0,0.08077792078256607,-284.8963317871094,0.12119480222463608,1.3952375168781246
1024,27,ordinary_branch,0.20312830707234,0.04800410568714142,15.512420138519857,15.512420138519857,15.512420138519836,2.1316282072803006e-14,0.0,2.1316282072803006e-14,0.0,2.1316282072803006e-14,214.97201298177242,45.30541572982213,-241.43755285012278,26.465539868350362,214.88475036621094,45.264984130859375,26.420076370239258,12.457612037658691,214.88475036621094,45.264984130859375,0.0,0.009500446729362011,-284.8963317871094,0.0868632048368454,1.0
1024,27,cf_branch,0.20312830904790372,0.04800410568714142,15.512420336076229,15.512420336076246,15.512420336076229,1.7763568394002505e-14,0.0,0.0,0.0,0.0,214.972014144063,45.30541621945402,-241.4375543233284,26.465540179265417,214.88475036621094,45.26498794555664,26.420076370239258,12.457612037658691,214.88475036621094,45.26498794555664,0.0,0.009500446729362011,-284.8963317871094,0.0868632048368454,1.0
1024,27,schatten_filtered_cf_branch,0.1635100157587343,0.1593364030122757,0.41736127464586237,0.41736127464586126,0.41736127464586237,1.1102230246251565e-15,0.0,0.0,0.0,0.0,28.42743367422372,1.4471423693241492,-29.20303095334748,0.7755972791237582,28.21388816833496,1.4248459339141846,0.7654531598091125,0.2336196005344391,28.21388816833496,1.4248459339141846,0.0,0.0006028602947480977,-284.8963317871094,0.1519014537334442,1.748743372049877
1024,27,trace_residue_minus_0_5,-1.250859916600725,0.003737805876880884,-125.45977224776058,69.14801676204888,69.14801676204891,2.842170943040401e-14,-0.5,-194.6077890098095,-194.6077890098095,0.0,389.215578019619,147.97132643863802,-489.706246757675,100.490668738056,389.20574951171875,147.9635772705078,99.71443176269531,48.52588653564453,389.20574951171875,147.9635772705078,0.0,0.001866666367277503,-284.8963317871094,0.003491292241960764,0.04019299366766902
1024,27,trace_residue_plus_0_5,1.2215452642451827,0.051935143768787384,116.96101204763954,14.023533177486115,14.023533177486115,0.0,0.5,102.93747887015343,102.93747887015343,0.0,205.87495774030685,41.561057515241146,-229.97977759511667,24.10481985480982,205.79075622558594,41.52355194091797,24.06599998474121,11.310198783874512,205.79075622558594,41.52355194091797,0.0,0.04409215599298477,-284.8963317871094,0.11663421988487244,1.3427344766284612
1024,27,trace_residue_plus_1_0,2.230552082523278,0.052752040326595306,217.78000421966823,13.733660401361306,13.73366040136132,1.4210854715202004e-14,1.0,204.04634381830692,204.04634381830692,0.0,204.04634381830692,40.824285352707875,-227.68911345222574,23.642769633918817,203.96368408203125,40.787811279296875,23.605484008789062,11.086326599121094,203.96368408203125,40.787811279296875,0.0,0.07922773063182831,-284.8963317871094,0.12119480222463608,1.3952375168781246
1024,28,ordinary_branch,0.20029254925140422,0.0506313182413578,14.96612310100464,14.96612310100464,14.96612310100463,1.0658141036401503e-14,0.0,1.0658141036401503e-14,0.0,1.0658141036401503e-14,211.71053484082222,43.9424923617292,-237.31335039353476,25.602815552712542,211.86837768554688,44.01512145996094,25.63235855102539,14.515459060668945,211.86837768554688,44.01512145996094,0.0,0.008989209309220314,-284.8963317871094,0.0868632048368454,1.0
1024,28,cf_branch,0.20029254883478043,0.0506313182413578,14.966123059342262,14.96612305934228,14.966123059342262,1.7763568394002505e-14,0.0,0.0,0.0,0.0,211.71053451299667,43.94249224437385,-237.31334999555153,25.60281548255486,211.86837768554688,44.01512145996094,25.63235855102539,14.515459060668945,211.86837768554688,44.01512145996094,0.0,0.008989209309220314,-284.8963317871094,0.0868632048368454,1.0
1024,28,schatten_filtered_cf_branch,0.16722979108046462,0.16301850974559784,0.42112813348667943,0.4211281334866772,0.42112813348667943,2.220446049250313e-15,0.0,0.0,0.0,0.0,28.719142069108784,1.4632662195515356,-29.502640640688266,0.7834985715794822,29.21142578125,1.5397884845733643,0.8254522681236267,0.25229617953300476,29.21142578125,1.5397884845733643,0.0,0.000496213324368,-284.8963317871094,0.1519014537334442,1.748743372049877
1024,28,trace_residue_minus_0_5,-1.2507174394980252,0.003834186587482691,-125.45516260855078,69.15584006018759,69.15584006018759,0.0,-0.5,-194.61100266873837,-194.61100266873837,0.0,389.22200533747673,147.97943014938437,-489.7207934097861,100.49878807230937,389.3067626953125,148.0456085205078,99.78143310546875,53.22998046875,389.3067626953125,148.0456085205078,0.0,0.0019164870027452707,-284.8963317871094,0.003491292241960764,0.04019299366766902
1024,28,trace_residue_plus_0_5,1.1982944212542173,0.05506414175033569,114.32302795038815,13.395144295555312,13.395144295555312,0.0,0.5,100.92788365483284,100.92788365483284,0.0,201.85576730966568,39.956180243395934,-224.9565230241052,23.100755714439515,202.00711059570312,40.02302169799805,23.130468368530273,13.1821928024292,202.00711059570312,40.02302169799805,0.0,0.04300211742520332,-284.8963317871094,0.11663421988487244,1.3427344766284612
1024,28,trace_residue_plus_1_0,2.185772526115488,0.05598125979304314,212.97912663224452,13.09228283169979,13.09228283169978,1.0658141036401503e-14,1.0,199.88684380054474,199.88684380054474,0.0,199.88684380054474,39.17861722982299,-222.50240980638895,22.615566005844215,200.03521728515625,39.243499755859375,22.644699096679688,12.924598693847656,200.03521728515625,39.243499755859375,0.0,0.07757075130939484,-284.8963317871094,0.12119480222463608,1.3952375168781246
1024,29,ordinary_branch,0.1959107606552179,0.05138722062110901,14.452354003410889,14.452354003410889,14.452354003410903,1.4210854715202004e-14,0.0,-1.4210854715202004e-14,0.0,1.4210854715202004e-14,208.57194995880127,42.6505172364659,-233.36018266019792,24.78823270139665,208.43392944335938,42.585914611816406,24.730194091796875,12.528358459472656,208.43392944335938,42.585914611816406,0.0,0.008617404848337173,-284.8963317871094,0.0868632048368454,1.0
1024,29,cf_branch,0.19591075960425877,0.05138722062110901,14.452353898314975,14.452353898314968,14.452353898314975,7.105427357601002e-15,0.0,0.0,0.0,0.0,208.57194927334785,42.65051696510224,-233.3601818058256,24.788232532477736,208.43392944335938,42.585914611816406,24.730194091796875,12.528358459472656,208.43392944335938,42.585914611816406,0.0,0.008617403917014599,-284.8963317871094,0.0868632048368454,1.0
1024,29,schatten_filtered_cf_branch,0.16449399550702234,0.16024522483348846,0.4248770673533877,0.42487706735338904,0.4248770673533877,1.3322676295501878e-15,0.0,0.0,0.0,0.0,29.00747638568282,1.4791951550681746,-29.798800612454585,0.7913242267717635,28.62153434753418,1.3989015817642212,0.7432230114936829,0.6284893751144409,28.62153434753418,1.3989015817642212,0.0,0.0005124252056702971,-284.8963317871094,0.1519014537334442,1.748743372049877
1024,29,trace_residue_minus_0_5,-1.2506820589799486,0.003852203954011202,-125.45342629339596,69.26622793886764,69.2662279388676,4.263256414560601e-14,-0.5,-194.71965423226357,-194.71965423226357,0.0,389.43930846452713,148.1466388383322,-490.0739597986261,100.63465133409898,389.38787841796875,148.10675048828125,99.82947540283203,50.06351089477539,389.38787841796875,148.10675048828125,0.0,0.0019146427512168884,-284.8963317871094,0.003491292241960764,0.04019299366766902
1024,29,trace_residue_plus_0_5,1.1738808989970217,0.056176140904426575,111.77047580925951,12.800575052185152,12.800575052185156,3.552713678800501e-15,0.5,98.96990075707436,98.96990075707436,0.0,197.9398015141487,38.42285368008457,-220.08590003772554,22.146098523576825,197.8046875,38.362483978271484,22.095699310302734,11.202695846557617,197.8046875,38.362483978271484,0.0,0.04206379875540733,-284.8963317871094,0.11663421988487244,1.3427344766284612
1024,29,trace_residue_plus_1_0,2.140300632231638,0.05716359615325928,208.31370360783785,12.485300835292051,12.485300835292048,3.552713678800501e-15,1.0,195.82840277254581,195.82840277254581,0.0,195.82840277254581,37.60548710564704,-217.46695316852802,21.638550395982207,195.69573974609375,37.54688262939453,21.59016227722168,10.947211265563965,195.69573974609375,37.54688262939453,0.0,0.07607118785381317,-284.8963317871094,0.12119480222463608,1.3952375168781246
1024,30,ordinary_branch,0.19220002801454059,0.05251183360815048,13.96881944063901,13.96881944063901,13.968819440639038,2.842170943040401e-14,0.0,-2.842170943040401e-14,0.0,2.842170943040401e-14,205.55132219195366,41.42527620866916,-229.56997989259645,24.01865770064279,205.17079162597656,41.266624450683594,23.90381622314453,11.945140838623047,205.17079162597656,41.266624450683594,0.0,0.008242945186793804,-284.8963317871094,0.0868632048368454,1.0
1024,30,cf_branch,0.19220002774121916,0.05251183360815048,13.968819413306868,13.968819413306846,13.968819413306868,2.1316282072803006e-14,0.0,0.0,0.0,0.0,205.5513219833374,41.425276133262514,-229.56997963849375,24.018657655156346,205.17079162597656,41.266624450683594,23.90381622314453,11.945148468017578,205.17079162597656,41.266624450683594,0.0,0.00824294425547123,-284.8963317871094,0.0868632048368454,1.0
1024,30,schatten_filtered_cf_branch,0.1637938046590717,0.1595052182674408,0.4288586391630913,0.4288586391630922,0.4288586391630913,8.881784197001252e-16,0.0,0.0,0.0,0.0,29.294842327944934,1.4956938263859183,-30.09435508814738,0.7995127602024468,28.710880279541016,1.4254167079925537,0.759477972984314,0.6343414187431335,28.710880279541016,1.4254167079925537,0.0,0.000508505676407367,-284.8963317871094,0.1519014537334442,1.748743372049877
1024,30,trace_residue_minus_0_5,-1.2507498771729388,0.0037936209701001644,-125.4543498143039,69.46588041042469,69.46588041042469,0.0,-0.5,-194.92023022472858,-194.92023022472858,0.0,389.84046044945717,148.4524481844487,-490.72220450992745,100.88174406047028,389.6562194824219,148.311767578125,99.99181365966797,49.72495651245117,389.6562194824219,148.311767578125,0.0,0.0018391759367659688,-284.8963317871094,0.003491292241960764,0.04019299366766902
1024,30,trace_residue_plus_0_5,1.150716042553584,0.057713285088539124,109.30027574650448,12.237841713945087,12.237841713945087,0.0,0.5,97.0624340325594,97.0624340325594,0.0,194.1248680651188,36.957887733993076,-215.36315340262794,21.238285337509154,193.75942993164062,36.813629150390625,21.138063430786133,10.564072608947754,193.75942993164062,36.813629150390625,0.0,0.04112721234560013,-284.8963317871094,0.11663421988487244,1.3427344766284612
1024,30,trace_residue_plus_1_0,2.0965823707403057,0.05878044292330742,203.78019278169984,11.910779525054622,11.910779525054622,0.0,1.0,191.8694132566452,191.8694132566452,0.0,191.8694132566452,36.10189678258445,-212.57867262693858,20.70925937029338,191.51162719726562,35.96232604980469,20.61294174194336,10.299947738647461,191.51162719726562,35.96232604980469,0.0,0.07457873970270157,-284.8963317871094,0.12119480222463608,1.3952375168781246
1024,31,ordinary_branch,0.19029458524511783,0.05515966936945915,13.513491587565866,13.513491587565866,13.513491587565866,0.0,0.0,0.0,0.0,0.0,202.64458993077278,40.26305729999505,-225.93591240737064,23.291322476597855,202.55926513671875,40.22511291503906,23.253643035888672,13.514402389526367,202.55926513671875,40.22511291503906,0.0,0.007802408188581467,-284.8963317871094,0.0868632048368454,1.0
1024,31,cf_branch,0.19029458444155517,0.05515966936945915,13.5134915072096,13.513491507209594,13.5134915072096,7.105427357601002e-15,0.0,0.0,0.0,0.0,202.6445894241333,40.263057095346014,-225.93591177249274,23.291322348359444,202.55926513671875,40.2251091003418,23.253643035888672,13.514402389526367,202.55926513671875,40.2251091003418,0.0,0.007802407257258892,-284.8963317871094,0.0868632048368454,1.0
1024,31,schatten_filtered_cf_branch,0.16694255622515256,0.16261321306228638,0.4329343162866166,0.4329343162866177,0.4329343162866166,1.1102230246251565e-15,0.0,0.0,0.0,0.0,29.579679297283292,1.5123590899100219,-30.38750763016517,0.8078283328818792,29.30622100830078,1.4747806787490845,0.7879325151443481,1.0122103691101074,29.30622100830078,1.4747806787490845,0.0,0.0005084555596113205,-284.8963317871094,0.1519014537334442,1.748743372049877
1024,31,trace_residue_minus_0_5,-1.250614217188773,0.00395884970203042,-125.45730668908034,69.73657270664305,69.736572706643,4.263256414560601e-14,-0.5,-195.19387939572334,-195.19387939572334,0.0,390.3877587914467,148.86848729301204,-491.60508568903816,101.21732689759148,390.36932373046875,148.853759765625,100.41981506347656,53.617042541503906,390.36932373046875,148.853759765625,0.0,0.0017234464175999165,-284.8963317871094,0.003491292241960764,0.04019299366766902
1024,31,trace_residue_plus_0_5,1.1300262498524163,0.060930535197257996,106.90957146551582,11.705099698567125,11.705099698567125,0.0,0.5,95.2044717669487,95.2044717669487,0.0,190.4089435338974,35.55826771525912,-210.78385809504812,20.374914561150717,190.32546997070312,35.523277282714844,20.343700408935547,11.952047348022461,190.32546997070312,35.523277282714844,0.0,0.0401332713663578,-284.8963317871094,0.11663421988487244,1.3427344766284612
1024,31,trace_residue_plus_1_0,2.055863338725585,0.062111180275678635,199.37521584499063,11.366901458980465,11.366901458980458,7.105427357601002e-15,1.0,188.00831438601017,188.00831438601017,0.0,188.00831438601017,34.664965710910614,-207.83366958365679,19.825355197646616,187.92654418945312,34.63115692138672,19.79566764831543,11.654959678649902,187.92654418945312,34.63115692138672,0.0,0.07303513586521149,-284.8963317871094,0.12119480222463608,1.3952375168781246
1024,32,ordinary_branch,0.1850477133119847,0.05420009419322014,13.084761911876456,13.084761911876456,13.084761911876441,1.4210854715202004e-14,0.0,1.4210854715202004e-14,0.0,1.4210854715202004e-14,199.84935472905636,39.16102317155689,-222.45341902597903,22.604064296922672,199.83316040039062,39.155364990234375,22.588300704956055,9.850165367126465,199.83316040039062,39.155364990234375,0.0,0.007600970566272736,-284.8963317871094,0.0868632048368454,1.0
1024,32,cf_branch,0.1850477125014528,0.05420009419322014,13.084761830823265,13.084761830823268,13.084761830823265,3.552713678800501e-15,0.0,0.0,0.0,0.0,199.84935422241688,39.16102296601596,-222.45341839027873,22.60406416786185,199.83316040039062,39.15536880493164,22.588302612304688,9.850166320800781,199.83316040039062,39.15536880493164,0.0,0.007600969634950161,-284.8963317871094,0.0868632048368454,1.0
1024,32,schatten_filtered_cf_branch,0.16139537062146417,0.15702232718467712,0.4373043436787032,0.4373043436787043,0.4373043436787032,1.1102230246251565e-15,0.0,0.0,0.0,0.0,29.864678502082825,1.5298095933490596,-30.681301686538106,0.8166231844552811,29.950883865356445,1.5356450080871582,0.8184888958930969,-0.04228886961936951,29.950883865356445,1.5356450080871582,0.0,0.00045347536797635257,-284.8963317871094,0.1519014537334442,1.748743372049877
1024,32,trace_residue_minus_0_5,-1.251075127678119,0.003535285359248519,-125.46104130373675,70.06510904206556,70.06510904206556,0.0,-0.5,-195.5261503458023,-195.5261503458023,0.0,391.0523006916046,149.3735349718967,-492.6769609246544,101.62466023304978,390.94573974609375,149.2917022705078,100.76559448242188,47.763092041015625,390.94573974609375,149.2917022705078,0.0,0.0015438710106536746,-284.8963317871094,0.003491292241960764,0.04019299366766902
1024,32,trace_residue_plus_0_5,1.1061807992285464,0.06022155284881592,104.59592463797304,11.200690507650108,11.200690507650101,7.105427357601002e-15,0.5,93.39523413032293,93.39523413032293,0.0,186.79046826064587,34.221282905902925,-206.3442926690821,19.553824408436242,186.7738800048828,34.21585464477539,19.542390823364258,8.419243812561035,186.7738800048828,34.21585464477539,0.0,0.039376385509967804,-284.8963317871094,0.11663421988487244,1.3427344766284612
1024,32,trace_residue_plus_1_0,2.012401681053994,0.061444055289030075,195.09576257649638,10.851992319857857,10.85199231985785,7.105427357601002e-15,1.0,184.24377025663853,184.24377025663853,0.0,184.24377025663853,33.29200800313191,-203.22844148838925,18.984671231750724,184.22752380371094,33.286766052246094,18.974037170410156,8.15445327758789,184.22752380371094,33.286766052246094,0.0,0.07173382490873337,-284.8963317871094,0.12119480222463608,1.3952375168781246
1024,33,ordinary_branch,0.18306815932609724,0.05626354366540909,12.680461566068814,12.680461566068814,12.680461566068821,7.105427357601002e-15,0.0,-7.105427357601002e-15,0.0,7.105427357601002e-15,197.15922692418098,38.11480802536636,-219.1130193222065,21.953792398025513,197.26803588867188,38.170631408691406,21.979698181152344,10.38564682006836,197.26803588867188,38.170631408691406,0.0,0.007222688756883144,-284.8963317871094,0.0868632048368454,1.0
1024,33,cf_branch,0.18306816326013903,0.05626354739069939,12.680461586943963,12.680461586943963,12.680461586943963,0.0,0.0,0.0,0.0,0.0,197.15922704339027,38.114808076523914,-219.11301947408234,21.95379243069206,197.26803588867188,38.170631408691406,21.979698181152344,10.38564682006836,197.26803588867188,38.170631408691406,0.0,0.00722268782556057,-284.8963317871094,0.0868632048368454,1.0
1024,33,schatten_filtered_cf_branch,0.16281953533558735,0.15840481221675873,0.4414723118828625,0.4414723118828636,0.4414723118828625,1.1102230246251565e-15,0.0,0.0,0.0,0.0,30.14352914504707,1.546541325751983,-30.96856278876652,0.8250336437194505,30.4136905670166,1.631601095199585,0.8746158480644226,0.2999502122402191,30.4136905670166,1.631601095199585,0.0,0.00044111834722571075,-284.8963317871094,0.1519014537334442,1.748743372049877
1024,33,trace_residue_minus_0_5,-1.2509537267084798,0.0036999923177063465,-125.46537190261861,70.41845979210356,70.41845979210356,0.0,-0.5,-195.88383169472218,-195.88383169472218,0.0,391.76766338944435,149.9170006390874,-493.83053376569336,102.06287037624901,391.77972412109375,149.92715454101562,101.26812744140625,49.48118591308594,391.77972412109375,149.92715454101562,0.0,0.0013560199877247214,-284.8963317871094,0.003491292241960764,0.04019299366766902
1024,33,trace_residue_plus_0_5,1.0863886347878366,0.06282730400562286,102.35613307822138,10.72285343426853,10.722853434268536,7.105427357601002e-15,0.5,91.63327964395285,91.63327964395285,0.0,183.2665592879057,32.94380812041382,-202.0391978331254,18.772638545219706,183.37551879882812,32.99627685546875,18.799678802490234,8.837102890014648,183.37551879882812,32.99627685546875,0.0,0.03847206011414528,-284.8963317871094,0.11663421988487244,1.3427344766284612
1024,33,trace_residue_plus_1_0,1.9735367647068132,0.0641569048166275,190.93798598901856,10.3643548365079,10.36435483650791,1.0658141036401503e-14,1.0,180.57363115251064,180.57363115251064,0.0,180.57363115251064,31.980121085494794,-198.75858240751379,18.184951255003142,180.68011474609375,32.0305290222168,18.211124420166016,8.551263809204102,180.68011474609375,32.0305290222168,0.0,0.07029419392347336,-284.8963317871094,0.12119480222463608,1.3952375168781246
1024,34,ordinary_branch,0.1807541647427114,0.057762861251831055,12.299130349088031,12.299130349088031,12.299130349088024,7.105427357601002e-15,0.0,7.105427357601002e-15,0.0,7.105427357601002e-15,194.5711585432291,37.121648854222734,-215.90963967501344,21.338481131784334,194.4788360595703,37.085906982421875,21.305889129638672,10.70918083190918,194.4788360595703,37.085906982421875,0.0,0.006911035627126694,-284.8963317871094,0.0868632048368454,1.0
1024,34,cf_branch,0.18075416867188096,0.05776286497712135,12.29913036947596,12.29913036947596,12.29913036947596,0.0,0.0,0.0,0.0,0.0,194.57115863263607,37.12164889962878,-215.90963979484906,21.338481162212986,194.4788360595703,37.085906982421875,21.305889129638672,10.709173202514648,194.4788360595703,37.085906982421875,0.0,0.006911034695804119,-284.8963317871094,0.0868632048368454,1.0
1024,34,schatten_filtered_cf_branch,0.1633708037712302,0.15891262888908386,0.4458174882146331,0.4458174882146313,0.4458174882146331,1.7763568394002505e-15,0.0,0.0,0.0,0.0,30.420592980459332,1.5636982457503974,-31.25431167864961,0.8337186981902782,30.281116485595703,1.5401369333267212,0.8194662928581238,0.6103137731552124,30.281116485595703,1.5401369333267212,0.0,0.0004953553434461355,-284.8963317871094,0.1519014537334442,1.748743372049877
1024,34,trace_residue_minus_0_5,-1.2509703122454234,0.003722134046256542,-125.469244629168,70.78304024038368,70.78304024038366,2.842170943040401e-14,-0.5,-196.25228486955166,-196.25228486955166,0.0,392.5045697391033,150.47724291900687,-495.0193776779349,102.51480793883161,392.437744140625,150.42579650878906,101.66123962402344,50.84197235107422,392.437744140625,150.42579650878906,0.0,0.0012172225397080183,-284.8963317871094,0.003491292241960764,0.04019299366766902
1024,34,trace_residue_plus_0_5,1.0667251566194145,0.06484732031822205,100.18778363011924,10.270098829196357,10.270098829196371,1.4210854715202004e-14,0.5,89.91768480092287,89.91768480092287,0.0,179.83536960184574,31.72325974591929,-197.86473346939155,18.02936386754581,179.75164794921875,31.693191528320312,18.00456428527832,9.055779457092285,179.75164794921875,31.693191528320312,0.0,0.03762595355510712,-284.8963317871094,0.11663421988487244,1.3427344766284612
1024,34,trace_residue_plus_1_0,1.935263698343531,0.06627573817968369,186.89879601638472,9.902481371571184,9.902481371571177,7.105427357601002e-15,1.0,176.99631464481354,176.99631464481354,0.0,176.99631464481354,30.72673893723455,-194.4205075912411,17.424192946427553,176.9154510498047,30.69816017150879,17.40097999572754,8.752392768859863,176.9154510498047,30.69816017150879,0.0,0.06891811639070511,-284.8963317871094,0.12119480222463608,1.3952375168781246
1024,35,ordinary_branch,0.1783639773645328,0.05897084251046181,11.939313485407098,11.939313485407098,11.939313485407105,7.105427357601002e-15,0.0,-7.105427357601002e-15,0.0,7.105427357601002e-15,192.08174335956573,36.178710996047585,-212.83782857749844,20.756085217932707,192.20831298828125,36.223838806152344,20.773700714111328,10.511186599731445,192.20831298828125,36.223838806152344,0.0,0.006631604395806789,-284.8963317871094,0.0868632048368454,1.0
1024,35,cf_branch,0.17836397843588492,0.05897084251046181,11.939313592542312,11.939313592542305,11.939313592542312,7.105427357601002e-15,0.0,0.0,0.0,0.0,192.08174404501915,36.17871126792946,-212.83782943351088,20.756085388491726,192.20831298828125,36.22384262084961,20.773700714111328,10.511178970336914,192.20831298828125,36.22384262084961,0.0,0.006631603930145502,-284.8963317871094,0.0868632048368454,1.0
1024,35,schatten_filtered_cf_branch,0.16369672559990545,0.15919241309165955,0.45043125082459046,0.45043125082458957,0.45043125082459046,8.881784197001252e-16,0.0,0.0,0.0,0.0,30.697143787518144,1.5815850176857054,-31.53998970796664,0.8428459204484966,30.884004592895508,1.5643150806427002,0.8295606374740601,0.33887261152267456,30.884004592895508,1.5643150806427002,0.0,0.0004188170423731208,-284.8963317871094,0.1519014537334442,1.748743372049877
1024,35,trace_residue_minus_0_5,-1.251143784152001,0.0035755466669797897,-125.47193308189807,71.14534543439456,71.1453454343945,5.684341886080802e-14,-0.5,-196.61727851629257,-196.61727851629257,0.0,393.23455703258514,151.03301622117908,-496.19808961497057,102.96353258238543,393.26055908203125,151.052490234375,102.15670013427734,51.445491790771484,393.26055908203125,151.052490234375,0.0,0.0010245786979794502,-284.8963317871094,0.003491292241960764,0.04019299366766902
1024,35,trace_residue_plus_0_5,1.0474501936384617,0.06656606495380402,98.08841286846575,9.840988698090882,9.840988698090875,7.105427357601002e-15,0.5,88.24742417037487,88.24742417037487,0.0,176.49484834074974,30.557064871525412,-193.81689800569046,17.32204966494072,176.61776733398438,30.597103118896484,17.34002113342285,8.781987190246582,176.61776733398438,30.597103118896484,0.0,0.03682525083422661,-284.8963317871094,0.11663421988487244,1.3427344766284612
1024,35,trace_residue_plus_1_0,1.8978392416873089,0.06808915734291077,182.97500843443981,9.464926547194636,9.464926547194636,0.0,1.0,173.51008188724518,173.51008188724518,0.0,173.51008188724518,29.529326413056356,-190.21053290304974,16.70045101580456,173.62997436523438,29.567766189575195,16.718002319335938,8.469505310058594,173.62997436523438,29.567766189575195,0.0,0.06759528815746307,-284.8963317871094,0.12119480222463608,1.3952375168781246
1024,36,ordinary_branch,0.1760160967462511,0.060020022094249725,11.599607465200137,11.599607465200137,11.599607465200137,0.0,0.0,0.0,0.0,0.0,189.6873353421688,35.28319096879099,-209.89194427872388,20.204608936555076,189.43798828125,35.18680191040039,20.135942459106445,10.489396095275879,189.43798828125,35.18680191040039,0.0,0.006372902542352676,-284.8963317871094,0.0868632048368454,1.0
1024,36,cf_branch,0.17601609693332904,0.060020022094249725,11.599607483907931,11.599607483907931,11.599607483907931,0.0,0.0,0.0,0.0,0.0,189.6873354613781,35.28319101524117,-209.8919444273481,20.20460896597001,189.43798828125,35.18680191040039,20.135944366455078,10.489397048950195,189.43798828125,35.18680191040039,0.0,0.006372902076691389,-284.8963317871094,0.0868632048368454,1.0
1024,36,schatten_filtered_cf_branch,0.16350291525864533,0.1589520275592804,0.45508876993649394,0.45508876993649316,0.45508876993649394,7.771561172376096e-16,0.0,0.0,0.0,0.0,30.970657907426357,1.599507630108789,-31.8226779405956,0.8520200331692429,30.52509307861328,1.546889305114746,0.8218628168106079,0.598746120929718,30.52509307861328,1.546889305114746,0.0,0.000411088636610657,-284.8963317871094,0.1519014537334442,1.748743372049877
1024,36,trace_residue_minus_0_5,-1.2512172730925957,0.0035196193493902683,-125.4736892441986,71.48390397329351,71.48390397329351,0.0,-0.5,-196.9575932174921,-196.9575932174921,0.0,393.9151864349842,151.55174154052457,-497.2977842467122,103.38259781172798,393.86627197265625,151.51426696777344,102.52194213867188,52.00666809082031,393.86627197265625,151.51426696777344,0.0,0.0009185947710648179,-284.8963317871094,0.003491292241960764,0.04019299366766902
1024,36,trace_residue_plus_0_5,1.0286790927135279,0.06812343001365662,96.05556626998711,9.434152875178341,9.434152875178341,0.0,0.5,86.62141339480877,86.62141339480877,0.0,173.24282678961754,29.442708125539248,-189.89164242070711,16.648815631089576,173.00294494628906,29.357830047607422,16.59208106994629,8.682759284973145,173.00294494628906,29.357830047607422,0.0,0.036053016781806946,-284.8963317871094,0.11663421988487244,1.3427344766284612
1024,36,trace_residue_plus_1_0,1.8613734851351482,0.06973940879106522,179.1634076344083,9.050315301329903,9.05031530132991,7.105427357601002e-15,1.0,170.11309233307838,170.11309233307838,0.0,170.11309233307838,28.38540781364225,-186.1249453643453,16.011853031266924,169.88034057617188,28.30459213256836,15.958343505859375,8.357841491699219,169.88034057617188,28.30459213256836,0.0,0.06630839407444,-284.8963317871094,0.12119480222463608,1.3952375168781246
1024,37,ordinary_branch,0.17347263842732588,0.06068582087755203,11.278681754977384,11.278681754977384,11.278681754977391,7.105427357601002e-15,0.0,-7.105427357601002e-15,0.0,7.105427357601002e-15,187.38421927392483,34.432371104814926,-207.0663597208358,19.682140446910978,187.39788818359375,34.43947982788086,19.678590774536133,8.999802589416504,187.39788818359375,34.43947982788086,0.0,0.006124868523329496,-284.8963317871094,0.0868632048368454,1.0
1024,37,cf_branch,0.17347263906108765,0.06068582087755203,11.278681818353562,11.278681818353562,11.278681818353562,0.0,0.0,0.0,0.0,0.0,187.38421966135502,34.43237126299351,-207.06636020832127,19.682140546966252,187.39788818359375,34.43947982788086,19.678590774536133,8.999802589416504,187.39788818359375,34.43947982788086,0.0,0.0061248671263456345,-284.8963317871094,0.0868632048368454,1.0
1024,37,schatten_filtered_cf_branch,0.16171244633077242,0.157115176320076,0.45972700106964437,0.4597270010696448,0.45972700106964437,4.440892098500626e-16,0.0,0.0,0.0,0.0,31.240377129986882,1.6172820927025442,-32.10151065451073,0.8611335245238507,31.225177764892578,1.6162093877792358,0.8599716424942017,0.39564114809036255,31.225177764892578,1.6162093877792358,0.0,0.000489138881675899,-284.8963317871094,0.1519014537334442,1.748743372049877
1024,37,trace_residue_minus_0_5,-1.2511647503104313,0.0035806770902127028,-125.4745427400644,71.78626064650467,71.78626064650463,4.263256414560601e-14,-0.5,-197.26080338656902,-197.26080338656902,0.0,394.52160677313805,152.01441347727058,-498.2782247769576,103.75661800381954,394.48956298828125,151.98977661132812,102.898193359375,49.556060791015625,394.48956298828125,151.98977661132812,0.0,0.0008568887133151293,-284.8963317871094,0.003491292241960764,0.04019299366766902
1024,37,trace_residue_plus_0_5,1.0100904112212024,0.06922206282615662,94.08683483950458,9.048296390992022,9.048296390992029,7.105427357601002e-15,0.5,85.03853844851255,85.03853844851255,0.0,170.0770768970251,28.37775587343165,-186.0849425217117,16.007865624686588,170.09030151367188,28.38426971435547,16.007503509521484,7.243375778198242,170.09030151367188,28.38426971435547,0.0,0.035319551825523376,-284.8963317871094,0.11663421988487244,1.3427344766284612
1024,37,trace_residue_plus_1_0,1.825527086335088,0.0709192305803299,175.46078557547582,8.657345913615345,8.657345913615348,3.552713678800501e-15,1.0,166.80343966186047,166.80343966186047,0.0,166.80343966186047,27.292582049574783,-182.1600466019616,15.35660694010113,166.816162109375,27.298751831054688,15.356531143188477,6.931561470031738,166.816162109375,27.298751831054688,0.0,0.06506974250078201,-284.8963317871094,0.12119480222463608,1.3952375168781246
1024,38,ordinary_branch,0.17201975857926172,0.06226759031414986,10.975216826511186,10.975216826511186,10.975216826511193,7.105427357601002e-15,0.0,-7.105427357601002e-15,0.0,7.105427357601002e-15,185.16791740059853,33.62343697425247,-204.3546632373358,19.186745836737288,185.57688903808594,33.78217315673828,19.27771759033203,9.240673065185547,185.57688903808594,33.78217315673828,0.0,0.005868752021342516,-284.8963317871094,0.0868632048368454,1.0
1024,38,cf_branch,0.17201975982868167,0.06226759031414986,10.97521695145318,10.975216951453177,10.97521695145318,3.552713678800501e-15,0.0,0.0,0.0,0.0,185.1679182946682,33.62343730383165,-204.35466433423596,19.186746039567765,185.57688903808594,33.78217315673828,19.27771759033203,9.240673065185547,185.57688903808594,33.78217315673828,0.0,0.005868751090019941,-284.8963317871094,0.0868632048368454,1.0
1024,38,schatten_filtered_cf_branch,0.16255873571672744,0.15791457891464233,0.4644156802085113,0.46441568020851065,0.4644156802085113,6.661338147750939e-16,0.0,0.0,0.0,0.0,31.507168867625296,1.6351450753665442,-32.377484619327106,0.8703157517018099,32.313533782958984,1.755178451538086,0.9383324384689331,0.21171611547470093,32.313533782958984,1.755178451538086,0.0,0.0003439422871451825,-284.8963317871094,0.1519014537334442,1.748743372049877
1024,38,trace_residue_minus_0_5,-1.2510411184788361,0.0037045390345156193,-125.47456575133518,72.044011690238,72.04401169023797,2.842170943040401e-14,-0.5,-197.51857744157314,-197.51857744157314,0.0,395.0371548831463,152.40824667625347,-499.1123815278372,104.07522664469093,395.1444091796875,152.49160766601562,103.29623413085938,51.0057373046875,395.1444091796875,152.49160766601562,0.0,0.0008283834322355688,-284.8963317871094,0.003491292241960764,0.04019299366766902
1024,38,trace_residue_plus_0_5,0.9931846276517975,0.0713868960738182,92.17977315779792,8.682186609469525,8.682186609469525,0.0,0.5,83.4975865483284,83.4975865483284,0.0,166.9951730966568,27.359826204701996,-182.39264156365542,15.397468466998617,167.38449096679688,27.496803283691406,15.476656913757324,7.373048305511475,167.38449096679688,27.496803283691406,0.0,0.03457299619913101,-284.8963317871094,0.11663421988487244,1.3427344766284612
1024,38,trace_residue_plus_1_0,1.7918317293398256,0.0731930360198021,171.86386933200234,8.28478265576237,8.284782655762372,1.7763568394002505e-15,1.0,163.57908667623997,163.57908667623997,0.0,163.57908667623997,26.248510023924382,-178.31207834090185,14.732991664661881,163.9550323486328,26.377925872802734,14.807716369628906,7.047527313232422,163.9550323486328,26.377925872802734,0.0,0.06382478028535843,-284.8963317871094,0.12119480222463608,1.3952375168781246
1024,39,ordinary_branch,0.16998713630239493,0.06310563534498215,10.688150095741278,10.688150095741278,10.688150095741282,3.552713678800501e-15,0.0,-3.552713678800501e-15,0.0,3.552713678800501e-15,183.0354033112526,32.85418344543146,-201.75228949478196,18.71688618352937,183.1361846923828,32.888301849365234,18.730125427246094,9.352893829345703,183.1361846923828,32.888301849365234,0.0,0.005642429925501347,-284.8963317871094,0.0868632048368454,1.0
1024,39,cf_branch,0.16998713592168785,0.06310563534498215,10.688150057670569,10.688150057670569,10.688150057670569,0.0,0.0,0.0,0.0,0.0,183.03540310263634,32.85418335197603,-201.75228922648137,18.71688612384503,183.1361846923828,32.88829803466797,18.730127334594727,9.352879524230957,183.1361846923828,32.88829803466797,0.0,0.005642428994178772,-284.8963317871094,0.0868632048368454,1.0
1024,39,schatten_filtered_cf_branch,0.16269488047110992,0.15800288319587708,0.46919972752328265,0.4691997275232822,0.46919972752328265,4.440892098500626e-16,0.0,0.0,0.0,0.0,31.771235504187644,1.6532001460994192,-32.65087056447426,0.879635060286617,31.943653106689453,1.6537278890609741,0.8781320452690125,0.23583516478538513,31.943653106689453,1.6537278890609741,0.0,0.0004284257593099028,-284.8963317871094,0.1519014537334442,1.748743372049877
1024,39,trace_residue_minus_0_5,-1.2512137440411306,0.003525779116898775,-125.47395231580295,72.25026591861689,72.25026591861688,1.4210854715202004e-14,-0.5,-197.72421823441982,-197.72421823441982,0.0,395.44843646883965,152.72286314103673,-499.7784012292336,104.32996476039398,395.4573974609375,152.73007202148438,103.48473358154297,51.93107223510742,395.4573974609375,152.73007202148438,0.0,0.0008285497315227985,-284.8963317871094,0.003491292241960764,0.04019299366766902
1024,39,trace_residue_plus_0_5,0.9760764335577713,0.07275410741567612,90.33223261420952,8.334704195310934,8.334704195310934,0.0,0.5,81.99752841889858,81.99752841889858,0.0,163.99505683779716,26.38674886848711,-178.81110554776012,14.816048709962956,164.08706665039062,26.414344787597656,14.828493118286133,7.40035343170166,164.08706665039062,26.414344787597656,0.0,0.033869948238134384,-284.8963317871094,0.11663421988487244,1.3427344766284612
1024,39,trace_residue_plus_1_0,1.7583477606818576,0.0746510848402977,168.369667584156,7.93148220524688,7.931482205246873,7.105427357601002e-15,1.0,160.4381853789091,160.4381853789091,0.0,160.4381853789091,25.25100307231689,-174.57759138269057,14.13940600378146,160.5264892578125,25.276931762695312,14.151299476623535,7.06382417678833,160.5264892578125,25.276931762695312,0.0,0.06263181567192078,-284.8963317871094,0.12119480222463608,1.3952375168781246
1024,40,ordinary_branch,0.1678534877375415,0.06368948519229889,10.416400254524262,10.416400254524262,10.416400254524259,3.552713678800501e-15,0.0,3.552713678800501e-15,0.0,3.552713678800501e-15,180.98331227898598,32.12231857581016,-199.2542924255683,18.270980146582332,180.52203369140625,31.949594497680664,18.15803337097168,8.704619407653809,180.52203369140625,31.949594497680664,0.0,0.005451256409287453,-284.8963317871094,0.0868632048368454,1.0
1024,40,cf_branch,0.16785348843896436,0.06368948519229889,10.416400324666547,10.416400324666554,10.416400324666547,7.105427357601002e-15,0.0,0.0,0.0,0.0,180.98331275582314,32.12231875744634,-199.25429301521362,18.270980259390484,180.52203369140625,31.94959259033203,18.15803337097168,8.704619407653809,180.52203369140625,31.94959259033203,0.0,0.005451255012303591,-284.8963317871094,0.0868632048368454,1.0
1024,40,schatten_filtered_cf_branch,0.1613770151473206,0.15663695335388184,0.47400617934387734,0.47400617934388123,0.47400617934387734,3.885780586188048e-15,0.0,0.0,0.0,0.0,32.03183244820684,1.6712457038357156,-32.92080328127922,0.8889708330723778,31.04534912109375,1.5507636070251465,0.8225014805793762,0.7232538461685181,31.04534912109375,1.5507636070251465,0.0,0.00041548602166585624,-284.8963317871094,0.1519014537334442,1.748743372049877
1024,40,trace_residue_minus_0_5,-1.2512021401884796,0.003530920250341296,-125.47330604388209,72.39547374949953,72.3954737494996,7.105427357601002e-14,-0.5,-197.8687797933817,-197.8687797933817,0.0,395.7375595867634,152.94418188627736,-500.2467940625783,104.50923447581494,395.68914794921875,152.9062957763672,103.62391662597656,50.60437774658203,395.68914794921875,152.9062957763672,0.0,0.0008754125447012484,-284.8963317871094,0.003491292241960764,0.04019299366766902
1024,40,trace_residue_plus_0_5,0.9592231868983803,0.07380299270153046,88.54201941968498,8.004765086188883,8.004765086188886,3.552713678800501e-15,0.5,80.5372543334961,80.5372543334961,0.0,161.0745086669922,25.45636953829264,-175.33657207625765,14.262063409265465,160.64300537109375,25.31216049194336,14.172149658203125,6.762237548828125,160.64300537109375,25.31216049194336,0.0,0.033208608627319336,-284.8963317871094,0.11663421988487244,1.3427344766284612
1024,40,trace_residue_plus_1_0,1.725533307100616,0.0757821798324585,164.97511272681575,7.596347322591356,7.596347322591363,7.105427357601002e-15,1.0,157.3787654042244,157.3787654042244,0.0,157.3787654042244,24.297909123292264,-170.9530617228819,13.574296318657503,156.9642791748047,24.162729263305664,13.490645408630371,6.426238536834717,156.9642791748047,24.162729263305664,0.0,0.061488375067710876,-284.8963317871094,0.12119480222463608,1.3952375168781246
1024,41,ordinary_branch,0.16606243886128624,0.06447333842515945,10.158910043612678,10.158910043612678,10.158910043612693,1.4210854715202004e-14,0.0,-1.4210854715202004e-14,0.0,1.4210854715202004e-14,179.00774064660072,31.42551155523686,-196.8551937780802,17.847453131479483,179.03440856933594,31.429887771606445,17.84313201904297,8.167476654052734,179.03440856933594,31.429887771606445,0.0,0.005271187983453274,-284.8963317871094,0.0868632048368454,1.0
1024,41,cf_branch,0.16606243943625076,0.06447333842515945,10.158910101109129,10.158910101109129,10.158910101109129,0.0,0.0,0.0,0.0,0.0,179.00774112343788,31.42551171463226,-196.85519435064336,17.847453227205477,179.03440856933594,31.429887771606445,17.8431339263916,8.16747760772705,179.03440856933594,31.429887771606445,0.0,0.0052711875177919865,-284.8963317871094,0.0868632048368454,1.0
1024,41,schatten_filtered_cf_branch,0.16103280899263628,0.15624409914016724,0.4788709852469042,0.47887098524690686,0.4788709852469042,2.6645352591003757e-15,0.0,0.0,0.0,0.0,32.289175250567496,1.6893877450607901,-33.18756015272989,0.8983849021623911,32.28497314453125,1.6740527153015137,0.8895758390426636,0.15311425924301147,32.28497314453125,1.6740527153015137,0.0,0.0004286716284696013,-284.8963317871094,0.1519014537334442,1.748743372049877
1024,41,trace_residue_minus_0_5,-1.2512726313156404,0.003456426551565528,-125.47290578672059,72.4801869224631,72.4801869224631,0.0,-0.5,-197.9530927091837,-197.9530927091837,0.0,395.9061854183674,153.07327906575804,-500.5199971705047,104.61381175213734,395.87933349609375,153.0521697998047,103.73966217041016,50.33940505981445,395.87933349609375,153.0521697998047,0.0,0.0009258483769372106,-284.8963317871094,0.003491292241960764,0.04019299366766902
1024,41,trace_residue_plus_0_5,0.9431743279238627,0.07510492950677872,86.8069398417084,7.69134494056388,7.691344940563889,8.881784197001252e-15,0.5,79.1155949011445,79.1155949011445,0.0,158.231189802289,24.566603429771426,-171.96522848115984,13.734038678870832,158.2632293701172,24.57198715209961,13.733701705932617,6.190970420837402,158.2632293701172,24.57198715209961,0.0,0.03255810961127281,-284.8963317871094,0.11663421988487244,1.3427344766284612
1024,41,trace_residue_plus_1_0,1.693944957470439,0.07717370986938477,161.67712476010541,7.278341866090088,7.278341866090091,3.552713678800501e-15,1.0,154.3987828940153,154.3987828940153,0.0,154.3987828940153,23.387150647683853,-167.43496353810667,13.03618064409136,154.43115234375,23.392744064331055,13.03643798828125,5.85882568359375,154.43115234375,23.392744064331055,0.0,0.06036334112286568,-284.8963317871094,0.12119480222463608,1.3952375168781246
1024,42,ordinary_branch,0.16474786267241967,0.06560041755437851,9.914744511804116,9.914744511804116,9.914744511804116,0.0,0.0,0.0,0.0,0.0,177.10533943772316,30.761707623251606,-194.55025385486908,17.444914417145924,176.87582397460938,30.685077667236328,17.393301010131836,8.02314281463623,176.87582397460938,30.685077667236328,0.0,0.005065063014626503,-284.8963317871094,0.0868632048368454,1.0
1024,42,cf_branch,0.16474786397528457,0.06560041755437851,9.914744642090607,9.914744642090596,9.914744642090607,1.0658141036401503e-14,0.0,0.0,0.0,0.0,177.10534045100212,30.761707976435183,-194.55025508259212,17.444914631589995,176.87579345703125,30.685077667236328,17.393299102783203,8.023157119750977,176.87579345703125,30.685077667236328,0.0,0.005065063014626503,-284.8963317871094,0.0868632048368454,1.0
1024,42,schatten_filtered_cf_branch,0.16078925585151796,0.15595288574695587,0.48363701045620744,0.48363701045620644,0.48363701045620744,9.992007221626409e-16,0.0,0.0,0.0,0.0,32.54174485523254,1.7071679748476005,-33.44935376421604,0.9076089089835051,32.0998649597168,1.6896898746490479,0.9002789258956909,0.5910734534263611,32.0998649597168,1.6896898746490479,0.0,0.0003715159837156534,-284.8963317871094,0.1519014537334442,1.748743372049877
1024,42,trace_residue_minus_0_5,-1.2511580855950246,0.003573674475774169,-125.47317600707987,72.50518980164546,72.50518980164549,2.842170943040401e-14,-0.5,-197.97836580872536,-197.97836580872536,0.0,395.9567316174507,153.11171681999872,-500.60154566892965,104.64481405147893,395.92095947265625,153.08409118652344,103.76499938964844,50.065284729003906,395.92095947265625,153.08409118652344,0.0,0.0009503128239884973,-284.8963317871094,0.003491292241960764,0.04019299366766902
1024,42,trace_residue_plus_0_5,0.9280332949179357,0.07678387314081192,85.12494217771238,7.393491389035631,7.393491389035642,1.0658141036401503e-14,0.5,77.73145078867674,77.73145078867674,0.0,155.46290157735348,23.715490851147745,-168.69349847567537,13.230596898321892,155.24737548828125,23.652557373046875,13.191264152526855,6.009969234466553,155.24737548828125,23.652557373046875,0.0,0.03191109001636505,-284.8963317871094,0.11663421988487244,1.3427344766284612
1024,42,trace_residue_plus_1_0,1.6636797154778262,0.07895220071077347,158.47275147670527,6.976494603693681,6.9764946036936895,8.881784197001252e-15,1.0,151.4962568730116,151.4962568730116,0.0,151.4962568730116,22.516750817336725,-164.01991688269783,12.523660009686239,151.28912353515625,22.457744598388672,12.487144470214844,5.670604705810547,151.28912353515625,22.457744598388672,0.0,0.059251897037029266,-284.8963317871094,0.12119480222463608,1.3952375168781246
1024,43,ordinary_branch,0.16424762832071607,0.06741692870855331,9.683069961216276,9.683069961216276,9.683069961216269,7.105427357601002e-15,0.0,7.105427357601002e-15,0.0,7.105427357601002e-15,175.27297912538052,30.129048330474077,-192.33509454446283,17.062115419082318,175.3551788330078,30.16061782836914,17.076223373413086,8.9735746383667,175.3551788330078,30.16061782836914,0.0,0.0048429290764033794,-284.8963317871094,0.0868632048368454,1.0
1024,43,cf_branch,0.1642476217984336,0.06741692125797272,9.683070054046087,9.683070054046098,9.683070054046087,1.0658141036401503e-14,0.0,0.0,0.0,0.0,175.27297984063625,30.12904858067917,-192.33509541204418,17.06211557140793,175.35519409179688,30.160619735717773,17.076221466064453,8.973573684692383,175.35519409179688,30.160619735717773,0.0,0.004842928145080805,-284.8963317871094,0.0868632048368454,1.0
1024,43,schatten_filtered_cf_branch,0.16287164920629266,0.15798859298229218,0.48830562240004927,0.4883056224000484,0.48830562240004927,8.881784197001252e-16,0.0,0.0,0.0,0.0,32.7896269550547,1.7245945525068795,-33.706273241994495,0.9166462869397947,33.011009216308594,1.7600274085998535,0.9374239444732666,0.4258652925491333,33.011009216308594,1.7600274085998535,0.0,0.0003211724688299,-284.8963317871094,0.1519014537334442,1.748743372049877
1024,43,trace_residue_minus_0_5,-1.2510881176178636,0.0036515528336167336,-125.47396704514804,72.48052762488544,72.48052762488541,2.842170943040401e-14,-0.5,-197.95449467003345,-197.95449467003345,0.0,395.9089893400669,153.07471288096343,-500.5235941703786,104.61460483031169,395.9092102050781,153.07518005371094,103.75796508789062,53.00434875488281,395.9092102050781,153.07518005371094,0.0,0.0009490551892668009,-284.8963317871094,0.003491292241960764,0.04019299366766902
1024,43,trace_residue_plus_0_5,0.9142427505588984,0.0793018564581871,83.49408941007113,7.110322699312931,7.1103226993129205,1.0658141036401503e-14,0.5,76.38376671075821,76.38376671075821,0.0,152.76753342151642,22.90119241860979,-165.51798774672844,12.750454325212019,152.8540802001953,22.93008804321289,12.765472412109375,6.754844665527344,152.8540802001953,22.93008804321289,0.0,0.03125087916851044,-284.8963317871094,0.11663421988487244,1.3427344766284612
1024,43,trace_residue_plus_1_0,1.6351858458838597,0.08159436285495758,155.35914830289022,6.689898142434515,6.689898142434529,1.4210854715202004e-14,1.0,148.6692501604557,148.6692501604557,0.0,148.6692501604557,21.684833419938116,-160.70466788856152,12.035417728105813,148.75323486328125,21.712024688720703,12.04967975616455,6.3872971534729,148.75323486328125,21.712024688720703,0.0,0.05813537910580635,-284.8963317871094,0.12119480222463608,1.3952375168781246
1024,44,ordinary_branch,0.1618050826812234,0.06717294454574585,9.463213813547753,9.463213813547753,9.46321381354775,3.552713678800501e-15,0.0,3.552713678800501e-15,0.0,3.552713678800501e-15,173.5086482167244,29.526086228202466,-190.20671267400206,16.698064457277667,173.56329345703125,29.550914764404297,16.70883560180664,7.331979751586914,173.56329345703125,29.550914764404297,0.0,0.0047213234938681126,-284.8963317871094,0.0868632048368454,1.0
1024,44,cf_branch,0.1618050917337861,0.06717295199632645,9.463213973745965,9.463213973745951,9.463213973745965,1.4210854715202004e-14,0.0,0.0,0.0,0.0,173.50864946842194,29.526086662898656,-190.20671418950582,16.69806472108388,173.56332397460938,29.550914764404297,16.70883560180664,7.331964492797852,173.56332397460938,29.550914764404297,0.0,0.004721322562545538,-284.8963317871094,0.0868632048368454,1.0
1024,44,schatten_filtered_cf_branch,0.1600475872973116,0.15511861443519592,0.4928972862115686,0.49289728621156925,0.4928972862115686,6.661338147750939e-16,0.0,0.0,0.0,0.0,33.03306556120515,1.741716081343228,-33.95859428652584,0.9255287253206887,33.2253303527832,1.7924829721450806,0.9540348649024963,0.2042875587940216,33.2253303527832,1.7924829721450806,0.0,0.00037641412927769125,-284.8963317871094,0.1519014537334442,1.748743372049877
1024,44,trace_residue_minus_0_5,-1.2511563009032016,0.00359716871753335,-125.4753469620735,72.41141243829424,72.41141243829424,0.0,-0.5,-197.88675940036774,-197.88675940036774,0.0,395.7735188007355,152.97028891529135,-500.3031690680383,104.52965026730283,395.7615661621094,152.96128845214844,103.66732788085938,49.596221923828125,395.7615661621094,152.96128845214844,0.0,0.0009585088700987399,-284.8963317871094,0.003491292241960764,0.04019299366766902
1024,44,trace_residue_plus_0_5,0.898530979771509,0.07940447330474854,81.91265064667604,6.841029668261015,6.841029668261029,1.4210854715202004e-14,0.5,75.07162097841501,75.07162097841501,0.0,150.14324195683002,22.122013151012496,-162.43567204065891,12.29243008382889,150.19772338867188,22.14356231689453,12.303629875183105,5.263234615325928,150.19772338867188,22.14356231689453,0.0,0.030698655173182487,-284.8963317871094,0.11663421988487244,1.3427344766284612
1024,44,trace_residue_plus_1_0,1.6050882101793889,0.08175141364336014,152.33367965360287,6.417708404260907,6.417708404260905,1.7763568394002505e-15,1.0,145.91597124934196,145.91597124934196,0.0,145.91597124934196,20.889634875064715,-157.48619399655183,11.570222747209868,145.9678192138672,20.90945053100586,11.580610275268555,4.927382469177246,145.9678192138672,20.90945053100586,0.0,0.05713450163602829,-284.8963317871094,0.12119480222463608,1.3952375168781246
1024,45,ordinary_branch,0.16026885926419882,0.06772617250680923,9.254268675738956,9.254268675738956,9.254268675738956,0.0,0.0,0.0,0.0,0.0,171.80809071660042,28.95068482729957,-188.1594578286673,16.351367112066896,171.99609375,29.019325256347656,16.388545989990234,6.791288375854492,171.99609375,29.019325256347656,0.0,0.0045793140307068825,-284.8963317871094,0.0868632048368454,1.0
1024,45,cf_branch,0.16026886017177625,0.06772617250680923,9.2542687664967,9.254268766496693,9.2542687664967,7.105427357601002e-15,0.0,0.0,0.0,0.0,171.8080914914608,28.95068508093601,-188.15945875523977,16.351367263778968,171.99612426757812,29.019325256347656,16.388545989990234,6.79127311706543,171.99612426757812,29.019325256347656,0.0,0.004579313565045595,-284.8963317871094,0.0868632048368454,1.0
1024,45,schatten_filtered_cf_branch,0.15934626256919435,0.154371440410614,0.4974822158580332,0.4974822158580352,0.4974822158580332,1.9984014443252818e-15,0.0,0.0,0.0,0.0,33.27257190551609,1.7587502358219576,-34.206952209688225,0.9343803041721372,33.713783264160156,1.8230721950531006,0.9693752527236938,0.013603031635284424,33.713783264160156,1.8230721950531006,0.0,0.0004333106044214219,-284.8963317871094,0.1519014537334442,1.748743372049877
1024,45,trace_residue_minus_0_5,-1.2512690329134113,0.003503834130242467,-125.47728670436537,72.30509937506517,72.30509937506521,4.263256414560601e-14,-0.5,-197.78238607943058,-197.78238607943058,0.0,395.56477215886116,152.809507596434,-499.9636817534509,104.39890959458972,395.5589294433594,152.8050994873047,103.54305267333984,48.74843978881836,395.5589294433594,152.8050994873047,0.0,0.0009093424887396395,-284.8963317871094,0.003491292241960764,0.04019299366766902
1024,45,trace_residue_plus_0_5,0.8842440716843613,0.08045820891857147,80.37858627657897,6.584788768696853,6.584788768696853,0.0,0.5,73.79379750788212,73.79379750788212,0.0,147.58759501576424,21.376155050656052,-159.44289483303368,11.85529981726944,147.75079345703125,21.428068161010742,11.88427448272705,4.733480930328369,147.75079345703125,21.428068161010742,0.0,0.03012843243777752,-284.8963317871094,0.11663421988487244,1.3427344766284612
1024,45,trace_residue_plus_1_0,1.5768206157867044,0.08288682997226715,149.39337858144373,6.15909510437578,6.15909510437578,0.0,1.0,143.23428347706795,143.23428347706795,0.0,143.23428347706795,20.12936486639569,-154.36113027635088,11.12684679928293,143.38748168945312,20.176616668701172,11.153213500976562,4.405891418457031,143.38748168945312,20.176616668701172,0.0,0.0561237595975399,-284.8963317871094,0.12119480222463608,1.3952375168781246
1024,46,ordinary_branch,0.15999042572765348,0.0694352313876152,9.055519434003827,9.055519434003827,9.055519434003813,1.4210854715202004e-14,0.0,1.4210854715202004e-14,0.0,1.4210854715202004e-14,170.1682759076357,28.401194970118937,-186.1892108489664,16.020934941330722,170.07400512695312,28.3676815032959,15.996005058288574,7.750131130218506,170.07400512695312,28.3676815032959,0.0,0.004384658299386501,-284.8963317871094,0.0868632048368454,1.0
1024,46,cf_branch,0.15999042726672755,0.0694352313876152,9.055519587911235,9.055519587911235,9.055519587911235,0.0,0.0,0.0,0.0,0.0,170.16827715933323,28.401195393336053,-186.18921235582653,16.020935196493298,170.07400512695312,28.367685317993164,15.996005058288574,7.750131130218506,170.07400512695312,28.367685317993164,0.0,0.004384657833725214,-284.8963317871094,0.0868632048368454,1.0
1024,46,schatten_filtered_cf_branch,0.16110471959117628,0.15608477592468262,0.5019943666493676,0.5019943666493667,0.5019943666493676,8.881784197001252e-16,0.0,0.0,0.0,0.0,33.50764910969883,1.775513862099238,-34.45074015528683,0.9430910455879982,33.24890899658203,1.7412738800048828,0.9241247773170471,0.5214037895202637,33.24890899658203,1.7412738800048828,0.0,0.0003696990024764091,-284.8963317871094,0.1519014537334442,1.748743372049877
1024,46,trace_residue_minus_0_5,-1.2511649180740998,0.003631260246038437,-125.47961783201383,72.17050166635823,72.17050166635825,1.4210854715202004e-14,-0.5,-197.65011949837208,-197.65011949837208,0.0,395.30023899674416,152.60584362460528,-499.53358092811186,104.2333419313677,395.24969482421875,152.56654357910156,103.35316467285156,51.02106475830078,395.24969482421875,152.56654357910156,0.0,0.0008374159806407988,-284.8963317871094,0.003491292241960764,0.04019299366766902
1024,46,trace_residue_plus_0_5,0.8717698964965035,0.08286885917186737,78.89010373246361,6.340855439421432,6.340855439421432,0.0,0.5,72.54924829304218,72.54924829304218,0.0,145.09849658608437,20.661990809382523,-156.53645217303892,11.437955586954558,145.011962890625,20.63558578491211,11.420639991760254,5.503288745880127,145.011962890625,20.63558578491211,0.0,0.029526015743613243,-284.8963317871094,0.11663421988487244,1.3427344766284612
1024,46,trace_residue_plus_1_0,1.550774704951556,0.08541933447122574,146.535537048033,5.9132930028946475,5.913293002894651,3.552713678800501e-15,1.0,140.62224404513836,140.62224404513836,0.0,140.62224404513836,19.402360836590404,-151.3263975913647,10.704153546226337,140.54055786132812,19.378231048583984,10.688570976257324,5.142693996429443,140.54055786132812,19.378231048583984,0.0,0.05509050190448761,-284.8963317871094,0.12119480222463608,1.3952375168781246
1024,47,ordinary_branch,0.15801762387659934,0.06935320794582367,8.866441593077568,8.866441593077568,8.86644159307756,7.105427357601002e-15,0.0,7.105427357601002e-15,0.0,7.105427357601002e-15,168.5874171257019,27.87644684421658,-184.29339853190538,15.705981406203477,168.6046142578125,27.88666534423828,15.708403587341309,6.548652172088623,168.6046142578125,27.88666534423828,0.0,0.0042863585986196995,-284.8963317871094,0.0868632048368454,1.0
1024,47,cf_branch,0.15801762476840753,0.06935320794582367,8.866441682258387,8.866441682258369,8.866441682258387,1.7763568394002505e-14,0.0,0.0,0.0,0.0,168.58741787075996,27.87644709100691,-184.29339942527002,15.70598155451006,168.6046142578125,27.886667251586914,15.708404541015625,6.548652648925781,168.6046142578125,27.886667251586914,0.0,0.004286358132958412,-284.8963317871094,0.0868632048368454,1.0
1024,47,schatten_filtered_cf_branch,0.1590489350251312,0.153983935713768,0.5064999311363204,0.5064999311363216,0.5064999311363204,1.2212453270876722e-15,0.0,0.0,0.0,0.0,33.73899803403765,1.792190916408246,-34.6907692941376,0.951771260099953,33.86331558227539,1.8160593509674072,0.9638350605964661,0.1334640085697174,33.86331558227539,1.8160593509674072,0.0,0.0003611000720411539,-284.8963317871094,0.1519014537334442,1.748743372049877
1024,47,trace_residue_minus_0_5,-1.2512555666794645,0.0035659964196383953,-125.4821563099103,72.01439584451145,72.01439584451151,5.684341886080802e-14,-0.5,-197.4965521544218,-197.4965521544218,0.0,394.9931043088436,152.3694923434997,-499.03436337252015,104.04125906367653,395.0384216308594,152.40464782714844,103.22477722167969,48.593055725097656,395.0384216308594,152.40464782714844,0.0,0.0007806197972968221,-284.8963317871094,0.003491292241960764,0.04019299366766902
1024,47,trace_residue_plus_0_5,0.8576229504357773,0.08316633105278015,77.44566193829971,6.108563488831095,6.108563488831088,7.105427357601002e-15,0.5,71.33709844946861,71.33709844946861,0.0,142.67419689893723,19.978064033777027,-153.7136023936248,11.039405494687571,142.69180297851562,19.986835479736328,11.043356895446777,4.415568828582764,142.69180297851562,19.986835479736328,0.0,0.029016708955168724,-284.8963317871094,0.11663421988487244,1.3427344766284612
1024,47,trace_residue_plus_1_0,1.5233506274999897,0.08577361702919006,143.75770104707996,5.679599501507681,5.679599501507681,0.0,1.0,138.07810154557228,138.07810154557228,0.0,138.07810154557228,18.707084755180986,-148.37919724732103,10.30109570174875,138.09458923339844,18.71499252319336,10.304752349853516,4.082757949829102,138.09458923339844,18.71499252319336,0.0,0.05415714159607887,-284.8963317871094,0.12119480222463608,1.3952375168781246
1024,48,ordinary_branch,0.15656809197099064,0.06970484554767609,8.686324642331456,8.686324642331456,8.686324642331456,0.0,0.0,0.0,0.0,0.0,167.06199552118778,27.374733575476068,-182.46739927773217,15.405403756544388,166.72425842285156,27.256999969482422,15.330004692077637,6.520555019378662,166.72425842285156,27.256999969482422,0.0,0.004168091341853142,-284.8963317871094,0.0868632048368454,1.0
1024,48,cf_branch,0.15656809376276526,0.06970484554767609,8.686324821508915,8.686324821508919,8.686324821508915,3.552713678800501e-15,0.0,0.0,0.0,0.0,167.06199698150158,27.374734068057585,-182.46740103505635,15.405404053554776,166.72425842285156,27.256999969482422,15.330004692077637,6.520555019378662,166.72425842285156,27.256999969482422,0.0,0.0041680908761918545,-284.8963317871094,0.0868632048368454,1.0
1024,48,schatten_filtered_cf_branch,0.15867046037918728,0.15356111526489258,0.5109345114294687,0.5109345114294683,0.5109345114294687,3.3306690738754696e-16,0.0,0.0,0.0,0.0,33.96576956566423,1.8085917862626482,-34.92608015488922,0.9603105892249886,33.168968200683594,1.7082432508468628,0.9055892825126648,0.269692987203598,33.168968200683594,1.7082432508468628,0.0,0.0003331734915263951,-284.8963317871094,0.1519014537334442,1.748743372049877
1024,48,trace_residue_minus_0_5,-1.2514272997557117,0.0034198847133666277,-125.48471844690783,71.84508987766759,71.84508987766759,0.0,-0.5,-197.32980832457542,-197.32980832457542,0.0,394.65961664915085,152.1129936159644,-498.49248499210887,103.83286834295802,394.58843994140625,152.05775451660156,102.94876861572266,48.76393508911133,394.58843994140625,152.05775451660156,0.0,0.0007010837434791028,-284.8963317871094,0.003491292241960764,0.04019299366766902
1024,48,trace_residue_plus_0_5,0.8444553781154358,0.08402052521705627,76.04348528983795,5.887237398352241,5.887237398352248,7.105427357601002e-15,0.5,70.15624789148569,70.15624789148569,0.0,140.31249578297138,19.322845951636616,-150.9711236255576,10.658627842586213,140.00811767578125,19.23333740234375,10.604701042175293,4.340413570404053,140.00811767578125,19.23333740234375,0.0,0.028502171859145164,-284.8963317871094,0.11663421988487244,1.3427344766284612
1024,48,trace_residue_plus_1_0,1.4972732503798907,0.0867014229297638,141.05718274501268,5.457326576980975,5.457326576980977,1.7763568394002505e-15,1.0,135.5998561680317,135.5998561680317,0.0,135.5998561680317,18.04199084495471,-145.5164916337277,9.916635465696004,135.31369018554688,17.960832595825195,9.868172645568848,4.003780841827393,135.31369018554688,17.960832595825195,0.0,0.05322745069861412,-284.8963317871094,0.12119480222463608,1.3952375168781246
1024,49,ordinary_branch,0.15728071453950704,0.072134830057621,8.514588448188604,8.514588448188604,8.514588448188608,3.552713678800501e-15,0.0,-3.552713678800501e-15,0.0,3.552713678800501e-15,165.58947908878326,26.894692742394085,-180.70778998991221,15.11831090112895,165.7845916748047,26.96527099609375,15.157644271850586,7.671328544616699,165.7845916748047,26.96527099609375,0.0,0.003981300629675388,-284.8963317871094,0.0868632048368454,1.0
1024,49,cf_branch,0.15728071652555398,0.072134830057621,8.514588646793296,8.5145886467933,8.514588646793296,3.552713678800501e-15,0.0,0.0,0.0,0.0,165.58948081731796,26.894693299983686,-180.70779205119032,15.118311233872362,165.78460693359375,26.96527099609375,15.157644271850586,7.671320915222168,165.78460693359375,26.96527099609375,0.0,0.003981300164014101,-284.8963317871094,0.0868632048368454,1.0
1024,49,schatten_filtered_cf_branch,0.1616459099707312,0.1564951092004776,0.5150800770253601,0.5150800770253596,0.5150800770253601,4.440892098500626e-16,0.0,0.0,0.0,0.0,34.18538242019713,1.8240513537512975,-35.15371067521572,0.9683282550185908,34.65688705444336,1.9200828075408936,1.0241127014160156,0.18897247314453125,34.65688705444336,1.9200828075408936,0.0,0.00029392956639640033,-284.8963317871094,0.1519014537334442,1.748743372049877
1024,49,trace_residue_minus_0_5,-1.2512125360653492,0.003661313559859991,-125.48738496252092,71.666937050738,71.66693705073801,1.4210854715202004e-14,-0.5,-197.15432201325893,-197.15432201325893,0.0,394.30864402651787,151.84307202792672,-497.9222252109531,103.61358118443525,394.3130187988281,151.84671020507812,102.78140258789062,51.90234375,394.3130187988281,151.84671020507812,0.0,0.0006685879779979587,-284.8963317871094,0.003491292241960764,0.04019299366766902
1024,49,trace_residue_plus_0_5,0.8341202749194022,0.08730049431324005,74.68197806061622,5.676257922066412,5.676257922066409,3.552713678800501e-15,0.5,69.0057201385498,69.0057201385498,0.0,138.0114402770996,18.694930245062064,-148.30612449863725,10.294684221537636,138.19029235839844,18.74950408935547,10.325697898864746,5.230315685272217,138.19029235839844,18.74950408935547,0.0,0.027922801673412323,-284.8963317871094,0.11663421988487244,1.3427344766284612
1024,49,trace_residue_plus_1_0,1.4744462616617886,0.09013146162033081,138.43148000414578,5.24583461011855,5.2458346101185604,1.0658141036401503e-14,1.0,133.18564539402723,133.18564539402723,0.0,133.18564539402723,17.40562930562902,-142.73544924991722,9.54980385588999,133.3533935546875,17.454845428466797,9.577696800231934,4.857146739959717,133.3533935546875,17.454845428466797,0.0,0.052241746336221695,-284.8963317871094,0.12119480222463608,1.3952375168781246
1024,50,ordinary_branch,0.15713482675722276,0.07362569123506546,8.35091355221573,8.35091355221573,8.35091355221573,0.0,0.0,0.0,0.0,0.0,164.16895572841167,26.4356234455816,-179.01318275677454,14.844227028362866,164.43406677246094,26.528369903564453,14.896784782409668,8.352575302124023,164.43406677246094,26.528369903564453,0.0,0.003813510062173009,-284.8963317871094,0.0868632048368454,1.0
1024,50,cf_branch,0.1571348284294792,0.07362569123506546,8.350913719441374,8.35091371944138,8.350913719441374,5.329070518200751e-15,0.0,0.0,0.0,0.0,164.16895718872547,26.43562391485073,-179.0131844971656,14.84422730844014,164.43406677246094,26.528369903564453,14.896784782409668,8.352575302124023,164.43406677246094,26.528369903564453,0.0,0.003813509363681078,-284.8963317871094,0.0868632048368454,1.0
1024,50,schatten_filtered_cf_branch,0.16303446176008612,0.1578444242477417,0.5190037512344414,0.5190037512344396,0.5190037512344414,1.7763568394002505e-15,0.0,0.0,0.0,0.0,34.398936110548675,1.838766098061885,-35.374874852799614,0.9759387422509391,35.16767120361328,1.9544280767440796,1.0394989252090454,0.2611129879951477,35.16767120361328,1.9544280767440796,0.0,0.0003000512660946697,-284.8963317871094,0.1519014537334442,1.748743372049877
1024,50,trace_residue_minus_0_5,-1.2511609162772848,0.0037371981889009476,-125.48981144661857,71.49472219114352,71.4947221911435,2.842170943040401e-14,-0.5,-196.98453363776207,-196.98453363776207,0.0,393.96906727552414,151.58202142310665,-497.370619752674,103.40155247714983,394.0413818359375,151.63804626464844,102.6156997680664,53.85184097290039,394.0413818359375,151.63804626464844,0.0,0.0005860714591108263,-284.8963317871094,0.003491292241960764,0.04019299366766902
1024,50,trace_residue_plus_0_5,0.8231050455311331,0.08950621634721756,73.35988291839155,5.475095180068337,5.475095180068333,3.552713678800501e-15,0.5,67.88478773832321,67.88478773832321,0.0,135.76957547664642,18.093125730379164,-145.71635046808728,9.946774991440861,136.00563049316406,18.16193389892578,9.985917091369629,5.728546619415283,136.00563049316406,18.16193389892578,0.0,0.027386343106627464,-284.8963317871094,0.11663421988487244,1.3427344766284612
1024,50,trace_residue_plus_1_0,1.4512385230307399,0.09245405346155167,135.87844695691882,5.044549813316451,5.044549813316447,3.552713678800501e-15,1.0,130.83389714360237,130.83389714360237,0.0,130.83389714360237,16.796698187414805,-140.03362802486373,9.19973088126136,131.0545196533203,16.85851287841797,9.234779357910156,5.330303192138672,131.0545196533203,16.85851287841797,0.0,0.051307957619428635,-284.8963317871094,0.12119480222463608,1.3952375168781246
1024,51,ordinary_branch,0.1548543354546088,0.07290541380643845,8.194892164817034,8.194892164817034,8.19489216481703,3.552713678800501e-15,0.0,3.552713678800501e-15,0.0,3.552713678800501e-15,162.79881604015827,25.9965805861804,-177.3813454580833,14.58252941792503,163.02423095703125,26.07259750366211,14.624822616577148,6.5139570236206055,163.02423095703125,26.07259750366211,0.0,0.003737817285582423,-284.8963317871094,0.0868632048368454,1.0
1024,51,cf_branch,0.15485433641617802,0.07290541380643845,8.194892260973958,8.194892260973944,8.194892260973958,1.4210854715202004e-14,0.0,0.0,0.0,0.0,162.79881690442562,25.996580858443913,-177.38134648413063,14.58252957970501,163.02423095703125,26.072595596313477,14.624822616577148,6.513949394226074,163.02423095703125,26.072595596313477,0.0,0.003737816819921136,-284.8963317871094,0.0868632048368454,1.0
1024,51,schatten_filtered_cf_branch,0.15963403334102602,0.15440398454666138,0.5230048794364641,0.5230048794364635,0.5230048794364641,6.661338147750939e-16,0.0,0.0,0.0,0.0,34.61001496668905,1.8536528097076426,-35.59368116429674,0.9836661976076897,35.18177032470703,1.9337689876556396,1.0281518697738647,0.09296387434005737,35.18177032470703,1.9337689876556396,0.0,0.0002758829214144498,-284.8963317871094,0.1519014537334442,1.748743372049877
1024,51,trace_residue_minus_0_5,-1.2512258891181645,0.0036891584750264883,-125.4915047593191,71.34295271264762,71.34295271264764,2.842170943040401e-14,-0.5,-196.83445747196674,-196.83445747196674,0.0,393.6689149439335,151.35158178007703,-496.88345589978803,103.21454095585455,393.748779296875,151.41351318359375,102.4375,49.52717590332031,393.748779296875,151.41351318359375,0.0,0.0005487099406309426,-284.8963317871094,0.003491292241960764,0.04019299366766902
1024,51,trace_residue_plus_0_5,0.8097676022232924,0.08900916576385498,72.07584364594373,5.283222707672451,5.283222707672444,7.105427357601002e-15,0.5,66.79262093827128,66.79262093827128,0.0,133.58524187654257,17.51622055284265,-143.19933886625648,9.614096989713914,133.77407836914062,17.568893432617188,9.643701553344727,4.165890693664551,133.77407836914062,17.568893432617188,0.0,0.026958666741847992,-284.8963317871094,0.11663421988487244,1.3427344766284612
1024,51,trace_residue_plus_1_0,1.4259410207748562,0.09198258817195892,133.39584326028972,4.85291636020095,4.852916360200936,1.4210854715202004e-14,1.0,128.5429269000888,128.5429269000888,0.0,128.5429269000888,16.213911913566424,-137.4084931783573,8.865566278268517,128.71725463867188,16.260608673095703,8.891742706298828,3.818704605102539,128.71725463867188,16.260608673095703,0.0,0.0504903681576252,-284.8963317871094,0.12119480222463608,1.3952375168781246
1024,52,ordinary_branch,0.1556178854462921,0.07515908032655716,8.045880511973493,8.045880511973493,8.045880511973486,7.105427357601002e-15,0.0,7.105427357601002e-15,0.0,7.105427357601002e-15,161.4751574099064,25.5759312277763,-175.8073496857959,14.332192275889525,161.60202026367188,25.616849899291992,14.353364944458008,8.024155616760254,161.60202026367188,25.616849899291992,0.0,0.003581937635317445,-284.8963317871094,0.0868632048368454,1.0
1024,52,cf_branch,0.15561789414717098,0.07515908777713776,8.045880637003322,8.045880637003336,8.045880637003322,1.4210854715202004e-14,0.0,0.0,0.0,0.0,161.47515854239464,25.575931582732274,-175.80735102893175,14.33219248653711,161.60202026367188,25.616849899291992,14.35336685180664,8.02415657043457,161.60202026367188,25.616849899291992,0.0,0.0035819371696561575,-284.8963317871094,0.0868632048368454,1.0
1024,52,schatten_filtered_cf_branch,0.16257870674170954,0.15730968117713928,0.526902556457026,0.5269025564570242,0.526902556457026,1.7763568394002505e-15,0.0,0.0,0.0,0.0,34.81645024009049,1.8681733939778618,-35.807648916303194,0.9911986762127043,34.98329162597656,1.886222004890442,1.0021870136260986,0.7129312753677368,34.98329162597656,1.886222004890442,0.0,0.0002981263096444309,-284.8963317871094,0.1519014537334442,1.748743372049877
1024,52,trace_residue_minus_0_5,-1.2511041514030508,0.0038195436354726553,-125.49236950385233,71.21985152256823,71.21985152256826,2.842170943040401e-14,-0.5,-196.7122210264206,-196.7122210264206,0.0,393.4244420528412,151.16423593248624,-496.487120122588,103.06267806974682,393.4284973144531,151.16741943359375,102.24201965332031,53.28661346435547,393.4284973144531,151.16741943359375,0.0,0.000554983620531857,-284.8963317871094,0.003491292241960764,0.04019299366766902
1024,52,trace_residue_plus_0_5,0.8004337096875489,0.09215150773525238,70.82822019522965,5.100096209998725,5.100096209998732,7.105427357601002e-15,0.5,65.72812398523092,65.72812398523092,0.0,131.45624797046185,16.962913685292158,-140.75205336022378,9.295805389761938,131.5712890625,16.993364334106445,9.312467575073242,5.34110164642334,131.5712890625,16.993364334106445,0.0,0.026426782831549644,-284.8963317871094,0.11663421988487244,1.3427344766284612
1024,52,trace_residue_plus_1_0,1.4050845750748078,0.09527309238910675,130.9811482685701,4.670384939302593,4.6703849393026005,7.105427357601002e-15,1.0,126.3107633292675,126.3107633292675,0.0,126.3107633292675,15.655965853409493,-134.85722277014986,8.546459440882359,126.41851806640625,15.68333625793457,8.561448097229004,4.938980579376221,126.41851806640625,15.68333625793457,0.0,0.04957600682973862,-284.8963317871094,0.12119480222463608,1.3952375168781246
1024,53,ordinary_branch,0.15247484728688918,0.07343848794698715,7.903635933990202,7.903635933990202,7.903635933990191,1.0658141036401503e-14,0.0,1.0658141036401503e-14,0.0,1.0658141036401503e-14,160.19740302860737,25.173148041533743,-174.2902585351295,14.092855506522142,160.25408935546875,25.19287872314453,14.101714134216309,5.216598033905029,160.25408935546875,25.19287872314453,0.0,0.003554615192115307,-284.8963317871094,0.0868632048368454,1.0
1024,53,cf_branch,0.1524748493733608,0.07343848794698715,7.903636142637366,7.903636142637367,7.903636142637366,1.7763568394002505e-15,0.0,0.0,0.0,0.0,160.19740490615368,25.1731486320514,-174.29026076362902,14.092855857475342,160.25408935546875,25.19287872314453,14.101715087890625,5.2165985107421875,160.25408935546875,25.19287872314453,0.0,0.0035546147264540195,-284.8963317871094,0.0868632048368454,1.0
1024,53,schatten_filtered_cf_branch,0.15729297441329854,0.15198351442813873,0.5309459985159806,0.5309459985159819,0.5309459985159806,1.3322676295501878e-15,0.0,0.0,0.0,0.0,35.02128163073212,1.8830775913953932,-36.02025002846763,0.9989683977355099,35.11279296875,1.9017741680145264,1.0102949142456055,0.22920751571655273,35.11279296875,1.9017741680145264,0.0,0.00029539037495851517,-284.8963317871094,0.1519014537334442,1.748743372049877
1024,53,trace_residue_minus_0_5,-1.2511874742610838,0.0037344004958868027,-125.49218747569705,71.1351578627667,71.13515786276673,2.842170943040401e-14,-0.5,-196.62734533846378,-196.62734533846378,0.0,393.25469067692757,151.03467485252082,-496.2126155494478,102.95792487252021,393.2970275878906,151.0674591064453,102.16307067871094,46.480552673339844,393.2970275878906,151.0674591064453,0.0,0.0005437957006506622,-284.8963317871094,0.003491292241960764,0.04019299366766902
1024,53,trace_residue_plus_0_5,0.7865667604349577,0.09040781855583191,69.61589418791257,4.925272644236912,4.925272644236916,3.552713678800501e-15,0.5,64.69062154367566,64.69062154367566,0.0,129.38124308735132,16.432175363662047,-138.3724640113922,8.991220924040874,129.43324279785156,16.44704246520996,8.999076843261719,3.020732879638672,129.43324279785156,16.44704246520996,0.0,0.026060201227664948,-284.8963317871094,0.11663421988487244,1.3427344766284612
1024,53,trace_residue_plus_1_0,1.3798326620879533,0.09350879490375519,128.6323867184198,4.496474836496105,4.49647483649612,1.4210854715202004e-14,1.0,124.13591188192369,124.13591188192368,1.4210854715202004e-14,124.13591188192368,15.12172821129742,-132.37758052433355,8.241668642409877,124.18440246582031,15.134964942932129,8.248703956604004,2.7044835090637207,124.18440246582031,15.134964942932129,0.0,0.04883450269699097,-284.8963317871094,0.12119480222463608,1.3952375168781246
1024,54,ordinary_branch,0.15176131039149326,0.07408654689788818,7.767476349360507,7.767476349360507,7.767476349360507,0.0,0.0,0.0,0.0,0.0,158.9609107375145,24.786446376170648,-172.8243264130737,13.863415675559196,159.1669464111328,24.85518455505371,13.90164852142334,5.142909526824951,159.1669464111328,24.85518455505371,0.0,0.003460600506514311,-284.8963317871094,0.0868632048368454,1.0
1024,54,cf_branch,0.1517613125544752,0.07408654689788818,7.767476565658701,7.767476565658697,7.767476565658701,3.552713678800501e-15,0.0,0.0,0.0,0.0,158.96091267466545,24.78644698746109,-172.8243287137834,13.863416039117936,159.1669464111328,24.855186462402344,13.901649475097656,5.142910003662109,159.1669464111328,24.855186462402344,0.0,0.00346059980802238,-284.8963317871094,0.0868632048368454,1.0
1024,54,schatten_filtered_cf_branch,0.15739613815837253,0.15204522013664246,0.5350918021730076,0.5350918021730067,0.5350918021730076,8.881784197001252e-16,0.0,0.0,0.0,0.0,35.22352030873299,1.8982300551875997,-36.23041928410301,1.0068989753700208,35.82063674926758,1.9807459115982056,1.0513672828674316,-0.08115077018737793,35.82063674926758,1.9807459115982056,0.0,0.00026234713732264936,-284.8963317871094,0.1519014537334442,1.748743372049877
1024,54,trace_residue_minus_0_5,-1.2512298985703694,0.0036833982449024916,-125.49132968152719,71.08586348925871,71.08586348925871,0.0,-0.5,-196.5771931707859,-196.5771931707859,0.0,393.1543863415718,150.95862027711757,-496.0510785947878,102.89669225321597,393.20562744140625,150.9981231689453,102.10838317871094,46.71668243408203,393.20562744140625,150.9981231689453,0.0,0.0005810039001516998,-284.8963317871094,0.003491292241960764,0.04019299366766902
1024,54,trace_residue_plus_0_5,0.7759692920061606,0.09159716963768005,68.43721223684805,4.758251555886446,4.758251555886446,0.0,0.5,63.67896068096161,63.67896068096161,0.0,127.35792136192322,15.922772981475159,-136.05747708009906,8.699555718175844,127.54248809814453,15.972396850585938,8.727438926696777,2.9104647636413574,127.54248809814453,15.972396850585938,0.0,0.025617484003305435,-284.8963317871094,0.11663421988487244,1.3427344766284612
1024,54,trace_residue_plus_1_0,1.3582470268670084,0.09477651864290237,126.34705082241061,4.330689593288923,4.330689593288922,1.7763568394002505e-15,1.0,122.01636122912169,122.01636122912169,0.0,122.01636122912169,14.60998659943013,-129.9667761532163,7.950414924094616,122.18794250488281,14.654083251953125,7.9751176834106445,2.5968117713928223,122.18794250488281,14.654083251953125,0.0,0.04802476614713669,-284.8963317871094,0.12119480222463608,1.3952375168781246
1024,55,ordinary_branch,0.15395283321000408,0.07758225500583649,7.637057820416757,7.637057820416757,7.637057820416754,3.552713678800501e-15,0.0,3.552713678800501e-15,0.0,3.552713678800501e-15,157.76397921144962,24.414987660522137,-171.4073139985193,13.643334787069676,157.81594848632812,24.431217193603516,13.65002155303955,8.292936325073242,157.81594848632812,24.431217193603516,0.0,0.003252558410167694,-284.8963317871094,0.0868632048368454,1.0
1024,55,cf_branch,0.15395283503440102,0.07758225500583649,7.6370580028564525,7.637058002856463,7.6370580028564525,1.0658141036401503e-14,0.0,0.0,0.0,0.0,157.76398085057735,24.41498817609439,-171.4073159442695,13.643335093692144,157.81594848632812,24.431217193603516,13.650022506713867,8.292937278747559,157.81594848632812,24.431217193603516,0.0,0.003252557711675763,-284.8963317871094,0.0868632048368454,1.0
1024,55,schatten_filtered_cf_branch,0.16342927744045715,0.15803778171539307,0.5391495725064077,0.5391495725064068,0.5391495725064077,8.881784197001252e-16,0.0,0.0,0.0,0.0,35.42108937911689,1.913050704643532,-36.43574729742492,1.0146579183080249,35.69512939453125,1.9421074390411377,1.029666543006897,0.6913278698921204,35.69512939453125,1.9421074390411377,0.0,0.0003404323651921004,-284.8963317871094,0.1519014537334442,1.748743372049877
1024,55,trace_residue_minus_0_5,-1.251213327485372,0.0036898627877235413,-125.49031902730955,71.06719344973072,71.06719344973074,1.4210854715202004e-14,-0.5,-196.5575124770403,-196.5575124770403,0.0,393.1150249540806,150.92922924768217,-495.988287712354,102.87326275827343,393.14697265625,150.95367431640625,102.07332611083984,54.76554489135742,393.14697265625,150.95367431640625,0.0,0.0005869987653568387,-284.8963317871094,0.003491292241960764,0.04019299366766902
1024,55,trace_residue_plus_0_5,0.7692513865947467,0.09634168446063995,67.29097021341067,4.598616692868291,4.598616692868296,5.329070518200751e-15,0.5,62.692353520542376,62.69235352054238,7.105427357601002e-15,125.38470704108477,15.433702419311317,-133.80486750724492,8.420160466160155,125.43612670898438,15.446558952331543,8.42676067352295,5.375710964202881,125.43612670898438,15.446558952331543,0.0,0.0250686164945364,-284.8963317871094,0.11663421988487244,1.3427344766284612
1024,55,trace_residue_plus_1_0,1.340952944852084,0.09972190856933594,124.1231036282748,4.172590339896082,4.172590339896097,1.4210854715202004e-14,1.0,119.95051328837872,119.95051328837872,0.0,119.95051328837872,14.119675580890855,-127.62252461332231,7.672011324943597,119.9991455078125,14.131342887878418,7.678075313568115,4.952029228210449,119.9991455078125,14.131342887878418,0.0,0.04711860790848732,-284.8963317871094,0.12119480222463608,1.3952375168781246
1024,56,ordinary_branch,0.15296362956703602,0.0778399407863617,7.512368878067434,7.512368878067434,7.5123688780674325,1.7763568394002505e-15,0.0,1.7763568394002505e-15,0.0,1.7763568394002505e-15,156.60792523622513,24.05887622416382,-170.04055991629946,13.43263468007433,156.64584350585938,24.069761276245117,13.436193466186523,7.645815849304199,156.64584350585938,24.069761276245117,0.0,0.0031812137458473444,-284.8963317871094,0.0868632048368454,1.0
1024,56,cf_branch,0.15296363112526987,0.0778399407863617,7.512369033890817,7.512369033890806,7.512369033890817,1.0658141036401503e-14,0.0,0.0,0.0,0.0,156.60792669653893,24.058876670392575,-170.04056164027455,13.432634943735621,156.64585876464844,24.06976318359375,13.436195373535156,7.645809173583984,156.64585876464844,24.06976318359375,0.0,0.0031812135130167007,-284.8963317871094,0.0868632048368454,1.0
1024,56,schatten_filtered_cf_branch,0.1622445697265613,0.1568131446838379,0.5431425042723397,0.543142504272339,0.5431425042723397,6.661338147750939e-16,0.0,0.0,0.0,0.0,35.615249721333385,1.9276465537491592,-36.63754599774373,1.0222962764103443,35.695037841796875,1.9197404384613037,1.0168453454971313,0.7850225567817688,35.695037841796875,1.9197404384613037,0.0,0.0003176801837980747,-284.8963317871094,0.1519014537334442,1.748743372049877
1024,56,trace_residue_minus_0_5,-1.2511308084463832,0.0037593073211610317,-125.48901157675442,71.08431985379997,71.08431985379997,0.0,-0.5,-196.5733314305544,-196.5733314305544,0.0,393.1466628611088,150.95427766715528,-496.04064048400494,102.89397762289616,393.1302795410156,150.94137573242188,102.06378936767578,53.328983306884766,393.1302795410156,150.94137573242188,0.0,0.0006032417877577245,-284.8963317871094,0.003491292241960764,0.04019299366766902
1024,56,trace_residue_plus_0_5,0.7588031395470524,0.09703920781612396,66.17639317309283,4.446027256006232,4.446027256006227,5.329070518200751e-15,0.5,61.73036591708661,61.7303659170866,7.105427357601002e-15,123.4607318341732,14.964168001628318,-131.61324296441876,8.152511130245557,123.49542236328125,14.971813201904297,8.15612506866455,4.806311130523682,123.49542236328125,14.971813201904297,0.0,0.02466387301683426,-284.8963317871094,0.11663421988487244,1.3427344766284612
1024,56,trace_residue_plus_1_0,1.3200710901654682,0.10048150271177292,121.95895874536951,4.02179007268866,4.021790072688658,1.7763568394002505e-15,1.0,117.93716867268085,117.93716867268085,0.0,117.93716867268085,13.64986392953649,-125.34302297291768,7.405854300236825,117.96977233886719,13.656764030456543,7.409201145172119,4.399161338806152,117.96977233886719,13.656764030456543,0.0,0.04636193811893463,-284.8963317871094,0.12119480222463608,1.3952375168781246
1024,57,ordinary_branch,0.15262255805662306,0.07869230955839157,7.393024849823149,7.393024849823149,7.393024849823139,1.0658141036401503e-14,0.0,1.0658141036401503e-14,0.0,1.0658141036401503e-14,155.49033077061176,23.717119001641926,-168.7210276503269,13.23069687971514,155.47528076171875,23.714757919311523,13.227019309997559,7.871428966522217,155.47528076171875,23.714757919311523,0.0,0.003072871593758464,-284.8963317871094,0.0868632048368454,1.0
1024,57,cf_branch,0.15262255966283192,0.07869230955839157,7.393025010444035,7.393025010444035,7.393025010444035,0.0,0.0,0.0,0.0,0.0,155.49033226072788,23.717119460236944,-168.72102941181237,13.230697151084485,155.47528076171875,23.714757919311523,13.227019309997559,7.871428966522217,155.47528076171875,23.714757919311523,0.0,0.003072870895266533,-284.8963317871094,0.0868632048368454,1.0
1024,57,schatten_filtered_cf_branch,0.1628340787152901,0.15736255049705505,0.5471528218235058,0.5471528218235022,0.5471528218235058,3.552713678800501e-15,0.0,0.0,0.0,0.0,35.806554237380624,1.9422507164977598,-36.83650684263969,1.0299526052590693,35.702003479003906,1.939241886138916,1.0291939973831177,0.822303831577301,35.702003479003906,1.939241886138916,0.0,0.0002554135862737894,-284.8963317871094,0.1519014537334442,1.748743372049877
1024,57,trace_residue_minus_0_5,-1.2511284754917542,0.0037465521600097418,-125.48750276517639,71.1300402616285,71.13004026162854,4.263256414560601e-14,-0.5,-196.61754302680492,-196.61754302680492,0.0,393.23508605360985,151.02283813775392,-496.18505075052974,102.94996469691989,393.22723388671875,151.016845703125,102.12417602539062,54.21437072753906,393.22723388671875,151.016845703125,0.0,0.0005815982003696263,-284.8963317871094,0.003491292241960764,0.04019299366766902
1024,57,trace_residue_plus_0_5,0.7494163666921859,0.09849382936954498,65.0922537322641,4.300099964022692,4.300099964022689,3.552713678800501e-15,0.5,60.792153768241405,60.792153768241405,0.0,121.58430753648281,14.513216674791284,-129.48030876021662,7.896001223733805,121.57752990722656,14.513448715209961,7.895747661590576,4.928094863891602,121.57752990722656,14.513448715209961,0.0,0.024248383939266205,-284.8963317871094,0.11663421988487244,1.3427344766284612
1024,57,trace_residue_plus_1_0,1.3005476037867478,0.10202174633741379,119.8525857449334,3.8778919250529214,3.877891925052923,1.7763568394002505e-15,1.0,115.97469381988049,115.97469381988049,0.0,115.97469381988049,13.19956241270365,-123.12600864400247,7.151314824121982,115.96885681152344,13.1997709274292,7.15115213394165,4.509722709655762,115.96885681152344,13.1997709274292,0.0,0.04560341313481331,-284.8963317871094,0.12119480222463608,1.3952375168781246
1024,58,ordinary_branch,0.15042966948843856,0.07764232903718948,7.2787340451249065,7.2787340451249065,7.2787340451249065,0.0,0.0,0.0,0.0,0.0,154.40967109799385,23.388990548269625,-167.4467317214237,13.037060623429852,154.68338012695312,23.480342864990234,13.089436531066895,6.31859827041626,154.68338012695312,23.480342864990234,0.0,0.003057881025597453,-284.8963317871094,0.0868632048368454,1.0
1024,58,cf_branch,0.15042967160006723,0.07764232903718948,7.278734256287775,7.278734256287777,7.278734256287775,1.7763568394002505e-15,0.0,0.0,0.0,0.0,154.40967306494713,23.38899115126544,-167.44673404514555,13.037060980198419,154.68338012695312,23.480342864990234,13.089436531066895,6.31859827041626,154.68338012695312,23.480342864990234,0.0,0.003057880559936166,-284.8963317871094,0.0868632048368454,1.0
1024,58,schatten_filtered_cf_branch,0.15993681571496748,0.15442533791065216,0.5511477804315335,0.5511477804315348,0.5511477804315335,1.3322676295501878e-15,0.0,0.0,0.0,0.0,35.994587782770395,1.9567503904509822,-37.03215358484384,1.0375658020734448,36.7416877746582,2.0675716400146484,1.0987249612808228,-0.057985007762908936,36.7416877746582,2.0675716400146484,0.0,0.00032228833879344165,-284.8963317871094,0.1519014537334442,1.748743372049877
1024,58,trace_residue_minus_0_5,-1.2513434723447407,0.0035181366838514805,-125.48616090285921,71.1934314234243,71.19343142342424,5.684341886080802e-14,-0.5,-196.67959232628345,-196.67959232628345,0.0,393.3591846525669,151.1185366676114,-496.3870348901382,103.02785023757127,393.4339599609375,151.17678833007812,102.25167083740234,51.03425216674805,393.4339599609375,151.17678833007812,0.0,0.000602566113229841,-284.8963317871094,0.003491292241960764,0.04019299366766902
1024,58,trace_residue_plus_0_5,0.7379731261408939,0.09759844839572906,64.03746777451649,4.160484850919389,4.160484850919385,3.552713678800501e-15,0.5,59.8769829235971,59.8769829235971,0.0,119.7539658471942,14.07997868781786,-127.40404282895409,7.650076981759895,119.99650573730469,14.143290519714355,7.686000347137451,3.645017385482788,119.99650573730469,14.143290519714355,0.0,0.023905450478196144,-284.8963317871094,0.11663421988487244,1.3427344766284612
1024,58,trace_residue_plus_1_0,1.2791455630593578,0.10112439841032028,117.80211646490375,3.740527805021202,3.740527805021207,5.329070518200751e-15,1.0,114.06158865988255,114.06158865988255,0.0,114.06158865988255,12.767848918296838,-120.96939666245183,6.907808002569283,114.2843017578125,12.822944641113281,6.9388885498046875,3.2874832153320312,114.2843017578125,12.822944641113281,0.0,0.044921860098838806,-284.8963317871094,0.12119480222463608,1.3952375168781246
1024,59,ordinary_branch,0.14980342960581994,0.07811299711465836,7.169043249116157,7.169043249116157,7.169043249116157,0.0,0.0,0.0,0.0,0.0,153.36288739740849,23.07330222153363,-166.21387912543344,12.850991728024951,153.21624755859375,23.025896072387695,12.820269584655762,6.166749477386475,153.21624755859375,23.025896072387695,0.0,0.0029662728775292635,-284.8963317871094,0.0868632048368454,1.0
1024,59,cf_branch,0.1498034312780938,0.07811299711465836,7.169043416343545,7.169043416343541,7.169043416343545,3.552713678800501e-15,0.0,0.0,0.0,0.0,153.3628890067339,23.073302703967418,-166.2138810187711,12.85099201203721,153.21624755859375,23.025896072387695,12.820269584655762,6.166749477386475,153.21624755859375,23.025896072387695,0.0,0.00296627264469862,-284.8963317871094,0.0868632048368454,1.0
1024,59,schatten_filtered_cf_branch,0.15934507410391555,0.15379494428634644,0.5550129817569123,0.55501298175691,0.5550129817569123,2.220446049250313e-15,0.0,0.0,0.0,0.0,36.17794801481068,1.9708124114281542,-37.22288896907084,1.0449409542601558,35.766719818115234,1.9073333740234375,1.0095319747924805,0.5422549247741699,35.766719818115234,1.9073333740234375,0.0,0.0003153960278723389,-284.8963317871094,0.1519014537334442,1.748743372049877
1024,59,trace_residue_minus_0_5,-1.2512701261029928,0.0035853534936904907,-125.48554795966832,71.26257222904474,71.26257222904475,1.4210854715202004e-14,-0.5,-196.74812018871307,-196.74812018871307,0.0,393.49624037742615,151.22364951670426,-496.60933993948527,103.11309956205912,393.4502868652344,151.18812561035156,102.26016235351562,50.44667053222656,393.4502868652344,151.18812561035156,0.0,0.0006034845719113946,-284.8963317871094,0.003491292241960764,0.04019299366766902
1024,59,trace_residue_plus_0_5,0.7286523694652209,0.0985446497797966,63.01077196854243,4.0268208693254905,4.026820869325487,3.552713678800501e-15,0.5,58.98395109921694,58.98395109921694,0.0,117.96790219843388,13.663532724355097,-125.38206223870822,7.414160040274339,117.8459701538086,13.63298511505127,7.396180629730225,3.5124785900115967,117.8459701538086,13.63298511505127,0.0,0.023520678281784058,-284.8963317871094,0.11663421988487244,1.3427344766284612
1024,59,trace_residue_plus_1_0,1.2601905096481334,0.10213534533977509,115.80551643083582,3.6093346939493216,3.6093346939493243,2.6645352591003757e-15,1.0,112.1961817368865,112.1961817368865,0.0,112.1961817368865,12.353796624911999,-118.8709335968567,6.6747518599702005,112.08513641357422,12.327445030212402,6.659424304962158,3.1523935794830322,112.08513641357422,12.327445030212402,0.0,0.04420822858810425,-284.8963317871094,0.12119480222463608,1.3952375168781246
1024,60,ordinary_branch,0.14947456502753795,0.07883774489164352,7.0636820135894425,7.0636820135894425,7.063682013589439,3.552713678800501e-15,0.0,3.552713678800501e-15,0.0,3.552713678800501e-15,152.3482725173235,22.769352626486302,-165.02032685078336,12.672054333459869,152.32138061523438,22.761795043945312,12.665338516235352,5.906140327453613,152.32138061523438,22.761795043945312,0.0,0.0028989696875214577,-284.8963317871094,0.0868632048368454,1.0
1024,60,cf_branch,0.1494745592441722,0.07883773744106293,7.063682180310927,7.063682180310934,7.063682180310927,7.105427357601002e-15,0.0,0.0,0.0,0.0,152.3482741266489,22.76935310707515,-165.02032874311902,12.67205461647012,152.32138061523438,22.761795043945312,12.665338516235352,5.9061479568481445,152.32138061523438,22.761795043945312,0.0,0.0028989692218601704,-284.8963317871094,0.0868632048368454,1.0
1024,60,schatten_filtered_cf_branch,0.15917993235186795,0.1535913199186325,0.5588612433235438,0.5588612433235411,0.5588612433235438,2.6645352591003757e-15,0.0,0.0,0.0,0.0,36.35787836275995,1.9847755315761095,-37.41015191053434,1.0522735477743907,36.32231140136719,1.9889440536499023,1.0544042587280273,0.5117182731628418,36.32231140136719,1.9889440536499023,0.0,0.00027432150091044605,-284.8963317871094,0.1519014537334442,1.748743372049877
1024,60,trace_residue_minus_0_5,-1.2511563549933493,0.0036993855610489845,-125.48557405543983,71.3339864276582,71.3339864276582,0.0,-0.5,-196.81956048309803,-196.81956048309803,0.0,393.63912096619606,151.33278991450055,-496.8405062757362,103.20138530954011,393.6346130371094,151.32928466796875,102.37208557128906,49.929969787597656,393.6346130371094,151.32928466796875,0.0,0.0005521562416106462,-284.8963317871094,0.003491292241960764,0.04019299366766902
1024,60,trace_residue_plus_0_5,0.7199093918066131,0.09979791939258575,62.011147241402725,3.898799161721321,3.89879916172133,8.881784197001252e-15,0.5,58.1123480796814,58.1123480796814,0.0,116.2246961593628,13.26309563896935,-123.41245313953554,7.18775698017275,116.20785522460938,13.25961971282959,7.185367584228516,3.265981674194336,116.20785522460938,13.25961971282959,0.0,0.02314135618507862,-284.8963317871094,0.11663421988487244,1.3427344766284612
1024,60,trace_residue_plus_1_0,1.2420750215069023,0.10346483439207077,113.86101871148314,3.483987020110739,3.4839870201107423,3.552713678800501e-15,1.0,110.3770316913724,110.3770316913724,0.0,110.3770316913724,11.956573656884597,-116.82865584068507,6.4516241493126785,110.3622817993164,11.953699111938477,6.449707508087158,2.9119722843170166,110.3622817993164,11.953699111938477,0.0,0.04350581020116806,-284.8963317871094,0.12119480222463608,1.3952375168781246
1024,61,ordinary_branch,0.15039225590552363,0.08076800405979156,6.962425184573206,6.962425184573206,6.962425184573203,3.552713678800501e-15,0.0,3.552713678800501e-15,0.0,3.552713678800501e-15,151.364374011755,22.47655563797355,-163.86425893657653,12.499884924821544,151.19912719726562,22.426149368286133,12.467880249023438,7.3887176513671875,151.19912719726562,22.426149368286133,0.0,0.002775447675958276,-284.8963317871094,0.0868632048368454,1.0
1024,61,cf_branch,0.15039225740419238,0.08076800405979156,6.962425334440081,6.962425334440084,6.962425334440081,3.552713678800501e-15,0.0,0.0,0.0,0.0,151.36437544226646,22.476556069072274,-163.86426062123496,12.499885178968498,151.19912719726562,22.426149368286133,12.46788215637207,7.388718605041504,151.19912719726562,22.426149368286133,0.0,0.0027754472102969885,-284.8963317871094,0.0868632048368454,1.0
1024,61,schatten_filtered_cf_branch,0.1620719064707152,0.15644419193267822,0.5627714538036979,0.5627714538036983,0.5627714538036979,4.440892098500626e-16,0.0,0.0,0.0,0.0,36.5352132152766,1.9988678735401806,-37.594910835850925,1.059697620574326,36.236026763916016,1.969700813293457,1.0440679788589478,0.8696921467781067,36.236026763916016,1.969700813293457,0.0,0.00025839367299340665,-284.8963317871094,0.1519014537334442,1.748743372049877
1024,61,trace_residue_minus_0_5,-1.2511696039454778,0.003690539626404643,-125.48601435718825,71.40479134919354,71.40479134919354,0.0,-0.5,-196.8908057063818,-196.8908057063818,0.0,393.7816114127636,151.44135680625357,-497.0706750672516,103.28906365448802,393.7088623046875,151.3853759765625,102.41622924804688,54.063720703125,393.7088623046875,151.3853759765625,0.0,0.0005106696044094861,-284.8963317871094,0.003491292241960764,0.04019299366766902
1024,61,trace_residue_plus_0_5,0.7130183210644233,0.10264185816049576,61.03764629039276,3.776134066761607,3.7761340667616157,8.881784197001252e-15,0.5,57.261512223631144,57.261512223631144,0.0,114.52302444726229,12.877939449013628,-121.49343474746259,6.9704103002002995,114.38863372802734,12.846685409545898,6.9522905349731445,4.350767612457275,114.38863372802734,12.846685409545898,0.0,0.02272750809788704,-284.8963317871094,0.11663421988487244,1.3427344766284612
1024,61,trace_residue_plus_1_0,1.226109722235817,0.10644028335809708,111.966943887772,3.364180518092553,3.36418051809256,7.105427357601002e-15,1.0,108.60276336967945,108.60276336967945,0.0,108.60276336967945,11.57539684977558,-114.8406984266775,6.2379350569980545,108.48078918457031,11.548539161682129,6.222532749176025,3.937793016433716,108.48078918457031,11.548539161682129,0.0,0.042777493596076965,-284.8963317871094,0.12119480222463608,1.3952375168781246
1024,62,ordinary_branch,0.14937092626506399,0.08071902394294739,6.86519023221166,6.86519023221166,6.865190232211674,1.4210854715202004e-14,0.0,-1.4210854715202004e-14,0.0,1.4210854715202004e-14,150.41133637726307,22.194754791752423,-162.74570397979159,12.334367602528516,150.3958740234375,22.18703842163086,12.327281951904297,6.483503341674805,150.3958740234375,22.18703842163086,0.0,0.002715695882216096,-284.8963317871094,0.0868632048368454,1.0
1024,62,cf_branch,0.14937092776608696,0.08071902394294739,6.865190382313958,6.865190382313955,6.865190382313958,3.552713678800501e-15,0.0,0.0,0.0,0.0,150.41133783757687,22.19475522557575,-162.74570569525088,12.33436785767401,150.3958740234375,22.187040328979492,12.327281951904297,6.483503341674805,150.3958740234375,22.187040328979492,0.0,0.0027156954165548086,-284.8963317871094,0.0868632048368454,1.0
1024,62,schatten_filtered_cf_branch,0.16049857800267212,0.1548326015472412,0.5665976455430908,0.5665976455430908,0.5665976455430908,0.0,0.0,0.0,0.0,0.0,36.70861362665892,2.012651090328114,-37.7755737005689,1.066960073909982,36.70423126220703,1.997687578201294,1.0577850341796875,0.7149906158447266,36.70423126220703,1.997687578201294,0.0,0.0002568189811427146,-284.8963317871094,0.1519014537334442,1.748743372049877
1024,62,trace_residue_minus_0_5,-1.2511389464418299,0.00372691685333848,-125.48658632951683,71.47376959306297,71.47376959306294,2.842170943040401e-14,-0.5,-196.96035592257977,-196.96035592257977,0.0,393.92071184515953,151.5472449079405,-497.29524141599484,103.3745295708353,393.9156188964844,151.54312133789062,102.54102325439453,51.97249221801758,393.9156188964844,151.54312133789062,0.0,0.0004948177956975996,-284.8963317871094,0.003491292241960764,0.04019299366766902
1024,62,trace_residue_plus_0_5,0.7038104971443754,0.10291530191898346,60.08951952253919,3.658572110733793,3.6585721107338003,7.105427357601002e-15,0.5,56.43094741180539,56.43094741180539,0.0,112.86189482361078,12.507425870939208,-119.6236109906181,6.761716167007322,112.8397216796875,12.500223159790039,6.757074356079102,3.629307746887207,112.8397216796875,12.500223159790039,0.0,0.022388460114598274,-284.8963317871094,0.11663421988487244,1.3427344766284612
1024,62,trace_residue_plus_1_0,1.20796742579831,0.10674913227558136,110.12182935227285,3.2496362989081007,3.2496362989081,8.881784197001252e-16,1.0,106.87219305336475,106.87219305336475,0.0,106.87219305336475,11.209548582556465,-112.90542864040282,6.033235587038064,106.85189819335938,11.203453063964844,6.029404163360596,3.2501909732818604,106.85189819335938,11.203453063964844,0.0,0.04212955757975578,-284.8963317871094,0.12119480222463608,1.3952375168781246
1024,63,ordinary_branch,0.14824332997326112,0.08052646368741989,6.771686628584121,6.771686628584121,6.771686628584117,3.552713678800501e-15,0.0,3.552713678800501e-15,0.0,3.552713678800501e-15,149.48702423274517,21.923170126646426,-161.66205050824527,12.175026275500102,149.52252197265625,21.935165405273438,12.180225372314453,6.156656265258789,149.52252197265625,21.935165405273438,0.0,0.0026818339247256517,-284.8963317871094,0.0868632048368454,1.0
1024,63,cf_branch,0.14824333202932494,0.08052646368741989,6.771686834190502,6.771686834190504,6.771686834190502,1.7763568394002505e-15,0.0,0.0,0.0,0.0,149.48702628910542,21.923170725613144,-161.66205291550307,12.175026626397653,149.52252197265625,21.93516731262207,12.18022632598877,6.156656742095947,149.52252197265625,21.93516731262207,0.0,0.0026818332262337208,-284.8963317871094,0.0868632048368454,1.0
1024,63,schatten_filtered_cf_branch,0.15979937552635498,0.15409430861473083,0.5705066911624157,0.5705066911624144,0.5705066911624157,1.3322676295501878e-15,0.0,0.0,0.0,0.0,36.879983715713024,2.026634327021938,-37.95433620982373,1.0743524941107054,36.94160461425781,2.0385844707489014,1.0814868211746216,0.33014923334121704,36.94160461425781,2.0385844707489014,0.0,0.0002707044768612832,-284.8963317871094,0.1519014537334442,1.748743372049877
1024,63,trace_residue_minus_0_5,-1.2513867748475043,0.0034827464260160923,-125.48695212735203,71.54049101339311,71.54049101339314,2.842170943040401e-14,-0.5,-197.02744314074516,-197.02744314074516,0.0,394.0548862814903,151.64950326906035,-497.5120175522508,103.4571312707605,394.04632568359375,151.64309692382812,102.62024688720703,51.73012161254883,394.04632568359375,151.64309692382812,0.0,0.0004321160085964948,-284.8963317871094,0.003491292241960764,0.04019299366766902
1024,63,trace_residue_plus_0_5,0.6947541969667321,0.10309635102748871,59.16578459392434,3.5458442049766177,3.545844204976616,1.7763568394002505e-15,0.5,55.619940388947725,55.619940388947725,0.0,111.23988077789545,12.150851719199014,-117.80111923458045,6.561238456685004,111.26777648925781,12.158143997192383,6.5651092529296875,3.3263816833496094,111.26777648925781,12.158143997192383,0.0,0.022062547504901886,-284.8963317871094,0.11663421988487244,1.3427344766284612
1024,63,trace_residue_plus_1_0,1.190197660035058,0.10695767402648926,108.32399860085685,3.1400764218135606,3.1400764218135606,0.0,1.0,105.1839221790433,105.1839221790433,0.0,105.1839221790433,10.858297820792785,-111.02099584536111,5.837073666317821,105.20844268798828,10.864304542541504,5.840268135070801,2.9657044410705566,105.20844268798828,10.864304542541504,0.0,0.0415000282227993,-284.8963317871094,0.12119480222463608,1.3952375168781246
1024,64,ordinary_branch,0.14726557967162293,0.08044900000095367,6.681657967066926,6.681657967066926,6.681657967066922,3.552713678800501e-15,0.0,3.552713678800501e-15,0.0,3.552713678800501e-15,148.58988399803638,21.66114150700689,-160.61133314337349,12.021449145337101,148.60069274902344,21.66845703125,12.024191856384277,5.144092082977295,148.60069274902344,21.66845703125,0.0,0.002642717445269227,-284.8963317871094,0.0868632048368454,1.0
1024,64,cf_branch,0.14726558208701152,0.08044900000095367,6.681658208605782,6.681658208605796,6.681658208605782,1.4210854715202004e-14,0.0,0.0,0.0,0.0,148.5898864120245,21.661142210540334,-160.6113359695505,12.021449557526012,148.6007080078125,21.66845703125,12.024191856384277,5.144084453582764,148.6007080078125,21.66845703125,0.0,0.0026427169796079397,-284.8963317871094,0.0868632048368454,1.0
1024,64,schatten_filtered_cf_branch,0.15783545270468183,0.15209373831748962,0.5741714387192198,0.5741714387192189,0.5741714387192198,8.881784197001252e-16,0.0,0.0,0.0,0.0,37.04574912972748,2.0398411659834244,-38.12705891242679,1.0813097826993072,37.15888977050781,2.0709798336029053,1.0980976819992065,0.41691726446151733,37.15888977050781,2.0709798336029053,0.0,0.00026749647804535925,-284.8963317871094,0.1519014537334442,1.748743372049877
1024,64,trace_residue_minus_0_5,-1.2512049297075576,0.003667747601866722,-125.48726773094242,71.59709520805768,71.59709520805771,2.842170943040401e-14,-0.5,-197.08436293900013,-197.08436293900013,0.0,394.16872587800026,151.73625896632694,-497.6959347176472,103.52720883964696,394.1510314941406,151.7229461669922,102.68340301513672,48.93339157104492,394.1510314941406,151.7229461669922,0.0,0.00047691244981251657,-284.8963317871094,0.003491292241960764,0.04019299366766902
1024,64,trace_residue_plus_0_5,0.6859482062531852,0.10329295694828033,58.265524930490486,3.4376953683628955,3.4376953683628955,0.0,0.5,54.82782956212759,54.82782956212759,0.0,109.65565912425518,11.807548932411034,-116.02422245612482,6.3685633318696375,109.66865539550781,11.81322193145752,6.371640205383301,2.546743869781494,109.66865539550781,11.81322193145752,0.0,0.021744508296251297,-284.8963317871094,0.11663421988487244,1.3427344766284612
1024,64,trace_residue_plus_1_0,1.1729057418539572,0.1071871742606163,106.5718567593341,3.035238116825113,3.035238116825112,8.881784197001252e-16,1.0,103.53661864250898,103.53661864250898,0.0,103.53661864250898,10.520949195232433,-109.18563925159434,5.649020609085355,103.54801177978516,10.525606155395508,5.651555061340332,2.220747470855713,103.54801177978516,10.525606155395508,0.0,0.04088548198342323,-284.8963317871094,0.12119480222463608,1.3952375168781246
1024,65,ordinary_branch,0.1474278090436249,0.08147924393415451,6.594856510947039,6.594856510947039,6.594856510947029,1.0658141036401503e-14,0.0,1.0658141036401503e-14,0.0,1.0658141036401503e-14,147.71785114705563,21.40798067168317,-159.59107441697455,11.873223269918924,147.651611328125,21.392253875732422,11.86255931854248,5.76288366317749,147.651611328125,21.392253875732422,0.0,0.0025416843127459288,-284.8963317871094,0.0868632048368454,1.0
1024,65,cf_branch,0.1474278108898307,0.08147924393415451,6.594856695567618,6.594856695567614,6.594856695567618,3.552713678800501e-15,0.0,0.0,0.0,0.0,147.7178529649973,21.40798120737803,-159.59107654937236,11.873223584375069,147.651611328125,21.392253875732422,11.86255931854248,5.76288366317749,147.651611328125,21.392253875732422,0.0,0.002541684079915285,-284.8963317871094,0.0868632048368454,1.0
1024,65,schatten_filtered_cf_branch,0.15900757809900423,0.15322916209697723,0.5778416002026998,0.5778416002026994,0.5778416002026998,4.440892098500626e-16,0.0,0.0,0.0,0.0,37.20850273407996,2.053016430310125,-38.29676595662055,1.08826322254059,37.02111053466797,2.045691967010498,1.0850406885147095,0.6334322094917297,37.02111053466797,2.045691967010498,0.0,0.0003093751147389412,-284.8963317871094,0.1519014537334442,1.748743372049877
1024,65,trace_residue_minus_0_5,-1.2512398862138474,0.0036327133420854807,-125.48725995559329,71.64602054517633,71.64602054517633,0.0,-0.5,-197.13328050076962,-197.13328050076962,0.0,394.26656100153923,151.81100145301468,-497.85424098249507,103.58767998095584,394.25323486328125,151.8009033203125,102.7450942993164,50.83504104614258,394.25323486328125,151.8009033203125,0.0,0.0004707923508249223,-284.8963317871094,0.003491292241960764,0.04019299366766902
1024,65,trace_residue_plus_0_5,0.6788738253386051,0.10499534010887146,57.387848522973364,3.3338919659081157,3.3338919659081183,2.6645352591003757e-15,0.5,54.05395655706525,54.05395655706525,0.0,108.1079131141305,11.47689766452348,-114.29122245511672,6.183309340986227,108.0577392578125,11.468581199645996,6.17857551574707,2.966599464416504,108.0577392578125,11.468581199645996,0.0,0.021390317007899284,-284.8963317871094,0.11663421988487244,1.3427344766284612
1024,65,trace_residue_plus_1_0,1.1576117105410146,0.1089731752872467,104.86385352537678,2.934877257800565,2.934877257800567,1.7763568394002505e-15,1.0,101.92897626757622,101.92897626757622,0.0,101.92897626757622,10.196850482103084,-107.3976525903087,5.4686763227324775,101.88353729248047,10.189593315124512,5.464592933654785,2.6155552864074707,101.88353729248047,10.189593315124512,0.0,0.040243055671453476,-284.8963317871094,0.12119480222463608,1.3952375168781246
1024,66,ordinary_branch,0.148001586231089,0.08288983255624771,6.511175367484128,6.511175367484128,6.51117536748413,1.7763568394002505e-15,0.0,-1.7763568394002505e-15,0.0,1.7763568394002505e-15,146.87056316435337,21.16343534146204,-158.60074690619683,11.730183741843462,147.00010681152344,21.20185089111328,11.75085163116455,6.36721658706665,147.00010681152344,21.20185089111328,0.0,0.0024541872553527355,-284.8963317871094,0.0868632048368454,1.0
1024,66,cf_branch,0.1480015812072003,0.08288982510566711,6.51117561015332,6.511175610153316,6.51117561015332,3.552713678800501e-15,0.0,0.0,0.0,0.0,146.87056563794613,21.163436051997948,-158.60074979500104,11.730184157054907,147.0001220703125,21.20185089111328,11.75085163116455,6.36721658706665,147.0001220703125,21.20185089111328,0.0,0.002454187022522092,-284.8963317871094,0.0868632048368454,1.0
1024,66,schatten_filtered_cf_branch,0.1605903180398889,0.15477529168128967,0.5815026358599242,0.5815026358599269,0.5815026358599242,2.6645352591003757e-15,0.0,0.0,0.0,0.0,37.36835706979036,2.0661272693528407,-38.463547850308686,1.0951907805183225,37.7932014465332,2.1175034046173096,1.122366189956665,0.5336199998855591,37.7932014465332,2.1175034046173096,0.0,0.00024800843675620854,-284.8963317871094,0.1519014537334442,1.748743372049877
1024,66,trace_residue_minus_0_5,-1.2511234124117492,0.0037469533272087574,-125.4870365738958,71.68541569708893,71.68541569708886,7.105427357601002e-14,-0.5,-197.17245227098465,-197.17245227098465,0.0,394.3449045419693,151.87099773963206,-497.9812002533334,103.63629571136408,394.3791809082031,151.897216796875,102.8213882446289,52.871707916259766,394.3791809082031,151.897216796875,0.0,0.0004456974274944514,-284.8963317871094,0.003491292241960764,0.04019299366766902
1024,66,trace_residue_plus_0_5,0.672470870696637,0.10715033859014511,56.53205321064919,3.234226823661025,3.234226823661027,1.7763568394002505e-15,0.5,53.29782638698816,53.29782638698816,0.0,106.59565277397633,11.158355777023035,-112.60079309577658,6.005140321800255,106.701904296875,11.1812105178833,6.017666816711426,3.361788272857666,106.701904296875,11.1812105178833,0.0,0.02104169689118862,-284.8963317871094,0.11663421988487244,1.3427344766284612
1024,66,trace_residue_plus_1_0,1.1432168318607039,0.11123037338256836,103.19864584781355,2.838770086841052,2.83877008684105,1.7763568394002505e-15,1.0,100.3598757609725,100.3598757609725,0.0,100.3598757609725,9.885404931153015,-105.6555500929794,5.295674332006897,100.45555114746094,9.904757499694824,5.306250095367432,2.9868195056915283,100.45555114746094,9.904757499694824,0.0,0.03961191326379776,-284.8963317871094,0.12119480222463608,1.3952375168781246
1024,67,ordinary_branch,0.1472072867582952,0.08290190994739532,6.430537681089987,6.430537681089987,6.430537681089977,1.0658141036401503e-14,0.0,1.0658141036401503e-14,0.0,1.0658141036401503e-14,146.0477792620659,20.927322957342998,-157.63999080021313,11.59221153814724,146.09164428710938,20.944461822509766,11.600990295410156,5.896099090576172,146.09164428710938,20.944461822509766,0.0,0.002418763702735305,-284.8963317871094,0.0868632048368454,1.0
1024,67,cf_branch,0.1472072889583977,0.08290190994739532,6.430537901100237,6.430537901100223,6.430537901100237,1.4210854715202004e-14,0.0,0.0,0.0,0.0,146.04778146743774,20.92732359789101,-157.6399933809298,11.592211913492065,146.09164428710938,20.944461822509766,11.600990295410156,5.896099090576172,146.09164428710938,20.944461822509766,0.0,0.002418763469904661,-284.8963317871094,0.0868632048368454,1.0
1024,67,schatten_filtered_cf_branch,0.15966397533332893,0.1538112759590149,0.5852699374314041,0.5852699374314057,0.5852699374314041,1.5543122344752192e-15,0.0,0.0,0.0,0.0,37.52655399404466,2.0795063464843517,-38.62884231071949,1.10228831667483,37.70854187011719,2.1292428970336914,1.1310393810272217,0.5458225011825562,37.70854187011719,2.1292428970336914,0.0,0.0002704721118789166,-284.8963317871094,0.1519014537334442,1.748743372049877
1024,67,trace_residue_minus_0_5,-1.2511236811011448,0.003745035268366337,-125.48687163695112,71.71123758748757,71.71123758748755,2.842170943040401e-14,-0.5,-197.19810922443867,-197.19810922443867,0.0,394.39621844887733,151.91030552660888,-498.064372505385,103.66815405650766,394.443359375,151.94749450683594,102.86173248291016,51.64235305786133,394.443359375,151.94749450683594,0.0,0.0005547142936848104,-284.8963317871094,0.003491292241960764,0.04019299366766902
1024,67,trace_residue_plus_0_5,0.6644878724054608,0.10751301050186157,55.697486190359925,3.1385091415158186,3.138509141515822,3.552713678800501e-15,0.5,52.5589770488441,52.5589770488441,0.0,105.1179540976882,10.85142095845707,-110.95169985963337,5.833745761945167,105.1583480834961,10.86277961730957,5.840087890625,2.985706329345703,105.1583480834961,10.86277961730957,0.0,0.02074292115867138,-284.8963317871094,0.11663421988487244,1.3427344766284612
1024,67,trace_residue_plus_1_0,1.1273747680898576,0.11162517964839935,101.57495884414581,2.7467079144325623,2.746707914432559,3.552713678800501e-15,1.0,98.82825092971325,98.82825092971325,0.0,98.82825092971325,9.586052213569232,-103.95792264704417,5.129671717330922,98.86356353759766,9.595247268676758,5.134777545928955,2.628793954849243,98.86356353759766,9.595247268676758,0.0,0.03903505951166153,-284.8963317871094,0.12119480222463608,1.3952375168781246
1024,68,ordinary_branch,0.1468081541556913,0.08328071981668472,6.352743433900656,6.352743433900656,6.352743433900647,8.881784197001252e-15,0.0,8.881784197001252e-15,0.0,8.881784197001252e-15,145.24799764156342,20.699101927181353,-156.70697509073196,11.458977449168543,145.3946990966797,20.74716567993164,11.48599910736084,5.592509746551514,145.3946990966797,20.74716567993164,0.0,0.002350787166506052,-284.8963317871094,0.0868632048368454,1.0
1024,68,cf_branch,0.1468081633875467,0.08328072726726532,6.352743612028139,6.352743612028149,6.352743612028139,1.0658141036401503e-14,0.0,0.0,0.0,0.0,145.24799945950508,20.699102448453715,-156.70697721335438,11.458977753849297,145.3946990966797,20.74716567993164,11.48599910736084,5.592509746551514,145.3946990966797,20.74716567993164,0.0,0.0023507867008447647,-284.8963317871094,0.0868632048368454,1.0
1024,68,schatten_filtered_cf_branch,0.15919696947012107,0.15330593287944794,0.5891036590673129,0.5891036590673124,0.5891036590673129,4.440892098500626e-16,0.0,0.0,0.0,0.0,37.68269062228501,2.093036949193971,-38.79217827205396,1.1094876497689512,38.03085708618164,2.1580934524536133,1.1454520225524902,0.5357005596160889,38.03085708618164,2.1580934524536133,0.0,0.00026282528415322304,-284.8963317871094,0.1519014537334442,1.748743372049877
1024,68,trace_residue_minus_0_5,-1.2510764005692898,0.003793751820921898,-125.48701523902116,71.72133014438452,71.72133014438452,0.0,-0.5,-197.20834538340569,-197.20834538340569,0.0,394.41669076681137,151.92584940110976,-498.0973703954187,103.68067962860732,394.4508056640625,151.95266723632812,102.86561584472656,51.04120635986328,394.4508056640625,151.95266723632812,0.0,0.00046806957107037306,-284.8963317871094,0.003491292241960764,0.04019299366766902
1024,68,trace_residue_plus_0_5,0.6571588688047124,0.10832515358924866,54.88337152154637,3.046540577723505,3.046540577723512,7.105427357601002e-15,0.5,51.83683094382286,51.83683094382286,0.0,103.67366188764572,10.555558725948753,-109.3424612226901,5.668799335044383,103.78355407714844,10.581855773925781,5.68351936340332,2.7374658584594727,103.78355407714844,10.581855773925781,0.0,0.02043658308684826,-284.8963317871094,0.11663421988487244,1.3427344766284612
1024,68,trace_residue_plus_1_0,1.112399315198815,0.11248521506786346,99.99141001309515,2.6584846338188726,2.658484633818869,3.552713678800501e-15,1.0,97.33292537927628,97.33292537927628,0.0,97.33292537927628,9.298230557609987,-102.30325276925268,4.970327389976404,97.42876434326172,9.31959342956543,4.982203483581543,2.3937010765075684,97.42876434326172,9.31959342956543,0.0,0.03845798969268799,-284.8963317871094,0.12119480222463608,1.3952375168781246
1024,69,ordinary_branch,0.14568544731627925,0.08290907740592957,6.277636991034967,6.277636991034967,6.277636991034964,3.552713678800501e-15,0.0,3.552713678800501e-15,0.0,3.552713678800501e-15,144.47007562220097,20.4783526648046,-155.80030147608872,11.330225853887754,144.32083129882812,20.431241989135742,11.300537109375,5.1606292724609375,144.32083129882812,20.431241989135742,0.0,0.002322725486010313,-284.8963317871094,0.0868632048368454,1.0
1024,69,cf_branch,0.14568544932013966,0.08290907740592957,6.277637191421011,6.277637191421007,6.277637191421011,3.552713678800501e-15,0.0,0.0,0.0,0.0,144.4700776785612,20.478353251531928,-155.8003038752774,11.330226196716183,144.32083129882812,20.431243896484375,11.300537109375,5.1606292724609375,144.32083129882812,20.431243896484375,0.0,0.0023227252531796694,-284.8963317871094,0.0868632048368454,1.0
1024,69,schatten_filtered_cf_branch,0.1580023619507143,0.15207192301750183,0.5930438933212452,0.5930438933212443,0.5930438933212452,8.881784197001252e-16,0.0,0.0,0.0,0.0,37.837209509685636,2.1068377685593815,-38.954067263472226,1.11685775378659,37.41191482543945,2.032876491546631,1.0756157636642456,0.6411880850791931,37.41191482543945,2.032876491546631,0.0,0.00023338579921983182,-284.8963317871094,0.1519014537334442,1.748743372049877
1024,69,trace_residue_minus_0_5,-1.251284122571369,0.0035866443067789078,-125.48707668781478,71.71962997019091,71.71962997019094,2.842170943040401e-14,-0.5,-197.20670665800571,-197.20670665800571,0.0,394.41341331601143,151.92330015128974,-498.0920104453148,103.6785971293034,394.3761901855469,151.8942413330078,102.81871795654297,49.847652435302734,394.3761901855469,151.8942413330078,0.0,0.0004780398739967495,-284.8963317871094,0.003491292241960764,0.04019299366766902
1024,69,trace_residue_plus_0_5,0.6491049105177307,0.1082148626446724,54.089004787305825,2.9581392916538576,2.9581392916538656,7.993605777301127e-15,0.5,51.13086549565196,51.13086549565196,0.0,102.26173099130392,10.270278192026915,-107.77173257001051,5.510001578706593,102.15115356445312,10.245009422302246,5.495509147644043,2.4072203636169434,102.15115356445312,10.245009422302246,0.0,0.02016272395849228,-284.8963317871094,0.11663421988487244,1.3427344766284612
1024,69,trace_residue_plus_1_0,1.09684873548959,0.11238163709640503,98.44670983931849,2.5739086695654123,2.5739086695654105,1.7763568394002505e-15,1.0,95.87280116975307,95.87280116975307,0.0,95.87280116975307,9.02141550486784,-100.69012478858062,4.817323618827544,95.77606201171875,9.000847816467285,4.805665016174316,2.0800023078918457,95.77606201171875,9.000847816467285,0.0,0.03791753575205803,-284.8963317871094,0.12119480222463608,1.3952375168781246
1024,70,ordinary_branch,0.14497416313927858,0.08292398601770401,6.205017712157456,6.205017712157456,6.2050177121574475,8.881784197001252e-15,0.0,8.881784197001252e-15,0.0,8.881784197001252e-15,143.7125784754753,20.264539163774202,-154.9182071935076,11.205628718032301,143.5189208984375,20.206531524658203,11.169807434082031,4.992580413818359,143.5189208984375,20.206531524658203,0.0,0.0022948377300053835,-284.8963317871094,0.0868632048368454,1.0
1024,70,cf_branch,0.14497417293367537,0.0829239934682846,6.205017946539076,6.205017946539073,6.205017946539076,3.552713678800501e-15,0.0,0.0,0.0,0.0,143.71258088946342,20.26453985171475,-154.91821000901086,11.205629119547439,143.5189208984375,20.20653533935547,11.169808387756348,4.992580890655518,143.5189208984375,20.20653533935547,0.0,0.0022948377300053835,-284.8963317871094,0.0868632048368454,1.0
1024,70,schatten_filtered_cf_branch,0.15756381793500307,0.15159673988819122,0.5967078046811836,0.5967078046811842,0.5967078046811836,6.661338147750939e-16,0.0,0.0,0.0,0.0,37.98605168797076,2.119770975364912,-39.109790299634525,1.123738611663768,37.65644454956055,2.084237575531006,1.103853464126587,0.38673126697540283,37.65644454956055,2.084237575531006,0.0,0.00025416893186047673,-284.8963317871094,0.1519014537334442,1.748743372049877
1024,70,trace_residue_minus_0_5,-1.251381046718648,0.003492522519081831,-125.48735692377298,71.70515108828337,71.70515108828337,0.0,-0.5,-197.19250801205635,-197.19250801205635,0.0,394.3850160241127,151.9014161684966,-498.045812614289,103.66079659017629,394.3399353027344,151.86624145507812,102.79642486572266,49.682071685791016,394.3399353027344,151.86624145507812,0.0,0.0004613724595401436,-284.8963317871094,0.003491292241960764,0.04019299366766902
1024,70,trace_residue_plus_0_5,0.6417386808191173,0.10860215872526169,53.313652209385566,2.8731241369687837,2.873124136968782,1.7763568394002505e-15,0.5,50.44052807241678,50.44052807241678,0.0,100.88105614483356,9.995085177175437,-106.23810881617308,5.357052671339517,100.73291778564453,9.963634490966797,5.339226245880127,2.2566301822662354,100.73291778564453,9.963634490966797,0.0,0.019884631037712097,-284.8963317871094,0.11663421988487244,1.3427344766284612
1024,70,trace_residue_plus_1_0,1.082190729332527,0.11279520392417908,96.9395525408348,2.4927943674286723,2.492794367428669,3.552713678800501e-15,1.0,94.44675817340612,94.44675817340612,0.0,94.44675817340612,8.755094073639047,-99.11710929312935,4.670351119723222,94.31602478027344,8.72927188873291,4.6558709144592285,1.940140962600708,94.31602478027344,8.72927188873291,0.0,0.037378422915935516,-284.8963317871094,0.12119480222463608,1.3952375168781246
1024,71,ordinary_branch,0.14521028537138833,0.08386290073394775,6.134738463744057,6.134738463744057,6.1347384637440605,3.552713678800501e-15,0.0,-3.552713678800501e-15,0.0,3.552713678800501e-15,142.97452944517136,20.057271517598814,-154.05947577743933,11.084946332267975,142.97811889648438,20.051380157470703,11.079157829284668,5.202443599700928,142.97811889648438,20.051380157470703,0.0,0.00221523130312562,-284.8963317871094,0.0868632048368454,1.0
1024,71,cf_branch,0.14521028795278357,0.08386290073394775,6.134738721883583,6.134738721883579,6.134738721883583,3.552713678800501e-15,0.0,0.0,0.0,0.0,142.97453218698502,20.05727228135931,-154.0594789632509,11.084946776265895,142.97811889648438,20.051380157470703,11.079157829284668,5.202451229095459,142.97811889648438,20.051380157470703,0.0,0.0022152308374643326,-284.8963317871094,0.0868632048368454,1.0
1024,71,schatten_filtered_cf_branch,0.15832294203800076,0.15232130885124207,0.6001633186758688,0.6001633186758681,0.6001633186758688,6.661338147750939e-16,0.0,0.0,0.0,0.0,38.12988178245723,2.1320335730301156,-39.26012775523287,1.13024597277564,38.019248962402344,2.073364496231079,1.0964525938034058,0.4223107695579529,38.019248962402344,2.073364496231079,0.0,0.00025184894911944866,-284.8963317871094,0.1519014537334442,1.748743372049877
1024,71,trace_residue_minus_0_5,-1.251321702505509,0.0035572524648159742,-125.4878954970325,71.67671177451962,71.67671177451959,2.842170943040401e-14,-0.5,-197.1646072715521,-197.1646072715521,0.0,394.3292145431042,151.85842612308306,-497.9550458151149,103.62583127201071,394.3186340332031,151.8499755859375,102.78355407714844,50.507240295410156,394.3186340332031,151.8499755859375,0.0,0.00043697698856703937,-284.8963317871094,0.003491292241960764,0.04019299366766902
1024,71,trace_residue_plus_0_5,0.6357160548942469,0.11014948785305023,52.55665670411967,2.7913306251384995,2.791330625138505,5.329070518200751e-15,0.5,49.76532607898116,49.76532607898116,0.0,99.53065215796232,9.729530040075261,-104.74033222388005,5.209680065917723,99.53353118896484,9.725767135620117,5.207099914550781,2.3654861450195312,99.53353118896484,9.725767135620117,0.0,0.019580727443099022,-284.8963317871094,0.11663421988487244,1.3427344766284612
1024,71,trace_residue_plus_1_0,1.069103046327812,0.11441574990749359,95.46872964203182,2.4149699255806496,2.4149699255806434,6.217248937900877e-15,1.0,93.05375971645117,93.05375971645117,0.0,93.05375971645117,8.49878959297643,-97.58288281075986,4.529123094308687,93.05818176269531,8.4962797164917,4.527405261993408,2.0409090518951416,93.05818176269531,8.4962797164917,0.0,0.036821234971284866,-284.8963317871094,0.12119480222463608,1.3952375168781246
1024,72,ordinary_branch,0.14465554207249454,0.08398818224668503,6.066735982580951,6.066735982580951,6.066735982580953,1.7763568394002505e-15,0.0,-1.7763568394002505e-15,0.0,1.7763568394002505e-15,142.25558926165104,19.8563883178132,-153.22366671633307,10.968077454682032,142.30288696289062,19.86881446838379,10.973709106445312,5.079704284667969,142.30288696289062,19.86881446838379,0.0,0.0021960523445159197,-284.8963317871094,0.0868632048368454,1.0
1024,72,cf_branch,0.14465554497236108,0.08398818224668503,6.066736272567605,6.06673627256761,6.066736272567605,5.329070518200751e-15,0.0,0.0,0.0,0.0,142.2555922716856,19.856389169965656,-153.22367022341137,10.968077951725775,142.30288696289062,19.86881446838379,10.973709106445312,5.079704284667969,142.30288696289062,19.86881446838379,0.0,0.002196052111685276,-284.8963317871094,0.0868632048368454,1.0
1024,72,schatten_filtered_cf_branch,0.15802801620015897,0.1519927829504013,0.6035233249757654,0.6035233249757646,0.6035233249757654,8.881784197001252e-16,0.0,0.0,0.0,0.0,38.270125253126025,2.1439694686369553,-39.40670212845019,1.1365768753241667,38.293548583984375,2.136209487915039,1.132431149482727,0.18865209817886353,38.293548583984375,2.136209487915039,0.0,0.00022066447127144784,-284.8963317871094,0.1519014537334442,1.748743372049877
1024,72,trace_residue_minus_0_5,-1.2513430212512922,0.0035423929803073406,-125.48854142315994,71.64009419195045,71.64009419195045,0.0,-0.5,-197.1286356151104,-197.1286356151104,0.0,394.2572712302208,151.80303488245528,-497.83806688234876,103.58079565212796,394.24444580078125,151.79298400878906,102.7383041381836,50.57479476928711,394.24444580078125,151.79298400878906,0.0,0.00043676840141415596,-284.8963317871094,0.003491292241960764,0.04019299366766902
1024,72,trace_residue_plus_0_5,0.6288365498738138,0.11066185683012009,51.81746930436937,2.712614463584096,2.7126144635841003,4.440892098500626e-15,0.5,49.104854840785265,49.104854840785265,0.0,98.20970968157053,9.473219951439,-103.27735478634831,5.067645104777782,98.24577331542969,9.479652404785156,5.071017265319824,2.2445311546325684,98.24577331542969,9.479652404785156,0.0,0.01931372657418251,-284.8963317871094,0.11663421988487244,1.3427344766284612
1024,72,trace_residue_plus_1_0,1.0552883645108935,0.1149568185210228,94.03315459898708,2.340278401589373,2.3402784015893694,3.552713678800501e-15,1.0,91.69287619739771,91.69287619739771,0.0,91.69287619739771,8.25206584844621,-96.08625349906754,4.39337730166983,91.72496032714844,8.257421493530273,4.396195411682129,1.9312901496887207,91.72496032714844,8.257421493530273,0.0,0.036303870379924774,-284.8963317871094,0.12119480222463608,1.3952375168781246
1024,73,ordinary_branch,0.1465090338508486,0.08650018274784088,6.000885110300771,6.000885110300771,6.0008851103007785,7.105427357601002e-15,0.0,-7.105427357601002e-15,0.0,7.105427357601002e-15,141.55491836369038,19.661554548751276,-152.40973547535026,10.854817111659884,141.33773803710938,19.5985050201416,10.816417694091797,6.670927047729492,141.33773803710938,19.5985050201416,0.0,0.0020901705138385296,-284.8963317871094,0.0868632048368454,1.0
1024,73,cf_branch,0.1465090373005016,0.08650018274784088,6.000885455266072,6.000885455266072,6.000885455266072,0.0,0.0,0.0,0.0,0.0,141.5549219995737,19.661555566974428,-152.40973970384943,10.854817704275717,141.33773803710938,19.598506927490234,10.816417694091797,6.670934677124023,141.33773803710938,19.598506927490234,0.0,0.002090170281007886,-284.8963317871094,0.0868632048368454,1.0
1024,73,schatten_filtered_cf_branch,0.1613096028716342,0.1552424132823944,0.6067189589239788,0.606718958923981,0.6067189589239788,2.220446049250313e-15,0.0,0.0,0.0,0.0,38.405832167714834,2.155359426365898,-39.548440544625926,1.1426083769110917,37.79379653930664,2.0782501697540283,1.1005983352661133,1.1504921913146973,37.79379653930664,2.0782501697540283,0.0,0.0002480244147591293,-284.8963317871094,0.1519014537334442,1.748743372049877
1024,73,trace_residue_minus_0_5,-1.2512096095032914,0.0036843870766460896,-125.48939965799374,71.59502513572653,71.5950251357265,2.842170943040401e-14,-0.5,-197.08442479372025,-197.08442479372025,0.0,394.1688495874405,151.7349150636853,-497.6942382327044,103.52538864526389,394.1378173828125,151.71099853515625,102.67314910888672,54.59609603881836,394.1378173828125,151.71099853515625,0.0,0.00047135926433838904,-284.8963317871094,0.003491292241960764,0.04019299366766902
1024,73,trace_residue_plus_0_5,0.6252166014405104,0.114261694252491,51.09549071880193,2.636829911341387,2.636829911341385,1.7763568394002505e-15,0.5,48.45866080746055,48.45866080746055,0.0,96.9173216149211,9.225751990291855,-101.84802658151818,4.930704966597091,96.74840545654297,9.191996574401855,4.9117841720581055,3.3290953636169434,96.74840545654297,9.191996574401855,0.0,0.01898002438247204,-284.8963317871094,0.11663421988487244,1.3427344766284612
1024,73,trace_residue_plus_1_0,1.0450239060400728,0.11870680749416351,92.63170985459094,2.2685671034336465,2.26856710343365,3.552713678800501e-15,1.0,90.36314275115728,90.36314275115728,0.0,90.36314275115728,8.014494041520367,-94.6260000908167,4.262857339659419,90.21458435058594,7.986933708190918,4.247559070587158,2.9339449405670166,90.21458435058594,7.986933708190918,0.0,0.03572870045900345,-284.8963317871094,0.12119480222463608,1.3952375168781246
1024,74,ordinary_branch,0.1446931567781732,0.08532054722309113,5.937260955508208,5.937260955508208,5.937260955508215,7.105427357601002e-15,0.0,-7.105427357601002e-15,0.0,7.105427357601002e-15,140.8735489398241,19.473011652408147,-151.61884911310767,10.745300173283567,140.99766540527344,19.50713348388672,10.763616561889648,5.274905204772949,140.99766540527344,19.50713348388672,0.0,0.0020751613192260265,-284.8963317871094,0.0868632048368454,1.0
1024,74,cf_branch,0.14469315925188142,0.08532054722309113,5.937261202879029,5.937261202879029,5.937261202879029,0.0,0.0,0.0,0.0,0.0,140.8735515922308,19.473012385907,-151.61885219145302,10.745300599222219,140.99766540527344,19.50713539123535,10.763618469238281,5.274906158447266,140.99766540527344,19.50713539123535,0.0,0.0020751608535647392,-284.8963317871094,0.0868632048368454,1.0
1024,74,schatten_filtered_cf_branch,0.1586932738651268,0.15259504318237305,0.609823068275376,0.6098230682753787,0.609823068275376,2.6645352591003757e-15,0.0,0.0,0.0,0.0,38.53861493803561,2.1664586946316917,-39.68709208823288,1.148477150197273,38.86250305175781,2.1947646141052246,1.1632494926452637,0.2522294521331787,38.86250305175781,2.1947646141052246,0.0,0.00024126605421770364,-284.8963317871094,0.1519014537334442,1.748743372049877
1024,74,trace_residue_minus_0_5,-1.2513136836358083,0.0035856561735272408,-125.48993398093354,71.55667387104859,71.55667387104857,1.4210854715202004e-14,-0.5,-197.04660785198212,-197.04660785198212,0.0,394.09321570396423,151.6767814530341,-497.571388057312,103.47817235334776,394.1387939453125,151.71206665039062,102.67411804199219,51.28876495361328,394.1387939453125,151.71206665039062,0.0,0.00046440536971203983,-284.8963317871094,0.003491292241960764,0.04019299366766902
1024,74,trace_residue_plus_0_5,0.6169429154996523,0.11303938180208206,50.39035336975702,2.5638626285339186,2.5638626285339257,7.105427357601002e-15,0.5,47.8264907412231,47.8264907412231,0.0,95.6529814824462,8.986819051074818,-100.4516531485772,4.798671666131,95.73975372314453,9.00275707244873,4.807297229766846,2.3246958255767822,95.73975372314453,9.00275707244873,0.0,0.018759489059448242,-284.8963317871094,0.11663421988487244,1.3427344766284612
1024,74,trace_residue_plus_1_0,1.0300788630593152,0.11744367331266403,91.26351897466512,2.1997028221520907,2.1997028221520942,3.552713678800501e-15,1.0,89.06381615251303,89.06381615251303,0.0,89.06381615251303,7.785703007883561,-93.20115646660446,4.137340314091432,89.13943481445312,7.798635482788086,4.144316673278809,2.003100872039795,89.13943481445312,7.798635482788086,0.0,0.035268303006887436,-284.8963317871094,0.12119480222463608,1.3952375168781246
1024,75,ordinary_branch,0.14488932647658176,0.08613311499357224,5.875621148300951,5.875621148300951,5.87562114830094,1.0658141036401503e-14,0.0,1.0658141036401503e-14,0.0,1.0658141036401503e-14,140.20931135118008,19.290073127264044,-150.84843009313335,10.639118741953268,139.99977111816406,19.228843688964844,10.601842880249023,5.9566450119018555,139.99977111816406,19.228843688964844,0.0,0.00202739960514009,-284.8963317871094,0.0868632048368454,1.0
1024,75,cf_branch,0.14488932168981744,0.08613310754299164,5.8756214146825805,5.875621414682584,5.8756214146825805,3.552713678800501e-15,0.0,0.0,0.0,0.0,140.20931424200535,19.290073919421367,-150.84843344329474,10.63911920128939,139.99978637695312,19.228843688964844,10.601842880249023,5.956637382507324,139.99978637695312,19.228843688964844,0.0,0.0020273993723094463,-284.8963317871094,0.0868632048368454,1.0
1024,75,schatten_filtered_cf_branch,0.1597917899154262,0.1536635458469391,0.6128244068487101,0.6128244068487092,0.6128244068487101,8.881784197001252e-16,0.0,0.0,0.0,0.0,38.66791809909046,2.1772121272083016,-39.82207571391312,1.1541576148226653,38.144630432128906,2.10255765914917,1.113201379776001,0.6551724672317505,38.144630432128906,2.10255765914917,0.0,0.00026844884268939495,-284.8963317871094,0.1519014537334442,1.748743372049877
1024,75,trace_residue_minus_0_5,-1.251445252411703,0.0034596086479723454,-125.49048610596753,71.51972282857798,71.51972282857798,0.0,-0.5,-197.01020893454552,-197.01020893454552,0.0,394.02041786909103,151.62080241933978,-497.45311087704795,103.43269300795691,393.971435546875,151.5826416015625,102.57096862792969,53.169456481933594,393.971435546875,151.5826416015625,0.0,0.0004215172666590661,-284.8963317871094,0.003491292241960764,0.04019299366766902
1024,75,trace_residue_plus_0_5,0.6114852967238945,0.1144716814160347,49.70136153078598,2.4935668197922283,2.4935668197922167,1.1546319456101628e-14,0.5,47.20779471099377,47.20779471099377,0.0,94.41558942198753,8.756007038882561,-99.08688856947724,4.671299147489705,94.2718276977539,8.727261543273926,4.655190467834473,2.76163911819458,94.2718276977539,8.727261543273926,0.0,0.018487678840756416,-284.8963317871094,0.11663421988487244,1.3427344766284612
1024,75,trace_residue_plus_1_0,1.0182078902655887,0.11893387138843536,89.92740188771533,2.1335417800550402,2.133541780055035,5.329070518200751e-15,1.0,87.7938601076603,87.7938601076603,0.0,87.7938601076603,7.565281052192724,-91.81044263622732,4.016582528567028,87.67071533203125,7.542478561401367,4.00393009185791,2.4063076972961426,87.67071533203125,7.542478561401367,0.0,0.03476279601454735,-284.8963317871094,0.12119480222463608,1.3952375168781246
1024,76,ordinary_branch,0.14676643472051168,0.08860726654529572,5.815916817521597,5.815916817521597,5.8159168175216,3.552713678800501e-15,0.0,-3.552713678800501e-15,0.0,3.552713678800501e-15,139.562166005373,19.11263118715604,-150.0983655916375,10.536199586264502,139.73721313476562,19.160869598388672,10.5628080368042,7.129678249359131,139.73721313476562,19.160869598388672,0.0,0.0019436002476140857,-284.8963317871094,0.0868632048368454,1.0
1024,76,cf_branch,0.14676643714319265,0.08860726654529572,5.815917059789694,5.815917059789683,5.815917059789694,1.0658141036401503e-14,0.0,0.0,0.0,0.0,139.56216862797737,19.11263190704703,-150.09836863183267,10.5362000038553,139.73721313476562,19.160869598388672,10.5628080368042,7.129678249359131,139.73721313476562,19.160869598388672,0.0,0.0019435996655374765,-284.8963317871094,0.0868632048368454,1.0
1024,76,schatten_filtered_cf_branch,0.16283208701300764,0.1566760540008545,0.6156033012153146,0.6156033012153159,0.6156033012153146,1.3322676295501878e-15,0.0,0.0,0.0,0.0,38.79271861538291,2.1872740998566877,-39.95216496733718,1.1594463519542728,39.19975280761719,2.2355294227600098,1.1855974197387695,0.8859505653381348,39.19975280761719,2.2355294227600098,0.0,0.00023166282335296273,-284.8963317871094,0.1519014537334442,1.748743372049877
1024,76,trace_residue_minus_0_5,-1.251195630137105,0.00371382012963295,-125.49094502667378,71.48712594767619,71.48712594767619,0.0,-0.5,-196.97807097434998,-196.97807097434998,0.0,393.95614194869995,151.57139591758943,-497.3487050751137,103.39256312641373,394.01953125,151.6204833984375,102.60138702392578,56.78458023071289,394.01953125,151.6204833984375,0.0,0.0004296684346627444,-284.8963317871094,0.003491292241960764,0.04019299366766902
1024,76,trace_residue_plus_0_5,0.608301747211341,0.11802127957344055,49.02804676379005,2.425824131173286,2.4258241311732913,5.329070518200751e-15,0.5,46.60222263261676,46.60222263261676,0.0,93.20444526523352,8.532987313266451,-97.75283502018905,4.5483897549555365,93.32431030273438,8.55514144897461,4.560475826263428,3.5109546184539795,93.32431030273438,8.55514144897461,0.0,0.018180016428232193,-284.8963317871094,0.11663421988487244,1.3427344766284612
1024,76,trace_residue_plus_1_0,1.0088559254805791,0.12263177335262299,88.62241521279562,2.0699573362921484,2.069957336292152,3.552713678800501e-15,1.0,86.55245787650347,86.55245787650347,0.0,86.55245787650347,7.352868077445862,-90.45282789047364,3.900370013970175,86.6557846069336,7.370598793029785,3.909993886947632,3.1028356552124023,86.6557846069336,7.370598793029785,0.0,0.034228332340717316,-284.8963317871094,0.12119480222463608,1.3952375168781246
1024,77,ordinary_branch,0.14559823641179379,0.08801598846912384,5.758224794266994,5.758224794266994,5.758224794267001,7.105427357601002e-15,0.0,-7.105427357601002e-15,0.0,7.105427357601002e-15,138.93303279578686,18.940918763013585,-149.3697092178504,10.436676422063556,138.9753875732422,18.952747344970703,10.442212104797363,6.323202610015869,138.9753875732422,18.952747344970703,0.0,0.0018990946700796485,-284.8963317871094,0.0868632048368454,1.0
1024,77,cf_branch,0.1455982392269339,0.08801598846912384,5.758225075781006,5.758225075780999,5.758225075781006,7.105427357601002e-15,0.0,0.0,0.0,0.0,138.93303586542606,18.94091960114114,-149.36971277320134,10.43667690777528,138.9753875732422,18.952747344970703,10.442212104797363,6.323202610015869,138.9753875732422,18.952747344970703,0.0,0.0018990944372490048,-284.8963317871094,0.0868632048368454,1.0
1024,77,schatten_filtered_cf_branch,0.16104092874501147,0.15485814213752747,0.6182786607483997,0.6182786607483983,0.6182786607483997,1.3322676295501878e-15,0.0,0.0,0.0,0.0,38.91455622948706,2.1970029372345614,-40.079105855554204,1.1645496260671422,39.110565185546875,2.2327046394348145,1.1839503049850464,0.7635259032249451,39.110565185546875,2.2327046394348145,0.0,0.00022335305402521044,-284.8963317871094,0.1519014537334442,1.748743372049877
1024,77,trace_residue_minus_0_5,-1.2511959040365295,0.0037126168608665466,-125.4908520897396,71.46783058144968,71.4678305814497,2.842170943040401e-14,-0.5,-196.9586826711893,-196.9586826711893,0.0,393.9173653423786,151.54183667761515,-497.2860463224458,103.36868098006721,393.9155578613281,151.54054260253906,102.53788757324219,54.501121520996094,393.9155578613281,151.54054260253906,0.0,0.00038392990245483816,-284.8963317871094,0.003491292241960764,0.04019299366766902
1024,77,trace_residue_plus_0_5,0.6012370178745455,0.11753622442483902,48.37007934497065,2.3605385971195147,2.360538597119511,3.552713678800501e-15,0.5,46.00954074785113,46.00954074785113,0.0,92.01908149570227,8.31749688952304,-96.44886567356238,4.429784177860114,92.0403060913086,8.321426391601562,4.431832313537598,2.9479222297668457,92.0403060913086,8.321426391601562,0.0,0.01795591600239277,-284.8963317871094,0.11663421988487244,1.3427344766284612
1024,77,trace_residue_plus_1_0,0.9956101680853763,0.12213249504566193,87.34776730397144,2.0088372708241096,2.008837270824104,5.773159728050814e-15,1.0,85.33893003314734,85.33893003314734,0.0,85.33893003314734,7.1481456172443645,-89.12744335220691,3.7885133190595752,85.35652923583984,7.151176452636719,3.7900986671447754,2.575526475906372,85.35652923583984,7.151176452636719,0.0,0.03378034010529518,-284.8963317871094,0.12119480222463608,1.3952375168781246
1024,78,ordinary_branch,0.14325032831178702,0.08622671663761139,5.702361167417564,5.702361167417564,5.702361167417557,7.105427357601002e-15,0.0,7.105427357601002e-15,0.0,7.105427357601002e-15,138.32020507752895,18.774409482594564,-148.66044319144322,10.340238113914268,138.50070190429688,18.82694435119629,10.369729042053223,4.235950946807861,138.50070190429688,18.82694435119629,0.0,0.0019548474811017513,-284.8963317871094,0.0868632048368454,1.0
1024,78,cf_branch,0.14325033144995872,0.08622671663761139,5.702361481234732,5.702361481234732,5.702361481234732,0.0,0.0,0.0,0.0,0.0,138.32020850479603,18.774410417015588,-148.6604471601844,10.340238655388362,138.50070190429688,18.826946258544922,10.369730949401855,4.235951900482178,138.50070190429688,18.826946258544922,0.0,0.0019548472482711077,-284.8963317871094,0.0868632048368454,1.0
1024,78,schatten_filtered_cf_branch,0.15662028983272497,0.15041112899780273,0.620916083492222,0.6209160834922223,0.620916083492222,2.220446049250313e-16,0.0,0.0,0.0,0.0,39.033927174285054,2.2065858863768293,-40.20350554172468,1.1695783674396267,39.59253692626953,2.2895326614379883,1.2149267196655273,0.3460841178894043,39.59253692626953,2.2895326614379883,0.0,0.0002507516765035689,-284.8963317871094,0.1519014537334442,1.748743372049877
1024,78,trace_residue_minus_0_5,-1.2511741633571885,0.0037300630938261747,-125.49042264510146,71.45792835067758,71.45792835067758,0.0,-0.5,-196.94835099577904,-196.94835099577904,0.0,393.8967019915581,151.52633769797254,-497.25299253829684,103.35629054673876,393.94744873046875,151.56564331054688,102.5580825805664,48.60123062133789,393.94744873046875,151.56564331054688,0.0,0.0004177639784757048,-284.8963317871094,0.003491292241960764,0.04019299366766902
1024,78,trace_residue_plus_0_5,0.5926706019967204,0.11540187895298004,47.726872304374034,2.2975899818480556,2.2975899818480556,0.0,0.5,45.42928232252598,45.42928232252598,0.0,90.85856464505196,8.109190487670276,-95.17384303030902,4.315278385257059,90.98663330078125,8.133940696716309,4.328891277313232,1.5407617092132568,90.98663330078125,8.133940696716309,0.0,0.01777506247162819,-284.8963317871094,0.11663421988487244,1.3427344766284612
1024,78,trace_residue_plus_1_0,0.9809452493901238,0.11992096900939941,86.10242803807245,1.9500614594934973,1.9500614594934929,4.440892098500626e-15,1.0,84.15236657857895,84.15236657857895,0.0,84.15236657857895,6.950764814573946,-87.83317400055344,3.6808074219744924,84.26195526123047,6.97025203704834,3.691448450088501,1.2683964967727661,84.26195526123047,6.97025203704834,0.0,0.03337648883461952,-284.8963317871094,0.12119480222463608,1.3952375168781246
1024,79,ordinary_branch,0.14334379570392458,0.0868632048368454,5.648059086707917,5.648059086707917,5.648059086707907,1.0658141036401503e-14,0.0,1.0658141036401503e-14,0.0,1.0658141036401503e-14,137.72086234390736,18.612316315133263,-147.96728880041212,10.246426456504764,137.58985900878906,18.572288513183594,10.22156047821045,5.058267116546631,137.58985900878906,18.572288513183594,0.0,0.0019074290757998824,-284.8963317871094,0.0868632048368454,1.0
1024,79,cf_branch,0.1433437988525929,0.0868632048368454,5.64805940157475,5.64805940157477,5.64805940157475,1.9539925233402755e-14,0.0,0.0,0.0,0.0,137.72086581587791,18.61231725513677,-147.9672928163882,10.246427000510295,137.58985900878906,18.57229232788086,10.221561431884766,5.058267593383789,137.58985900878906,18.57229232788086,0.0,0.001907428610138595,-284.8963317871094,0.0868632048368454,1.0
1024,79,schatten_filtered_cf_branch,0.15813678397015146,0.1519014537334442,0.6235330236707235,0.6235330236707242,0.6235330236707235,6.661338147750939e-16,0.0,0.0,0.0,0.0,39.15081578865647,2.2160746908132367,-40.32537848565974,1.1745626970032674,38.63084030151367,2.1332788467407227,1.1292215585708618,0.5300553441047668,38.63084030151367,2.1332788467407227,0.0,0.00023188043269328773,-284.8963317871094,0.1519014537334442,1.748743372049877
1024,79,trace_residue_minus_0_5,-1.2514051123043384,0.003491292241960764,-125.48964045462992,71.45774282993881,71.45774282993887,5.684341886080802e-14,-0.5,-196.9473832845688,-196.9473832845688,0.0,393.8947665691376,151.52538009969163,-497.25055307300056,103.35578650386299,393.8740234375,151.50909423828125,102.51311492919922,51.181453704833984,393.8740234375,151.50909423828125,0.0,0.0004626754380296916,-284.8963317871094,0.003491292241960764,0.04019299366766902
1024,79,trace_residue_plus_0_5,0.5876119003124989,0.11663421988487244,47.09776804276264,2.2368568485275446,2.236856848527548,3.552713678800501e-15,0.5,44.860911194235086,44.860911194235086,0.0,89.72182238847017,7.907713706946912,-93.92648710308617,4.204664714616001,89.61688232421875,7.88671350479126,4.192901134490967,2.0681073665618896,89.61688232421875,7.88671350479126,0.0,0.01753186248242855,-284.8963317871094,0.11663421988487244,1.3427344766284612
1024,79,trace_residue_plus_1_0,0.9700479587917628,0.12119480222463608,84.88531565671266,1.8935128301888824,1.893512830188886,3.552713678800501e-15,1.0,82.99180282652378,82.99180282652378,0.0,82.99180282652378,6.760382102406987,-86.56885433194223,3.577051505418453,82.9013442993164,6.7437920570373535,3.5678603649139404,1.759600043296814,82.9013442993164,6.7437920570373535,0.0,0.03291834518313408,-284.8963317871094,0.12119480222463608,1.3952375168781246
4096,0,ordinary_branch,1.804906442513135,0.0030391551554203033,180.18672873577145,180.18672873577145,180.18672873577157,1.1368683772161603e-13,0.0,-1.1368683772161603e-13,0.0,1.1368683772161603e-13,1324.8737852573395,429.68378063133673,-1601.8406031519557,276.96681789461627,1325.133056640625,429.8703308105469,275.96478271484375,137.88912963867188,1325.133056640625,429.8703308105469,0.0,0.06875435262918472,-1356.2806396484375,0.07027743756771088,1.0
4096,0,cf_branch,1.804906442513136,0.0030391551554203033,180.18672873577157,180.18672873577145,180.18672873577157,1.1368683772161603e-13,0.0,0.0,0.0,0.0,1324.8737852573395,429.68378063133673,-1601.8406031519557,276.96681789461627,1325.133056640625,429.8703308105469,275.96478271484375,137.88912963867188,1325.133056640625,429.8703308105469,0.0,0.06875434517860413,-1356.2806396484375,0.07027743756771088,1.0
4096,0,schatten_filtered_cf_branch,0.13806998602592455,0.133794903755188,0.42750822707365677,0.427508227073659,0.42750822707365677,2.220446049250313e-15,0.0,0.0,0.0,0.0,34.56095816753805,1.2528916410815278,-35.2838914425256,0.7229332749875539,35.00962829589844,1.3642107248306274,0.784529447555542,0.2913621664047241,35.00962829589844,1.3642107248306274,0.0,0.001981313107535243,-1356.2806396484375,0.12957851588726044,1.8438138949277167
4096,0,trace_residue_minus_0_5,-4.819462483773561,0.0030391551554203033,-482.2501638928982,180.18672873577145,180.18672873577157,1.1368683772161603e-13,-0.5,-662.4368926286697,-662.4368926286697,0.0,1324.8737852573395,429.68378063133673,-1601.8406031519557,276.96681789461627,1325.133056640625,429.8703308105469,275.96478271484375,137.88912963867188,1325.133056640625,429.8703308105469,0.0,0.029152682051062584,-1356.2806396484375,0.0016929078847169876,0.02408892445866293
4096,0,trace_residue_plus_0_5,8.429275368799834,0.0030391551554203033,842.6236213644413,180.18672873577145,180.18672873577157,1.1368683772161603e-13,0.5,662.4368926286697,662.4368926286697,0.0,1324.8737852573395,429.68378063133673,-1601.8406031519557,276.96681789461627,1325.133056640625,429.8703308105469,275.96478271484375,137.88912963867188,1325.133056640625,429.8703308105469,0.0,0.16491593420505524,-1356.2806396484375,0.08892664313316345,1.265365474480831
4096,0,trace_residue_plus_1_0,15.053644295086531,0.0030391551554203033,1505.060513993111,180.18672873577145,180.18672873577157,1.1368683772161603e-13,1.0,1324.8737852573395,1324.8737852573395,0.0,1324.8737852573395,429.68378063133673,-1601.8406031519557,276.96681789461627,1325.133056640625,429.8703308105469,275.96478271484375,137.88912963867188,1325.133056640625,429.8703308105469,0.0,0.2612664997577667,-1356.2806396484375,0.09172967076301575,1.3052506456945885
4096,1,ordinary_branch,1.7147016387650207,0.003784247674047947,171.09173910909726,171.09173910909726,171.09173910909726,0.0,0.0,0.0,0.0,0.0,1298.823020130396,412.97726764190156,-1563.468104702294,264.6450845718982,1298.9373779296875,413.07318115234375,263.7122802734375,135.96282958984375,1298.9373779296875,413.07318115234375,0.0,0.06543411314487457,-1356.2806396484375,0.07027743756771088,1.0
4096,1,cf_branch,1.7147016378675914,0.003784247674047947,171.09173901935435,171.09173901935435,171.09173901935435,0.0,0.0,0.0,0.0,0.0,1298.8230198919773,412.9772674826585,-1563.468104344331,264.6450844523538,1298.9373779296875,413.0732421875,263.7122497558594,135.9628143310547,1298.9373779296875,413.0732421875,0.0,0.06543411314487457,-1356.2806396484375,0.07027743756771088,1.0
4096,1,schatten_filtered_cf_branch,0.13890018391788342,0.13473695516586304,0.41632287520203826,0.41632287520203803,0.41632287520203826,2.220446049250313e-16,0.0,0.0,0.0,0.0,34.97568191913888,1.233440002611616,-35.68394324490554,0.7082613257666637,35.31340408325195,1.3229312896728516,0.7643899917602539,0.7539811134338379,35.31340408325195,1.3229312896728516,0.0,0.0018694543978199363,-1356.2806396484375,0.12957851588726044,1.8438138949277167
4096,1,trace_residue_minus_0_5,-4.856414300701577,0.0025460761971771717,-485.89603768987547,189.39144187467218,189.39144187467207,1.1368683772161603e-13,-0.5,-675.2874795645475,-675.2874795645475,0.0,1350.574959129095,446.40343845269496,-1639.9452407037547,289.37028157465966,1350.676513671875,446.4923095703125,288.15643310546875,148.31991577148438,1350.676513671875,446.4923095703125,0.0,0.02679753489792347,-1356.2806396484375,0.0016929078847169876,0.02408892445866293
4096,1,trace_residue_plus_0_5,8.208815941644747,0.0037842500023543835,820.5031691642394,171.09170690196652,171.09170690196652,0.0,0.5,649.4114622622728,649.4114622622728,0.0,1298.8229245245457,412.9772073974667,-1563.4679650584574,264.6450405339117,1298.937255859375,413.0731506347656,263.7121887207031,135.9628448486328,1298.937255859375,413.0731506347656,0.0,0.1606728434562683,-1356.2806396484375,0.08892664313316345,1.265365474480831
4096,1,trace_residue_plus_1_0,14.702929865231381,0.0037842513993382454,1469.9145613832043,171.09168922133904,171.09168922133898,5.684341886080802e-14,1.0,1298.8228721618652,1298.8228721618652,0.0,1298.8228721618652,412.97717435943025,-1563.467888532497,264.64501637063177,1298.937255859375,413.0731506347656,263.7121887207031,135.96278381347656,1298.937255859375,413.0731506347656,0.0,0.25609490275382996,-1356.2806396484375,0.09172967076301575,1.3052506456945885
4096,2,ordinary_branch,1.6288221140055203,0.004419896751642227,162.4402217253878,162.4402217253878,162.44022172538774,5.684341886080802e-14,0.0,5.684341886080802e-14,0.0,5.684341886080802e-14,1273.0712339282036,396.78740684394626,-1525.8858674620278,252.81463353382424,1272.03369140625,396.1085510253906,251.42315673828125,123.72122192382812,1272.03369140625,396.1085510253906,0.0,0.06227806955575943,-1356.2806396484375,0.07027743756771088,1.0
4096,2,cf_branch,1.6288221117600585,0.004419896751642227,162.44022150084163,162.44022150084152,162.44022150084163,1.1368683772161603e-13,0.0,0.0,0.0,0.0,1273.0712333917618,396.7874064720933,-1525.8858666373717,252.8146332456099,1272.0338134765625,396.1085510253906,251.42315673828125,123.72116088867188,1272.0338134765625,396.1085510253906,0.0,0.06227806955575943,-1356.2806396484375,0.07027743756771088,1.0
4096,2,schatten_filtered_cf_branch,0.13707097734070314,0.13301318883895874,0.40577885017444104,0.40577885017443904,0.40577885017444104,1.9984014443252818e-15,0.0,0.0,0.0,0.0,35.389090405078605,1.2151803258159668,-36.08351963071601,0.6944292256374069,34.58975601196289,1.085036039352417,0.6131346225738525,0.6256800889968872,34.58975601196289,1.085036039352417,0.0,0.0018107127398252487,-1356.2806396484375,0.12957851588726044,1.8438138949277167
4096,2,trace_residue_minus_0_5,-4.88991664583734,0.0019913525320589542,-489.19079983693996,198.96526084380696,198.96526084380707,1.1368683772161603e-13,-0.5,-688.156060680747,-688.156060680747,0.0,1376.312121361494,463.46924597433673,-1678.4621070940718,302.14998573257776,1375.3280029296875,462.7857360839844,300.18792724609375,147.90176391601562,1375.3280029296875,462.7857360839844,0.0,0.024314239621162415,-1356.2806396484375,0.0016929078847169876,0.02408892445866293
4096,2,trace_residue_plus_0_5,7.99399909201705,0.0044205510057508945,798.9578541011299,162.43309154517317,162.4330915451731,5.684341886080802e-14,0.5,636.5247625559568,636.5247625559568,0.0,1273.0495251119137,396.7739165319464,-1525.8543544806523,252.80482936873864,1272.0120849609375,396.0950927734375,251.41348266601562,123.71632385253906,1272.0120849609375,396.0950927734375,0.0,0.1565612405538559,-1356.2806396484375,0.08892664313316345,1.265365474480831
4096,2,trace_residue_plus_1_0,14.359180115769218,0.004420706070959568,1435.4759409698258,162.43143069470045,162.4314306947004,5.684341886080802e-14,1.0,1273.0445102751255,1273.0445102751255,0.0,1273.0445102751255,396.77078780936915,-1525.8470610293261,252.80255075420064,1272.0069580078125,396.0919494628906,251.41123962402344,123.71532440185547,1272.0069580078125,396.0919494628906,0.0,0.25102514028549194,-1356.2806396484375,0.09172967076301575,1.3052506456945885
4096,3,ordinary_branch,1.5475353838895525,0.005331024993211031,154.22043588963413,154.22043588963413,154.22043588963402,1.1368683772161603e-13,0.0,1.1368683772161603e-13,0.0,1.1368683772161603e-13,1247.6516554057598,381.12321180260045,-1489.1234030273083,241.4717476215485,1247.2080078125,380.85198974609375,240.49490356445312,126.25386047363281,1247.2080078125,380.85198974609375,0.0,0.05924096331000328,-1356.2806396484375,0.07027743756771088,1.0
4096,3,cf_branch,1.5475353823906437,0.005331024993211031,154.22043573974327,154.22043573974327,154.22043573974327,0.0,0.0,0.0,0.0,0.0,1247.6516549885273,381.12321153147184,-1489.1234024085954,241.47174742006814,1247.2080078125,380.85198974609375,240.49490356445312,126.25386047363281,1247.2080078125,380.85198974609375,0.0,0.05924096703529358,-1356.2806396484375,0.07027743756771088,1.0
4096,3,schatten_filtered_cf_branch,0.1387977238686588,0.13484185934066772,0.39558645279910687,0.39558645279911175,0.39558645279910687,4.884981308350689e-15,0.0,0.0,0.0,0.0,35.79515047580935,1.1971214124641394,-36.47605710918632,0.6809066333769707,35.88037109375,1.3313331604003906,0.7737203240394592,0.5760843753814697,35.88037109375,1.3313331604003906,0.0,0.0017486579017713666,-1356.2806396484375,0.12957851588726044,1.8438138949277167
4096,3,trace_residue_minus_0_5,-4.919443349815647,0.0016635432839393616,-492.1106893099586,208.86832975077255,208.86832975077232,2.2737367544323206e-13,-0.5,-700.9790190607309,-700.9790190607309,0.0,1401.9580381214619,480.79386780990967,-1717.2036720879423,315.24563396648045,1401.45751953125,480.4411926269531,313.35894775390625,163.37936401367188,1401.45751953125,480.4411926269531,0.0,0.021729303523898125,-1356.2806396484375,0.0016929078847169876,0.02408892445866293
4096,3,trace_residue_plus_0_5,7.785156740968962,0.005333658307790756,777.9823082661171,154.19566629584028,154.19566629584028,0.0,0.5,623.7866419702768,623.7866419702768,0.0,1247.5732839405537,381.07548895789813,-1489.0106616319754,241.43737769142172,1247.129638671875,380.80426025390625,240.46084594726562,126.23652648925781,1247.129638671875,380.80426025390625,0.0,0.15254078805446625,-1356.2806396484375,0.08892664313316345,1.265365474480831
4096,3,trace_residue_plus_1_0,14.022788430701668,0.005334274377673864,1401.7454156323995,154.18997905102628,154.18997905102628,0.0,1.0,1247.5554365813732,1247.5554365813732,0.0,1247.5554365813732,381.06457773733723,-1488.9849398683632,241.42950328698998,1247.11181640625,380.7933654785156,240.45306396484375,126.23251342773438,1247.11181640625,380.7933654785156,0.0,0.24601957201957703,-1356.2806396484375,0.09172967076301575,1.3052506456945885
4096,4,ordinary_branch,1.4703609383291554,0.006161260884255171,146.41996774449,146.41996774449,146.41996774449012,1.1368683772161603e-13,0.0,-1.1368683772161603e-13,0.0,1.1368683772161603e-13,1222.5962242782116,365.99145608933065,-1453.2074722618584,230.61124798364676,1223.2069091796875,366.3830871582031,230.20750427246094,114.18108367919922,1223.2069091796875,366.3830871582031,0.0,0.056361839175224304,-1356.2806396484375,0.07027743756771088,1.0
4096,4,cf_branch,1.4703609386717467,0.006161260884255171,146.41996777874914,146.4199677787492,146.41996777874914,5.684341886080802e-14,0.0,0.0,0.0,0.0,1222.5962243974209,365.9914561584826,-1453.207472429744,230.61124803232315,1223.206787109375,366.3830871582031,230.20750427246094,114.18114471435547,1223.206787109375,366.3830871582031,0.0,0.056361835449934006,-1356.2806396484375,0.07027743756771088,1.0
4096,4,schatten_filtered_cf_branch,0.1372461332381893,0.13338670134544373,0.38594318927455773,0.3859431892745562,0.38594318927455773,1.5543122344752192e-15,0.0,0.0,0.0,0.0,36.20370062859729,1.1800209103600712,-36.87178604938899,0.668085420791698,36.730247497558594,1.243247628211975,0.7012066841125488,0.1718904972076416,36.730247497558594,1.243247628211975,0.0,0.0016706821043044329,-1356.2806396484375,0.12957851588726044,1.8438138949277167
4096,4,trace_residue_minus_0_5,-4.9450262147812944,0.0013590594753623009,-494.63852742566564,219.03897183881304,219.03897183881304,0.0,-0.5,-713.6774992644787,-713.6774992644787,0.0,1427.3549985289574,498.2610098115808,-1755.9265336241092,328.57153509515183,1427.7958984375,498.57440185546875,327.002685546875,162.51702880859375,1427.7958984375,498.57440185546875,0.0,0.019051607698202133,-1356.2806396484375,0.0016929078847169876,0.02408892445866293
4096,4,trace_residue_plus_0_5,7.581874710750047,0.006167909130454063,757.5706801619593,146.36419863069705,146.36419863069693,1.1368683772161603e-13,0.5,611.2064815312624,611.2064815312624,0.0,1222.4129630625248,365.8821022595323,-1452.9461426912248,230.53317962870005,1223.023681640625,366.2737121582031,230.13006591796875,114.14242553710938,1223.023681640625,366.2737121582031,0.0,0.14864851534366608,-1356.2806396484375,0.08892664313316345,1.265365474480831
4096,4,trace_residue_plus_1_0,13.693401418011026,0.006169446744024754,1368.7231971267001,146.35152923495923,146.35152923495923,0.0,1.0,1222.3716678917408,1222.3716678917408,0.0,1222.3716678917408,365.85736216627794,-1452.887149910337,230.51548201859623,1222.982421875,366.24896240234375,230.11248779296875,114.13363647460938,1222.982421875,366.24896240234375,0.0,0.24111580848693848,-1356.2806396484375,0.09172967076301575,1.3052506456945885
4096,5,ordinary_branch,1.3972914151939506,0.007036528550088406,139.02548866438622,139.02548866438622,139.02548866438622,0.0,0.0,0.0,0.0,0.0,1197.9343664050102,351.3960536332312,-1418.1604819174677,220.22611551245745,1197.6324462890625,351.21331787109375,219.48870849609375,104.46157836914062,1197.6324462890625,351.21331787109375,0.0,0.05362022668123245,-1356.2806396484375,0.07027743756771088,1.0
4096,5,cf_branch,1.3972914167525716,0.007036528550088406,139.0254888202483,139.02548882024814,139.0254888202483,1.7053025658242404e-13,0.0,0.0,0.0,0.0,1197.934366941452,351.3960539442445,-1418.1604826738924,220.22611573244035,1197.6324462890625,351.21331787109375,219.48870849609375,104.46157836914062,1197.6324462890625,351.21331787109375,0.0,0.05362022668123245,-1356.2806396484375,0.07027743756771088,1.0
4096,5,schatten_filtered_cf_branch,0.13584615764767888,0.13207751512527466,0.3768642522404222,0.3768642522404235,0.3768642522404222,1.3322676295501878e-15,0.0,0.0,0.0,0.0,36.616935848491266,1.1639692225187717,-37.272943767511705,0.6560079190204391,36.39445495605469,1.1042711734771729,0.6145225167274475,0.4734351933002472,36.39445495605469,1.1042711734771729,0.0,0.0015685257967561483,-1356.2806396484375,0.12957851588726044,1.8438138949277167
4096,5,trace_residue_minus_0_5,-4.9664705558182405,0.0011640205048024654,-496.7634576323043,229.37901943302086,229.37901943302046,3.979039320256561e-13,-0.5,-726.1424770653248,-726.1424770653248,0.0,1452.2849541306496,515.7029409882043,-1794.283402416575,341.9984482859254,1451.9471435546875,515.4569091796875,339.7958068847656,163.44459533691406,1451.9471435546875,515.4569091796875,0.0,0.016318978741765022,-1356.2806396484375,0.0016929078847169876,0.02408892445866293
4096,5,trace_residue_plus_0_5,7.384213639686009,0.007050073705613613,737.7163565980395,138.92337171008194,138.92337171008197,2.842170943040401e-14,0.5,598.7929848879576,598.7929848879576,0.0,1197.5859697759151,351.1923549196837,-1417.667903978117,220.08193420220186,1197.283935546875,351.0096435546875,219.34567260742188,104.39170837402344,1197.283935546875,351.0096435546875,0.0,0.14486593008041382,-1356.2806396484375,0.08892664313316345,1.265365474480831
4096,5,trace_residue_plus_1_0,13.371139416819322,0.007053169421851635,1336.408624739747,138.90040114651197,138.90040114651202,5.684341886080802e-14,1.0,1197.508223593235,1197.508223593235,0.0,1197.508223593235,351.1467173465421,-1417.5577918203694,220.0495682271344,1197.206298828125,350.9639892578125,219.3135528564453,104.3759536743164,1197.206298828125,350.9639892578125,0.0,0.2362973392009735,-1356.2806396484375,0.09172967076301575,1.3052506456945885
4096,6,ordinary_branch,1.3283374296188037,0.00810665637254715,132.02307732462566,132.02307732462566,132.0230773246257,2.842170943040401e-14,0.0,-2.842170943040401e-14,0.0,2.842170943040401e-14,1173.693355679512,337.33848233133415,-1384.0012353940429,210.30787971453083,1173.388427734375,337.1344299316406,209.62283325195312,107.87629699707031,1173.388427734375,337.1344299316406,0.0,0.05099525302648544,-1356.2806396484375,0.07027743756771088,1.0
4096,6,cf_branch,1.3283374298633075,0.008106657303869724,132.02307725594378,132.0230772559438,132.02307725594378,2.842170943040401e-14,0.0,0.0,0.0,0.0,1173.6933556199074,337.3384822458752,-1384.001235256235,210.3078796363277,1173.388427734375,337.1344299316406,209.62283325195312,107.87623596191406,1173.388427734375,337.1344299316406,0.0,0.05099525302648544,-1356.2806396484375,0.07027743756771088,1.0
4096,6,schatten_filtered_cf_branch,0.13765170394242437,0.1339690089225769,0.3682695019847462,0.3682695019847486,0.3682695019847462,2.4424906541753444e-15,0.0,0.0,0.0,0.0,37.03108294587582,1.1486962311026412,-37.675613557992094,0.6445306121162702,36.64483642578125,1.1110726594924927,0.6214642524719238,0.48027825355529785,36.64483642578125,1.1110726594924927,0.0,0.001541515113785863,-1356.2806396484375,0.12957851588726044,1.8438138949277167
4096,6,trace_residue_minus_0_5,-4.983797533103435,0.0010281754657626152,-498.4825708569198,239.76884217549286,239.76884217549275,1.1368683772161603e-13,-0.5,-738.2514130324125,-738.2514130324125,0.0,1476.502826064825,532.9250972615516,-1831.8756716100856,355.3728455452606,1476.466552734375,532.8909912109375,353.1142883300781,180.26612854003906,1476.466552734375,532.8909912109375,0.0,0.01357830036431551,-1356.2806396484375,0.0016929078847169876,0.02408892445866293
4096,6,trace_residue_plus_0_5,7.192253076747946,0.008131432346999645,718.4121644400946,131.85791639023932,131.85791639023938,5.684341886080802e-14,0.5,586.5542480498552,586.5542480498552,0.0,1173.1084960997105,337.0034612624081,-1383.1812176148087,210.07272151509824,1172.8037109375,336.7995300292969,209.3894500732422,107.7579574584961,1172.8037109375,336.7995300292969,0.0,0.14117322862148285,-1356.2806396484375,0.08892664313316345,1.265365474480831
4096,6,trace_residue_plus_1_0,13.056139873497983,0.008137034252285957,1304.8002839245696,131.82111115836096,131.82111115836096,0.0,1.0,1172.9791727662086,1172.9791727662086,0.0,1172.9791727662086,336.9290908388833,-1382.999594281543,210.02042151533442,1172.6744384765625,336.7252197265625,209.33758544921875,107.73171997070312,1172.6744384765625,336.7252197265625,0.0,0.23154592514038086,-1356.2806396484375,0.09172967076301575,1.3052506456945885
4096,7,ordinary_branch,1.2631526841404184,0.009167954325675964,125.39847298147424,125.39847298147424,125.3984729814743,5.684341886080802e-14,0.0,-5.684341886080802e-14,0.0,5.684341886080802e-14,1149.8986276984215,323.81814925270066,-1350.745568384254,200.84694068583258,1150.164794921875,323.9671936035156,200.48033142089844,102.55596160888672,1150.164794921875,323.9671936035156,0.0,0.04850883409380913,-1356.2806396484375,0.07027743756771088,1.0
4096,7,cf_branch,1.2631526845111298,0.009167955256998539,125.39847292541313,125.3984729254131,125.39847292541313,2.842170943040401e-14,0.0,0.0,0.0,0.0,1149.8986275792122,323.81814916183856,-1350.7455681934866,200.84694061427444,1150.164794921875,323.9671936035156,200.48033142089844,102.55596160888672,1150.164794921875,323.9671936035156,0.0,0.04850883409380913,-1356.2806396484375,0.07027743756771088,1.0
4096,7,schatten_filtered_cf_branch,0.13742140128068978,0.1338193267583847,0.3602074522305063,0.36020745223050454,0.3602074522305063,1.7763568394002505e-15,0.0,0.0,0.0,0.0,37.44960776017979,1.1344467650310208,-38.083377408602644,0.6337696484228559,37.585044860839844,1.1827694177627563,0.6702901721000671,0.3502894341945648,37.585044860839844,1.1827694177627563,0.0,0.0014638586435467005,-1356.2806396484375,0.12957851588726044,1.8438138949277167
4096,7,trace_residue_minus_0_5,-4.997026049409346,0.0010089612333104014,-499.8035010642656,250.0703800373426,250.07038003734266,5.684341886080802e-14,-0.5,-749.8738811016083,-749.8738811016083,0.0,1499.7477622032166,549.7133031065366,-1868.2695125226237,368.52175031940715,1500.0008544921875,549.8980712890625,366.2095947265625,186.225341796875,1500.0008544921875,549.8980712890625,0.0,0.010890788398683071,-1356.2806396484375,0.0016929078847169876,0.02408892445866293
4096,7,trace_residue_plus_0_5,7.005713960758483,0.00920880027115345,699.6505160487329,125.15270605749254,125.15270605749245,8.526512829121202e-14,0.5,574.4978099912405,574.4978099912405,0.0,1148.995619982481,323.3114095403208,-1349.4897602215053,200.49414023902432,1149.26171875,323.4603271484375,200.1296844482422,102.37874603271484,1149.26171875,323.4603271484375,0.0,0.13759540021419525,-1356.2806396484375,0.08892664313316345,1.265365474480831
4096,7,trace_residue_plus_1_0,12.748179555041817,0.009217951446771622,1273.8961603595046,125.09844040406017,125.0984404040602,2.842170943040401e-14,1.0,1148.7977199554443,1148.7977199554443,0.0,1148.7977199554443,323.199930359237,-1349.2141082090927,200.4163882536484,1149.0638427734375,323.3487548828125,200.05238342285156,102.33966827392578,1149.0638427734375,323.3487548828125,0.0,0.22688868641853333,-1356.2806396484375,0.09172967076301575,1.3052506456945885
4096,8,ordinary_branch,1.201542222439117,0.01017296127974987,119.13692611593672,119.13692611593672,119.13692611593666,5.684341886080802e-14,0.0,5.684341886080802e-14,0.0,5.684341886080802e-14,1126.5726977586746,310.8319580600016,-1318.405022081823,191.83232432314844,1125.818603515625,310.4050598144531,191.12301635742188,93.29698181152344,1125.818603515625,310.4050598144531,0.0,0.04615631327033043,-1356.2806396484375,0.07027743756771088,1.0
4096,8,cf_branch,1.2015422243540532,0.010172962211072445,119.13692621429809,119.13692621429811,119.13692621429809,2.842170943040401e-14,0.0,0.0,0.0,0.0,1126.572698354721,310.8319583299979,-1318.405022843445,191.832324488724,1125.818603515625,310.4050598144531,191.12301635742188,93.29698181152344,1125.818603515625,310.4050598144531,0.0,0.04615630954504013,-1356.2806396484375,0.07027743756771088,1.0
4096,8,schatten_filtered_cf_branch,0.1361114344442801,0.1325855404138565,0.3525894030423573,0.35258940304235864,0.3525894030423573,1.3322676295501878e-15,0.0,0.0,0.0,0.0,37.868883416289464,1.1209214435247952,-38.492449038057075,0.6235656217676109,37.45553970336914,1.071885347366333,0.5911571979522705,0.368324875831604,37.45553970336914,1.071885347366333,0.0,0.0014084824360907078,-1356.2806396484375,0.12957851588726044,1.8438138949277167
4096,8,trace_residue_minus_0_5,-5.006418167000426,0.0010465936502441764,-500.746476065067,260.1182710270607,260.1182710270608,1.1368683772161603e-13,-0.5,-760.8647470921278,-760.8647470921278,0.0,1521.7294941842556,565.8224347518228,-1902.972223643496,381.2427294592403,1521.068115234375,565.3250732421875,378.16546630859375,185.83663940429688,1521.068115234375,565.3250732421875,0.0,0.008368617855012417,-1356.2806396484375,0.0016929078847169876,0.02408892445866293
4096,8,trace_residue_plus_0_5,6.824467622861093,0.010235452093183994,681.4232170767908,118.79272789133836,118.79272789133836,0.0,0.5,562.6304891854525,562.6304891854525,0.0,1125.260978370905,310.11087605988655,-1316.5952492113875,191.33427084048253,1124.5068359375,309.68450927734375,190.62840270996094,93.05272674560547,1124.5068359375,309.68450927734375,0.0,0.13412855565547943,-1356.2806396484375,0.08892664313316345,1.265365474480831
4096,8,trace_residue_plus_1_0,12.447182861650333,0.010249326936900616,1243.6933534713432,118.71740409452173,118.71740409452173,0.0,1.0,1124.9759493768215,1124.9759493768215,0.0,1124.9759493768215,309.95361794524774,-1316.201419970564,191.22547059374256,1124.22216796875,309.52752685546875,190.5204620361328,92.99930572509766,1124.22216796875,309.52752685546875,0.0,0.2223232090473175,-1356.2806396484375,0.09172967076301575,1.3052506456945885
4096,9,ordinary_branch,1.1435254658952136,0.01129169948399067,113.22337664112229,113.22337664112229,113.22337664112217,1.1368683772161603e-13,0.0,1.1368683772161603e-13,0.0,1.1368683772161603e-13,1103.7352651655674,298.3745749960981,-1286.9871828799496,183.25191771438222,1104.4708251953125,298.79345703125,183.1804962158203,89.18985748291016,1104.4708251953125,298.79345703125,0.0,0.043918244540691376,-1356.2806396484375,0.07027743756771088,1.0
4096,9,cf_branch,1.143525464479846,0.01129169948399067,113.22337649958553,113.22337649958558,113.22337649958553,5.684341886080802e-14,0.0,0.0,0.0,0.0,1103.7352646887302,298.374574714704,-1286.987182203542,183.2519175148118,1104.470703125,298.7934265136719,183.1804962158203,89.18997955322266,1104.470703125,298.7934265136719,0.0,0.04391824081540108,-1356.2806396484375,0.07027743756771088,1.0
4096,9,schatten_filtered_cf_branch,0.1360596213878315,0.1326047033071518,0.3454918080679723,0.34549180806797253,0.3454918080679723,2.220446049250313e-16,0.0,0.0,0.0,0.0,38.29250314692035,1.108449036217551,-38.90658501314223,0.6140818662218734,38.842247009277344,1.164029598236084,0.643750786781311,-0.1150466799736023,38.842247009277344,1.164029598236084,0.0,0.0013426659861579537,-1356.2806396484375,0.12957851588726044,1.8438138949277167
4096,9,trace_residue_minus_0_5,-5.0123142946038,0.0011380079668015242,-501.3452302570601,269.7300363723974,269.73003637239736,5.684341886080802e-14,-0.5,-771.0752666294575,-771.0752666294575,0.0,1542.150533258915,580.9933017057083,-1935.4676273665216,393.31709410760664,1542.520751953125,581.272705078125,390.61895751953125,192.42483520507812,1542.520751953125,581.272705078125,0.0,0.0062111360020935535,-1356.2806396484375,0.0016929078847169876,0.02408892445866293
4096,9,trace_residue_plus_0_5,6.648598744057762,0.01138340961188078,663.7215334445881,112.76314250833275,112.76314250833266,8.526512829121202e-14,0.5,550.9583909362555,550.9583909362555,0.0,1101.916781872511,297.39533844627397,-1284.4975538571075,182.5807719845966,1102.65234375,297.8135986328125,182.51243591308594,88.85900115966797,1102.65234375,297.8135986328125,0.0,0.13075542449951172,-1356.2806396484375,0.08892664313316345,1.265365474480831
4096,9,trace_residue_plus_1_0,12.15328540774553,0.011403589509427547,1214.1881818236102,112.6633019806136,112.66330198061365,5.684341886080802e-14,1.0,1101.5248798429966,1101.5248798429966,0.0,1101.5248798429966,297.18358312624264,-1283.960295855917,182.4354160129203,1102.2601318359375,297.60150146484375,182.36761474609375,88.78750610351562,1102.2601318359375,297.60150146484375,0.0,0.21783427894115448,-1356.2806396484375,0.09172967076301575,1.3052506456945885
4096,10,ordinary_branch,1.0891331463275493,0.012706080451607704,107.64270658759415,107.64270658759415,107.64270658759426,1.1368683772161603e-13,0.0,-1.1368683772161603e-13,0.0,1.1368683772161603e-13,1081.4036743789911,286.43888078151383,-1256.496496729043,175.09282235005185,1081.0274658203125,286.22674560546875,174.62576293945312,91.72883605957031,1081.0274658203125,286.22674560546875,0.0,0.04177972301840782,-1356.2806396484375,0.07027743756771088,1.0
4096,10,cf_branch,1.0891331480883293,0.012706080451607704,107.64270676367215,107.6427067636721,107.64270676367215,5.684341886080802e-14,0.0,0.0,0.0,0.0,1081.4036751240492,286.4388811655509,-1256.4964977339355,175.0928226098863,1081.0274658203125,286.22674560546875,174.62576293945312,91.72883605957031,1081.0274658203125,286.22674560546875,0.0,0.04177971929311752,-1356.2806396484375,0.07027743756771088,1.0
4096,10,schatten_filtered_cf_branch,0.13764096268152282,0.13425232470035553,0.3388637981167282,0.3388637981167264,0.3388637981167282,1.7763568394002505e-15,0.0,0.0,0.0,0.0,38.71946391928941,1.0968817999299203,-39.32469876860901,0.6052348493196007,38.36217498779297,1.027476191520691,0.5590270161628723,0.9348746538162231,38.36217498779297,1.027476191520691,0.0,0.0012614791048690677,-1356.2806396484375,0.12957851588726044,1.8438138949277167
4096,10,trace_residue_minus_0_5,-5.015067174915312,0.001399393193423748,-501.64665681087354,278.70904165542754,278.7090416554274,1.1368683772161603e-13,-0.5,-780.355698466301,-780.355698466301,0.0,1560.711396932602,594.9574222125937,-1965.2251434115099,404.51374647890793,1560.5498046875,594.8340454101562,401.27276611328125,206.38223266601562,1560.5498046875,594.8340454101562,0.0,0.004811390768736601,-1356.2806396484375,0.0016929078847169876,0.02408892445866293
4096,10,trace_residue_plus_0_5,6.478200719400384,0.012837009504437447,646.5363709895946,107.04937801948563,107.04937801948557,5.684341886080802e-14,0.5,539.486992970109,539.486992970109,0.0,1078.973985940218,285.15727178387743,-1253.1950157198648,174.22102977964687,1078.597900390625,284.9456787109375,173.75885009765625,91.28640747070312,1078.597900390625,284.9456787109375,0.0,0.12746600806713104,-1356.2806396484375,0.08892664313316345,1.265365474480831
4096,10,trace_residue_plus_1_0,11.866628474711723,0.012865646742284298,1185.3762827969438,106.92176379331408,106.92176379331411,2.842170943040401e-14,1.0,1078.4545190036297,1078.4545190036297,0.0,1078.4545190036297,284.8824135333821,-1252.4883206455474,174.03380164191776,1078.078857421875,284.67108154296875,173.5727996826172,91.1910629272461,1078.078857421875,284.67108154296875,0.0,0.213414266705513,-1356.2806396484375,0.09172967076301575,1.3052506456945885
4096,11,ordinary_branch,1.0374661878721758,0.013667438179254532,102.37987496929213,102.37987496929213,102.3798749692921,2.842170943040401e-14,0.0,2.842170943040401e-14,0.0,2.842170943040401e-14,1059.5929708182812,275.01619832065387,-1226.934515434432,167.3415446161507,1059.30517578125,274.8414611816406,166.9355010986328,82.1869888305664,1059.30517578125,274.8414611816406,0.0,0.039787039160728455,-1356.2806396484375,0.07027743756771088,1.0
4096,11,cf_branch,1.0374661839864388,0.013667437247931957,102.37987467385068,102.37987467385074,102.37987467385068,5.684341886080802e-14,0.0,0.0,0.0,0.0,1059.5929697453976,275.01619771270634,-1226.9345139377206,167.341544192323,1059.30517578125,274.8414306640625,166.9355010986328,82.1869888305664,1059.30517578125,274.8414306640625,0.0,0.039787039160728455,-1356.2806396484375,0.07027743756771088,1.0
4096,11,schatten_filtered_cf_branch,0.13595489480191295,0.13262692093849182,0.3327973863421133,0.332797386342115,0.3327973863421133,1.6653345369377348e-15,0.0,0.0,0.0,0.0,39.153425639960915,1.0865795051581546,-39.750635417069205,0.59720977710829,38.678733825683594,0.9962407946586609,0.5398690104484558,0.35015949606895447,38.678733825683594,0.9962407946586609,0.0,0.001239490113221109,-1356.2806396484375,0.12957851588726044,1.8438138949277167
4096,11,trace_residue_minus_0_5,-5.015583193467272,0.0015051006339490414,-501.7088294101221,286.865738682701,286.8657386827009,1.1368683772161603e-13,-0.5,-788.574568092823,-788.574568092823,0.0,1577.149136185646,607.4682643256501,-1991.764161661472,414.61502547582586,1577.263427734375,607.5556030273438,411.3283386230469,203.61070251464844,1577.263427734375,607.5556030273438,0.0,0.004644107073545456,-1356.2806396484375,0.0016929078847169876,0.02408892445866293
4096,11,trace_residue_plus_0_5,6.312426869082564,0.013843430206179619,629.8583438876384,101.63718291701014,101.63718291701014,0.0,0.5,528.2211609706283,528.2211609706283,0.0,1056.4423219412565,273.3882680564268,-1222.6845722254388,166.24225028418232,1056.154296875,273.2138671875,165.84170532226562,81.64424133300781,1056.154296875,273.2138671875,0.0,0.1243024617433548,-1356.2806396484375,0.08892664313316345,1.265365474480831
4096,11,trace_residue_plus_1_0,11.58640820009944,0.0138815613463521,1157.2526638753088,101.47878319987376,101.47878319987376,0.0,1.0,1055.773880675435,1055.773880675435,0.0,1055.773880675435,273.04194716580145,-1221.7819840604957,166.00810338506062,1055.486083984375,272.8677978515625,165.60888671875,81.52862548828125,1055.486083984375,272.8677978515625,0.0,0.20910599827766418,-1356.2806396484375,0.09172967076301575,1.3052506456945885
4096,12,ordinary_branch,0.9890738425280609,0.014877233654260635,97.41966088738002,97.41966088738002,97.41966088738008,5.684341886080802e-14,0.0,-5.684341886080802e-14,0.0,5.684341886080802e-14,1038.3147032111883,264.09577859539024,-1198.2983504711256,159.98364725993724,1038.840087890625,264.407958984375,159.95643615722656,77.44995880126953,1038.840087890625,264.407958984375,0.0,0.0378880575299263,-1356.2806396484375,0.07027743756771088,1.0
4096,12,cf_branch,0.9890738393942025,0.014877233654260635,97.41966057399418,97.41966057399418,97.41966057399418,0.0,0.0,0.0,0.0,0.0,1038.3147018402815,264.09577790011826,-1198.2983486335643,159.9836467932828,1038.840087890625,264.407958984375,159.9564208984375,77.449951171875,1038.840087890625,264.407958984375,0.0,0.037888053804636,-1356.2806396484375,0.07027743756771088,1.0
4096,12,schatten_filtered_cf_branch,0.13559498735996278,0.13232332468032837,0.32716626796344017,0.3271662679634417,0.32716626796344017,1.5543122344752192e-15,0.0,0.0,0.0,0.0,39.58962412690744,1.0771393987950306,-40.17940925768163,0.5897851307741888,40.365394592285156,1.1912413835525513,0.6520271897315979,-0.16630932688713074,40.365394592285156,1.1912413835525513,0.0,0.0011778805637732148,-1356.2806396484375,0.12957851588726044,1.8438138949277167
4096,12,trace_residue_minus_0_5,-5.014235001525633,0.0017427275888621807,-501.5977729114495,294.0161661801135,294.0161661801137,2.2737367544323206e-13,-0.5,-795.6139390915632,-795.6139390915632,0.0,1591.2278781831264,618.2965006526778,-2014.6417977022265,423.4139195191001,1591.0650634765625,618.17138671875,419.7657165527344,206.55247497558594,1591.0650634765625,618.17138671875,0.0,0.0055314009077847,-1356.2806396484375,0.0016929078847169876,0.02408892445866293
4096,12,trace_residue_plus_0_5,6.1518845377447136,0.015109837986528873,613.6774699758184,96.51253238277559,96.51253238277553,5.684341886080802e-14,0.5,517.1649375930429,517.1649375930429,0.0,1034.3298751860857,262.07888253385795,-1192.9612266102781,158.63135142419242,1034.8553466796875,262.3901062011719,158.60897827148438,76.78453063964844,1034.8553466796875,262.3901062011719,0.0,0.12122120708227158,-1356.2806396484375,0.08892664313316345,1.265365474480831
4096,12,trace_residue_plus_1_0,11.313273743004215,0.015159888193011284,1129.8113854811204,96.32065975523119,96.32065975523119,0.0,1.0,1033.4907257258892,1033.4907257258892,0.0,1033.4907257258892,261.65319561337606,-1191.8363653958434,158.34563966995415,1034.015625,261.96380615234375,158.3240203857422,76.6441879272461,1034.015625,261.96380615234375,0.0,0.20486898720264435,-1356.2806396484375,0.09172967076301575,1.3052506456945885
4096,13,ordinary_branch,0.9435451338902999,0.016073890030384064,92.74712438599158,92.74712438599158,92.7471243859917,1.1368683772161603e-13,0.0,-1.1368683772161603e-13,0.0,1.1368683772161603e-13,1017.5781964808702,253.66571982786286,-1170.5826095433817,153.0044130625115,1017.255859375,253.50653076171875,152.6807403564453,72.9457778930664,1017.255859375,253.50653076171875,0.0,0.03609437867999077,-1356.2806396484375,0.07027743756771088,1.0
4096,13,cf_branch,0.9435451287012344,0.016073890030384064,92.74712386708504,92.74712386708507,92.74712386708504,2.842170943040401e-14,0.0,0.0,0.0,0.0,1017.5781942456961,253.66571868404304,-1170.5826065380038,153.00441229230773,1017.255859375,253.50653076171875,152.6807403564453,72.9457778930664,1017.255859375,253.50653076171875,0.0,0.03609437495470047,-1356.2806396484375,0.07027743756771088,1.0
4096,13,schatten_filtered_cf_branch,0.13518341103053397,0.1319635808467865,0.32198301837474663,0.32198301837474474,0.32198301837474663,1.887379141862766e-15,0.0,0.0,0.0,0.0,40.02845338964835,1.0686388650948682,-40.61144955074789,0.582996161099544,40.00457763671875,1.1162259578704834,0.6138871312141418,0.08949247002601624,40.00457763671875,1.1162259578704834,0.0,0.0011379611678421497,-1356.2806396484375,0.12957851588726044,1.8438138949277167
4096,13,trace_residue_minus_0_5,-5.011891997976687,0.0019286542665213346,-501.38206522432085,300.00964565309755,300.00964565309766,1.1368683772161603e-13,-0.5,-801.3917108774185,-801.3917108774185,0.0,1602.783421754837,627.267767723949,-2033.5299005701854,430.7464788153484,1602.65869140625,627.1696166992188,426.95184326171875,207.96640014648438,1602.65869140625,627.1696166992188,0.0,0.0068119121715426445,-1356.2806396484375,0.0016929078847169876,0.02408892445866293
4096,13,trace_residue_plus_0_5,5.99620935696504,0.016373729333281517,597.9835627631759,91.66179366721849,91.6617936672186,1.1368683772161603e-13,0.5,506.3217690959573,506.3217690959573,0.0,1012.6435381919146,251.21899330421698,-1164.0187564470698,151.37521825515523,1012.3214111328125,251.0607147216797,151.0587615966797,72.15193939208984,1012.3214111328125,251.0607147216797,0.0,0.11823353916406631,-1356.2806396484375,0.08892664313316345,1.265365474480831
4096,13,trace_residue_plus_1_0,11.046897234421635,0.016437802463769913,1103.0459431957865,91.43410211321373,91.43410211321373,0.0,1.0,1011.6118410825728,1011.6118410825729,1.1368683772161603e-13,1011.6118410825729,250.70658537139045,-1162.6455816984108,151.03374061583781,1011.2902221679688,250.54872131347656,150.7189483642578,71.98535919189453,1011.2902221679688,250.54872131347656,0.0,0.2007160633802414,-1356.2806396484375,0.09172967076301575,1.3052506456945885
4096,14,ordinary_branch,0.9010129386936865,0.017537396401166916,88.34755422925195,88.34755422925195,88.34755422925193,2.842170943040401e-14,0.0,2.842170943040401e-14,0.0,2.842170943040401e-14,997.3902151882648,243.71291447037117,-1143.7790172896139,146.38880210134903,997.1609497070312,243.5673065185547,146.0913543701172,75.67021942138672,997.1609497070312,243.5673065185547,0.0,0.03438407927751541,-1356.2806396484375,0.07027743756771088,1.0
4096,14,cf_branch,0.9010129389337195,0.017537396401166916,88.34755425325525,88.34755425325534,88.34755425325525,8.526512829121202e-14,0.0,0.0,0.0,0.0,997.3902153074741,243.71291452529528,-1143.7790174450192,146.3888021375451,997.160888671875,243.5673065185547,146.0913543701172,75.67024993896484,997.160888671875,243.5673065185547,0.0,0.03438407555222511,-1356.2806396484375,0.07027743756771088,1.0
4096,14,schatten_filtered_cf_branch,0.13662398754974528,0.13345196843147278,0.3172019118272511,0.3172019118272509,0.3172019118272511,2.220446049250313e-16,0.0,0.0,0.0,0.0,40.468608886003494,1.06095582724207,-41.045379450242706,0.5767705642392116,40.0141716003418,0.9742874503135681,0.522769570350647,0.5275190472602844,40.0141716003418,0.9742874503135681,0.0,0.0010900998022407293,-1356.2806396484375,0.12957851588726044,1.8438138949277167
4096,14,trace_residue_minus_0_5,-5.009083430153285,0.0021841186098754406,-501.126754876316,304.73743006950576,304.73743006950576,0.0,-0.5,-805.8641849458218,-805.8641849458218,0.0,1611.7283698916435,634.2704511872272,-2048.2286549333603,436.5002850417168,1611.9771728515625,634.4649658203125,432.80548095703125,220.36117553710938,1611.9771728515625,634.4649658203125,0.0,0.008065714500844479,-1356.2806396484375,0.0016929078847169876,0.02408892445866293
4096,14,trace_residue_plus_0_5,5.84558299240542,0.017921358346939087,582.7661634058481,87.07170800573874,87.0717080057388,5.684341886080802e-14,0.5,495.69445540010935,495.6944554001093,5.684341886080802e-14,991.3889108002186,240.79781951124002,-1135.8496182035472,144.46070740332857,991.159423828125,240.65277099609375,144.1708984375,74.6949462890625,991.159423828125,240.65277099609375,0.0,0.11532100290060043,-1356.2806396484375,0.08892664313316345,1.265365474480831
4096,14,trace_residue_plus_1_0,10.787494378701494,0.018002884462475777,1076.9491494239019,86.80620733803971,86.80620733803971,0.0,1.0,990.1429420858622,990.1429420858622,0.0,990.1429420858622,240.19196806483194,-1134.2026894494334,144.0597473635712,989.913818359375,240.04739379882812,143.7718048095703,74.4921646118164,989.913818359375,240.04739379882812,0.0,0.19663065671920776,-1356.2806396484375,0.09172967076301575,1.3052506456945885
4096,15,ordinary_branch,0.8608163970760961,0.018749751150608063,84.2066645925488,84.2066645925488,84.20666459254875,5.684341886080802e-14,0.0,5.684341886080802e-14,0.0,5.684341886080802e-14,977.7556482255459,234.22352583926704,-1117.8774183073206,140.12177008177468,977.9659423828125,234.33486938476562,140.02622985839844,69.61101531982422,977.9659423828125,234.33486938476562,0.0,0.0327850766479969,-1356.2806396484375,0.07027743756771088,1.0
4096,15,cf_branch,0.8608163972088264,0.018749751150608063,84.20666460582183,84.20666460582186,84.20666460582183,2.842170943040401e-14,0.0,0.0,0.0,0.0,977.7556483447552,234.2235258839204,-1117.8774184516283,140.1217701068731,977.9659423828125,234.33486938476562,140.02622985839844,69.61101531982422,977.9659423828125,234.33486938476562,0.0,0.0327850766479969,-1356.2806396484375,0.07027743756771088,1.0
4096,15,schatten_filtered_cf_branch,0.1358155513423157,0.1326868236064911,0.3128727735824617,0.31287277358246257,0.3128727735824617,8.881784197001252e-16,0.0,0.0,0.0,0.0,40.912827474065125,1.0543079080173003,-41.484043211299024,0.5712157372338993,40.943275451660156,0.988041877746582,0.5256080031394958,0.3185443580150604,40.943275451660156,0.988041877746582,0.0,0.001026928541250527,-1356.2806396484375,0.12957851588726044,1.8438138949277167
4096,15,trace_residue_minus_0_5,-5.006529767538093,0.0023433950264006853,-500.88731625644937,308.1447681936761,308.1447681936763,2.2737367544323206e-13,-0.5,-809.0320844501257,-809.0320844501257,0.0,1618.0641689002514,639.2684835254659,-2058.691187122793,440.62701822254166,1617.984130859375,639.205322265625,436.6254577636719,217.6539764404297,1617.984130859375,639.205322265625,0.0,0.009088752791285515,-1356.2806396484375,0.0016929078847169876,0.02408892445866293
4096,15,trace_residue_plus_0_5,5.699371550143068,0.019224705174565315,568.0146844968502,82.72944476309465,82.72944476309462,2.842170943040401e-14,0.5,485.2852397337556,485.2852397337556,0.0,970.5704794675112,230.80408874638337,-1108.445233557069,137.87475408955788,970.7796630859375,230.91416931152344,137.78573608398438,68.49464416503906,970.7796630859375,230.91416931152344,0.0,0.11251354962587357,-1356.2806396484375,0.08892664313316345,1.265365474480831
4096,15,trace_residue_plus_1_0,10.534458106918892,0.019324975088238716,1051.5133131830653,82.42450072753036,82.42450072753036,0.0,1.0,969.0888124555349,969.0888124555349,0.0,969.0888124555349,230.0987570598402,-1106.4999102519428,137.41109779640783,969.29736328125,230.20834350585938,137.32330322265625,68.26406860351562,969.29736328125,230.20834350585938,0.0,0.19264468550682068,-1356.2806396484375,0.09172967076301575,1.3052506456945885
4096,16,ordinary_branch,0.8231496225878983,0.020045828074216843,80.31037945136814,80.31037945136814,80.31037945136814,0.0,0.0,0.0,0.0,0.0,958.6763392090797,225.1825502261775,-1092.864311702503,134.18797249342333,958.4326782226562,225.07081604003906,133.96546936035156,66.55289459228516,958.4326782226562,225.07081604003906,0.0,0.031271159648895264,-1356.2806396484375,0.07027743756771088,1.0
4096,16,cf_branch,0.8231496199403836,0.020045828074216843,80.31037918661667,80.31037918661661,80.31037918661667,5.684341886080802e-14,0.0,0.0,0.0,0.0,958.676337748766,225.18254958051628,-1092.8643098286007,134.1879720798347,958.4326782226562,225.07081604003906,133.96546936035156,66.55289459228516,958.4326782226562,225.07081604003906,0.0,0.031271159648895264,-1356.2806396484375,0.07027743756771088,1.0
4096,16,schatten_filtered_cf_branch,0.1356673324278043,0.1325780302286148,0.30893021991894887,0.308930219918949,0.30893021991894887,1.1102230246251565e-16,0.0,0.0,0.0,0.0,41.358484422788024,1.0484817465879284,-41.92470021790547,0.5662157951174436,41.41985321044922,1.119373083114624,0.6094709634780884,0.38596564531326294,41.41985321044922,1.119373083114624,0.0,0.0009865793399512768,-1356.2806396484375,0.12957851588726044,1.8438138949277167
4096,16,trace_residue_minus_0_5,-5.004539178961164,0.002510048681870103,-500.70492276430343,310.2313599598385,310.23135995983864,1.1368683772161603e-13,-0.5,-810.9362827241421,-810.9362827241421,0.0,1621.8725654482841,642.2974076427072,-2065.0136212828033,443.1410558345192,1622.0584716796875,642.4429931640625,439.24444580078125,218.18807983398438,1622.0584716796875,642.4429931640625,0.0,0.009810787625610828,-1356.2806396484375,0.0016929078847169876,0.02408892445866293
4096,16,trace_residue_plus_0_5,5.557808509456207,0.02062661573290825,553.7181893723298,78.62254109850403,78.62254109850409,5.684341886080802e-14,0.5,475.0956482738257,475.09564827382565,5.684341886080802e-14,950.1912965476513,221.22595490946054,-1081.795606190592,131.60430964294073,949.9483642578125,221.1156005859375,131.39088439941406,65.2719497680664,949.9483642578125,221.1156005859375,0.0,0.10978701710700989,-1356.2806396484375,0.08892664313316345,1.265365474480831
4096,16,trace_residue_plus_1_0,10.28804834125241,0.020748557522892952,1026.7299783729516,78.27689308454615,78.2768930845462,5.684341886080802e-14,1.0,948.4530852884054,948.4530852884054,0.0,948.4530852884054,220.41588429642874,-1079.5283751664474,131.07528987804199,948.2109375,220.30606079101562,130.8638916015625,65.00897216796875,948.2109375,220.30606079101562,0.0,0.18873560428619385,-1356.2806396484375,0.09172967076301575,1.3052506456945885
4096,17,ordinary_branch,0.7876361511436324,0.02118525467813015,76.64508964655022,76.64508964655022,76.64508964655028,5.684341886080802e-14,0.0,-5.684341886080802e-14,0.0,5.684341886080802e-14,940.1521873027086,216.57446593319355,-1068.7243715146183,128.57218421190964,940.5341796875,216.75595092773438,128.55746459960938,59.74864196777344,940.5341796875,216.75595092773438,0.0,0.02985205501317978,-1356.2806396484375,0.07027743756771088,1.0
4096,17,cf_branch,0.7876361503890399,0.02118525467813015,76.64508957109098,76.64508957109092,76.64508957109098,5.684341886080802e-14,0.0,0.0,0.0,0.0,940.1521869748831,216.57446576502144,-1068.7243710741063,128.57218409922325,940.5341796875,216.75595092773438,128.55746459960938,59.74867248535156,940.5341796875,216.75595092773438,0.0,0.02985205128788948,-1356.2806396484375,0.07027743756771088,1.0
4096,17,schatten_filtered_cf_branch,0.13443178909616005,0.1313776671886444,0.305412190751563,0.3054121907515608,0.305412190751563,2.220446049250313e-15,0.0,0.0,0.0,0.0,41.80779389338568,1.0436577723880887,-42.36965074079633,0.5618568474106524,41.948848724365234,1.030127763748169,0.5502270460128784,0.34719032049179077,41.948848724365234,1.030127763748169,0.0,0.0008999186102300882,-1356.2806396484375,0.12957851588726044,1.8438138949277167
4096,17,trace_residue_minus_0_5,-5.003424773958764,0.002615267178043723,-500.60400411368073,311.0557111960584,311.0557111960584,0.0,-0.5,-811.6597153097391,-811.6597153097391,0.0,1623.3194306194782,643.4683860696466,-2067.44312919193,444.12369857245176,1623.544921875,643.64404296875,440.2247314453125,212.055908203125,1623.544921875,643.64404296875,0.0,0.010198668576776981,-1356.2806396484375,0.0016929078847169876,0.02408892445866293
4096,17,trace_residue_plus_0_5,5.420536524413956,0.021880237385630608,539.8656287028325,74.73897562761431,74.73897562761431,0.0,0.5,465.1266530752182,465.1266530752182,0.0,930.2533061504364,212.05122464255447,-1055.8897875962994,125.63648144586296,930.6339721679688,212.23023986816406,125.62818908691406,58.332130432128906,930.6339721679688,212.23023986816406,0.0,0.10715341567993164,-1356.2806396484375,0.08892664313316345,1.265365474480831
4096,17,trace_residue_plus_1_0,10.04792715247838,0.02202538400888443,1002.5901768469496,74.35172558960153,74.35172558960147,5.684341886080802e-14,1.0,928.2384512573481,928.2384512573481,0.0,928.2384512573481,211.13195985636352,-1053.2784286941169,125.03997743676882,928.6178588867188,211.30996704101562,125.03265380859375,58.043975830078125,928.6178588867188,211.30996704101562,0.0,0.18491725623607635,-1356.2806396484375,0.09172967076301575,1.3052506456945885
4096,18,ordinary_branch,0.7546231990574859,0.02264738827943802,73.19758107780478,73.19758107780478,73.19758107780478,0.0,0.0,0.0,0.0,0.0,922.1807420998812,208.3831400613835,-1045.439966234136,123.25922413425474,921.9910888671875,208.27880859375,123.06903076171875,63.893157958984375,921.9910888671875,208.27880859375,0.0,0.028496120125055313,-1356.2806396484375,0.07027743756771088,1.0
4096,18,cf_branch,0.7546231996315311,0.02264738827943802,73.1975811352093,73.19758113520936,73.1975811352093,5.684341886080802e-14,0.0,0.0,0.0,0.0,922.1807424277067,208.38314020656435,-1045.4399666535735,123.25922422586677,921.9910888671875,208.27880859375,123.06903076171875,63.8931884765625,921.9910888671875,208.27880859375,0.0,0.028496118262410164,-1356.2806396484375,0.07027743756771088,1.0
4096,18,schatten_filtered_cf_branch,0.1360466242894755,0.13302400708198547,0.30226172074900337,0.3022617207490015,0.30226172074900337,1.887379141862766e-15,0.0,0.0,0.0,0.0,42.257734197657555,1.0396401960680157,-42.81576907257586,0.558034874918306,41.90806198120117,0.97157883644104,0.5166541337966919,0.41906124353408813,41.90806198120117,0.97157883644104,0.0,0.0009012017399072647,-1356.2806396484375,0.12957851588726044,1.8438138949277167
4096,18,trace_residue_minus_0_5,-5.003304162261704,0.00262004928663373,-500.5924211548337,310.72190024390125,310.72190024390136,1.1368683772161603e-13,-0.5,-811.314321398735,-811.314321398735,0.0,1622.62864279747,642.9477419731174,-2066.335297295061,443.706654497591,1622.6932373046875,642.9986572265625,439.7163391113281,224.1164093017578,1622.6932373046875,642.9986572265625,0.0,0.010268671438097954,-1356.2806396484375,0.0016929078847169876,0.02408892445866293
4096,18,trace_residue_plus_0_5,5.287942820715634,0.023485170677304268,526.445765003833,71.06714647290391,71.06714647290391,0.0,0.5,455.3786185309291,455.3786185309291,0.0,910.7572370618582,203.26736838091085,-1030.7157656326694,119.95852857081127,910.5674438476562,203.16409301757812,119.77803039550781,62.21796417236328,910.5674438476562,203.16409301757812,0.0,0.10458029806613922,-1356.2806396484375,0.08892664313316345,1.265365474480831
4096,18,trace_residue_plus_1_0,9.81450217220761,0.0236588753759861,979.0843296831623,70.63775205967568,70.63775205967579,1.1368683772161603e-13,1.0,908.4465776234865,908.4465776234865,0.0,908.4465776234865,202.23528922856025,-1027.7395484183712,119.2929707948847,908.2574462890625,202.13265991210938,119.11473846435547,61.880489349365234,908.2574462890625,202.13265991210938,0.0,0.18115843832492828,-1356.2806396484375,0.09172967076301575,1.3052506456945885
4096,19,ordinary_branch,0.72337398582628,0.02382097765803337,69.95530081682466,69.95530081682466,69.95530081682466,0.0,0.0,0.0,0.0,0.0,904.7586778104305,200.59256188506242,-1022.9930856129147,118.23440780248416,904.492919921875,200.45669555664062,118.03762817382812,58.23445129394531,904.492919921875,200.45669555664062,0.0,0.02723119780421257,-1356.2806396484375,0.07027743756771088,1.0
4096,19,cf_branch,0.7233739859557079,0.02382097765803337,69.95530082976745,69.95530082976757,69.95530082976745,1.1368683772161603e-13,0.0,0.0,0.0,0.0,904.7586778998375,200.5925619217162,-1022.993085724333,118.23440782449552,904.492919921875,200.45669555664062,118.03763580322266,58.23445510864258,904.492919921875,200.45669555664062,0.0,0.02723119780421257,-1356.2806396484375,0.07027743756771088,1.0
4096,19,schatten_filtered_cf_branch,0.13512551407474474,0.13213127851486206,0.2994235559882691,0.2994235559882732,0.2994235559882691,4.107825191113079e-15,0.0,0.0,0.0,0.0,42.70760519243777,1.036286078353824,-43.26226793466064,0.5546627422228738,42.316688537597656,0.9580891728401184,0.507817804813385,0.3778999149799347,42.316688537597656,0.9580891728401184,0.0,0.0008773947483859956,-1356.2806396484375,0.12957851588726044,1.8438138949277167
4096,19,trace_residue_minus_0_5,-5.004013336765306,0.002627240028232336,-500.66405767935385,309.371066682161,309.3710666821612,2.2737367544323206e-13,-0.5,-810.035124361515,-810.035124361515,0.0,1620.07024872303,640.9460116447411,-2062.1325763828686,442.0623276598385,1620.1756591796875,641.02783203125,438.1349182128906,217.3240509033203,1620.1756591796875,641.02783203125,0.0,0.010027079842984676,-1356.2806396484375,0.0016929078847169876,0.02408892445866293
4096,19,trace_residue_plus_0_5,5.15927574148432,0.024801118299365044,513.4474623184955,67.59594192172642,67.59594192172645,2.842170943040401e-14,0.5,445.85152039676905,445.85152039676905,0.0,891.7030407935381,194.86176393040154,-1006.2610444577488,114.55800366421067,891.4371337890625,194.72760009765625,114.3717041015625,56.414703369140625,891.4371337890625,194.72760009765625,0.0,0.10210395604372025,-1356.2806396484375,0.08892664313316345,1.265365474480831
4096,19,trace_residue_plus_1_0,9.58702910411444,0.02500341087579727,956.2025693238643,67.12418172070068,67.12418172070062,5.684341886080802e-14,1.0,889.0783876031637,889.0783876031637,0.0,889.0783876031637,193.7140432402693,-1002.9007205847104,113.82233298154665,888.8136596679688,193.58082580566406,113.6385498046875,56.050140380859375,888.8136596679688,193.58082580566406,0.0,0.1774980127811432,-1356.2806396484375,0.09172967076301575,1.3052506456945885
4096,20,ordinary_branch,0.6943096294347589,0.02524915151298046,66.90604779217784,66.90604779217784,66.90604779217796,1.1368683772161603e-13,0.0,-1.1368683772161603e-13,0.0,1.1368683772161603e-13,887.8800028413534,193.18614817674404,-1001.363094269196,113.48309142784262,888.4383544921875,193.4485626220703,113.56121063232422,58.16134262084961,888.4383544921875,193.4485626220703,0.0,0.026027055457234383,-1356.2806396484375,0.07027743756771088,1.0
4096,20,cf_branch,0.6943096265021089,0.02524915151298046,66.90604749891284,66.90604749891281,66.90604749891284,2.842170943040401e-14,0.0,0.0,0.0,0.0,887.8800010830164,193.18614744378186,-1001.3630920473463,113.4830909643299,888.4383544921875,193.4485626220703,113.56121063232422,58.16134262084961,888.4383544921875,193.4485626220703,0.0,0.026027053594589233,-1356.2806396484375,0.07027743756771088,1.0
4096,20,schatten_filtered_cf_branch,0.13578749830807382,0.13281837105751038,0.2969127250563447,0.29691272505634103,0.2969127250563447,3.6637359812630166e-15,0.0,0.0,0.0,0.0,43.15838357480243,1.0336864761379296,-43.71016443864751,0.5517808638450816,43.853187561035156,1.1913132667541504,0.6503995656967163,0.050495803356170654,43.853187561035156,1.1913132667541504,0.0,0.0008299422333948314,-1356.2806396484375,0.12957851588726044,1.8438138949277167
4096,20,trace_residue_minus_0_5,-5.00540845185924,0.0026159691624343395,-500.80244210216745,307.17135115113524,307.1713511511351,1.1368683772161603e-13,-0.5,-807.9737932533026,-807.9737932533026,0.0,1615.9475865066051,637.7057050319884,-2055.3402460634907,439.3926595568855,1615.71435546875,637.522216796875,435.3160400390625,220.73870849609375,1615.71435546875,637.522216796875,0.0,0.00952758826315403,-1356.2806396484375,0.0016929078847169876,0.02408892445866293
4096,20,trace_residue_plus_0_5,5.0349913143103455,0.02639768458902836,500.8593629721317,64.3146581250939,64.3146581250939,0.0,0.5,436.5447048470378,436.5447048470378,0.0,873.0894096940756,186.82154898189407,-982.5120586198115,109.42264892573587,873.6453247070312,187.0787811279297,109.50576782226562,56.10734558105469,873.6453247070312,187.0787811279297,0.0,0.09969170391559601,-1356.2806396484375,0.08892664313316345,1.265365474480831
4096,20,trace_residue_plus_1_0,9.36597752360634,0.02663356624543667,933.9343957360902,63.80062683486136,63.800626834861305,5.684341886080802e-14,1.0,870.1337689012289,870.1337689012289,0.0,870.1337689012289,185.55618471945075,-978.7500916414614,108.61632274023248,870.6866455078125,185.8111572265625,108.6996078491211,55.7002067565918,870.6866455078125,185.8111572265625,0.0,0.17390428483486176,-1356.2806396484375,0.09172967076301575,1.3052506456945885
4096,21,ordinary_branch,0.6667078166586066,0.026325242593884468,64.03825740647221,64.03825740647221,64.03825740647218,2.842170943040401e-14,0.0,2.842170943040401e-14,0.0,2.842170943040401e-14,871.5378065258265,186.14754586764337,-980.5289658566171,108.99115933079065,871.4205932617188,186.0937042236328,108.87264251708984,52.88554000854492,871.4205932617188,186.0937042236328,0.0,0.024906056001782417,-1356.2806396484375,0.07027743756771088,1.0
4096,21,cf_branch,0.666707814864754,0.026325242593884468,64.03825722708694,64.03825722708689,64.03825722708694,5.684341886080802e-14,0.0,0.0,0.0,0.0,871.5378054231405,186.14754541444267,-980.5289644688164,108.99115904567589,871.4205932617188,186.0937042236328,108.87264251708984,52.88554000854492,871.4205932617188,186.0937042236328,0.0,0.024906056001782417,-1356.2806396484375,0.07027743756771088,1.0
4096,21,schatten_filtered_cf_branch,0.13467184705906837,0.13172438740730286,0.2947459651765527,0.2947459651765527,0.2947459651765527,0.0,0.0,0.0,0.0,0.0,43.61105799395591,1.0319270138497467,-44.16048724193567,0.5494292479797593,43.55378341674805,1.019614338874817,0.5396950244903564,0.19954454898834229,43.55378341674805,1.019614338874817,0.0,0.0008064011344686151,-1356.2806396484375,0.12957851588726044,1.8438138949277167
4096,21,trace_residue_minus_0_5,-5.007275425566842,0.0025788007769733667,-500.9854226343815,304.3041210688169,304.3041210688169,0.0,-0.5,-805.2895437031984,-805.2895437031984,0.0,1610.5790874063969,633.4844270404941,-2046.4929098237633,435.9138224173664,1610.6373291015625,633.529052734375,432.1037292480469,213.17344665527344,1610.6373291015625,633.529052734375,0.0,0.008815652690827847,-1356.2806396484375,0.0016929078847169876,0.02408892445866293
4096,21,trace_residue_plus_0_5,4.914342599355445,0.02764052338898182,488.67020759664626,61.21306893907638,61.21306893907635,2.842170943040401e-14,0.5,427.4571386575699,427.4571386575699,0.0,854.9142773151398,179.1338710098552,-959.4548152045686,104.54053788942883,854.7976684570312,179.08126831054688,104.43228149414062,50.69520568847656,854.7976684570312,179.08126831054688,0.0,0.09736944735050201,-1356.2806396484375,0.08892664313316345,1.265365474480831
4096,21,trace_residue_plus_1_0,9.150599674774183,0.02790933847427368,912.2690336299909,60.65714425275456,60.657144252754534,2.842170943040401e-14,1.0,851.6118893772364,851.6118893772364,0.0,851.6118893772364,177.74964017401575,-955.2753783200482,103.6634889428118,851.4960327148438,177.6975860595703,103.55742645263672,50.26357650756836,851.4960327148438,177.6975860595703,0.0,0.17040474712848663,-1356.2806396484375,0.09172967076301575,1.3052506456945885
4096,22,ordinary_branch,0.6411736690085036,0.027765795588493347,61.34078734200102,61.34078734200102,61.34078734200102,0.0,0.0,0.0,0.0,0.0,855.7231683284044,179.46019894152386,-960.4678932768106,104.7447249484062,855.7969970703125,179.49185180664062,104.68992614746094,52.44603729248047,855.7969970703125,179.49185180664062,0.0,0.023833826184272766,-1356.2806396484375,0.07027743756771088,1.0
4096,22,cf_branch,0.641173666758322,0.027765795588493347,61.34078711698287,61.340787116982824,61.34078711698287,4.263256414560601e-14,0.0,0.0,0.0,0.0,855.7231669872999,179.46019838130584,-960.467891580786,104.74472459348613,855.7969970703125,179.4918670654297,104.68992614746094,52.44603729248047,855.7969970703125,179.4918670654297,0.0,0.023833822458982468,-1356.2806396484375,0.07027743756771088,1.0
4096,22,schatten_filtered_cf_branch,0.13527800562834683,0.13234934210777283,0.2928663520574012,0.29286635205740197,0.2928663520574012,7.771561172376096e-16,0.0,0.0,0.0,0.0,44.062959825154394,1.0308259320003328,-44.61046768222273,0.5475078570683394,44.04338836669922,0.9886009693145752,0.5197073221206665,0.3709452748298645,44.04338836669922,0.9886009693145752,0.0,0.0007870150147937238,-1356.2806396484375,0.12957851588726044,1.8438138949277167
4096,22,trace_residue_minus_0_5,-5.009387452981586,0.002505914308130741,-501.1893367289716,300.9514203698225,300.95142036982236,1.1368683772161603e-13,-0.5,-802.140757098794,-802.140757098794,0.0,1604.281514197588,628.539467349658,-2036.123781878348,431.84226768075996,1604.2802734375,628.53857421875,428.0930480957031,213.83082580566406,1604.2802734375,628.53857421875,0.0,0.007940311916172504,-1356.2806396484375,0.0016929078847169876,0.02408892445866293
4096,22,trace_residue_plus_0_5,4.797964795501677,0.029278626665472984,476.86861688362046,58.28136034028205,58.28136034028216,1.1368683772161603e-13,0.5,418.5872565433383,418.5872565433383,0.0,837.1745130866766,171.78579431742324,-937.0745139151757,99.90000082849906,837.2462158203125,171.81582641601562,99.8533935546875,50.0286865234375,837.2462158203125,171.81582641601562,0.0,0.09510380774736404,-1356.2806396484375,0.08892664313316345,1.265365474480831
4096,22,trace_residue_plus_1_0,8.94153851313684,0.029586605727672577,891.1951907409166,57.68418994376418,57.684189943764125,5.684341886080802e-14,1.0,833.5110007971525,833.5110007971525,0.0,833.5110007971525,170.28225204716696,-932.4636268600718,98.95262606291931,833.5819091796875,170.3118133544922,98.9074935913086,49.55488204956055,833.5819091796875,170.3118133544922,0.0,0.16696742177009583,-1356.2806396484375,0.09172967076301575,1.3052506456945885
4096,23,ordinary_branch,0.6170718310294865,0.029040265828371048,58.80315652011154,58.80315652011154,58.803156520111486,5.684341886080802e-14,0.0,5.684341886080802e-14,0.0,5.684341886080802e-14,840.4265983104706,173.10801884593667,-941.1571365117129,100.73053820124233,840.36474609375,173.072509765625,100.63970184326172,52.428279876708984,840.36474609375,173.072509765625,0.0,0.02283056639134884,-1356.2806396484375,0.07027743756771088,1.0
4096,23,cf_branch,0.6170718305411005,0.029040265828371048,58.80315647127294,58.80315647127293,58.80315647127294,1.4210854715202004e-14,0.0,0.0,0.0,0.0,840.426598072052,173.10801873448665,-941.157136199625,100.73053812757303,840.36474609375,173.07252502441406,100.63970184326172,52.428279876708984,840.36474609375,173.07252502441406,0.0,0.02283056639134884,-1356.2806396484375,0.07027743756771088,1.0
4096,23,schatten_filtered_cf_branch,0.13553682365331374,0.13262367248535156,0.2913151167962178,0.2913151167962198,0.2913151167962178,1.9984014443252818e-15,0.0,0.0,0.0,0.0,44.51707574585453,1.030570915346407,-45.06318253148784,0.546106785633313,44.34946823120117,1.01735258102417,0.5386691093444824,0.40752577781677246,44.34946823120117,1.01735258102417,0.0,0.0007342493045143783,-1356.2806396484375,0.12957851588726044,1.8438138949277167
4096,23,trace_residue_minus_0_5,-5.011502480721732,0.0024195124860852957,-501.3921993207817,297.2901847231501,297.2901847231503,1.7053025658242404e-13,-0.5,-798.682384043932,-798.682384043932,0.0,1597.364768087864,623.1218545965964,-2024.753545420297,427.38877733243316,1597.300048828125,623.0690307617188,423.701904296875,216.2840576171875,1597.300048828125,623.0690307617188,0.0,0.006964237429201603,-1356.2806396484375,0.0016929078847169876,0.02408892445866293
4096,23,trace_residue_plus_0_5,4.685196298376386,0.03076234459877014,465.4433953777616,55.5101980508033,55.51019805080338,8.526512829121202e-14,0.5,409.9331973269582,409.9331973269582,0.0,819.8663946539164,164.76453580046712,-915.3561534269586,95.48975877304224,819.8035888671875,164.72940063476562,95.40870666503906,49.76020050048828,819.8035888671875,164.72940063476562,0.0,0.09291435033082962,-1356.2806396484375,0.08892664313316345,1.265365474480831
4096,23,trace_residue_plus_1_0,8.738124914844077,0.03111090138554573,870.701401345853,54.872658692721586,54.87265869272157,1.4210854715202004e-14,1.0,815.8287426531315,815.8287426531315,0.0,815.8287426531315,163.1419408704376,-910.3016053756892,94.4728627225577,815.766357421875,163.10720825195312,94.3938980102539,49.24309158325195,815.766357421875,163.10720825195312,0.0,0.16361281275749207,-1356.2806396484375,0.09172967076301575,1.3052506456945885
4096,24,ordinary_branch,0.5942457055608099,0.03009178675711155,56.41539188036984,56.41539188036984,56.41539188036984,0.0,0.0,0.0,0.0,0.0,825.6375330239534,167.07512666679776,-922.5733214091404,96.93578838518692,825.3501586914062,166.9547119140625,96.80001068115234,46.57685470581055,825.3501586914062,166.9547119140625,0.0,0.02189215086400509,-1356.2806396484375,0.07027743756771088,1.0
4096,24,cf_branch,0.5942457076977022,0.03009178675711155,56.41539209405907,56.41539209405903,56.41539209405907,4.263256414560601e-14,0.0,0.0,0.0,0.0,825.6375343948603,167.0751272154472,-922.5733231225524,96.93578872769217,825.3501586914062,166.9547119140625,96.80001068115234,46.57685470581055,825.3501586914062,166.9547119140625,0.0,0.02189214900135994,-1356.2806396484375,0.07027743756771088,1.0
4096,24,schatten_filtered_cf_branch,0.1344079923539912,0.13150770962238312,0.2900282731608096,0.29002827316081436,0.2900282731608096,4.773959005888173e-15,0.0,0.0,0.0,0.0,44.970428911503404,1.0309394908929925,-45.51553662151808,0.5451077100146762,44.827476501464844,1.0581588745117188,0.5640004873275757,0.37320011854171753,44.827476501464844,1.0581588745117188,0.0,0.0007025200175121427,-1356.2806396484375,0.12957851588726044,1.8438138949277167
4096,24,trace_residue_minus_0_5,-5.0135108502785934,0.0022502699866890907,-501.5761120265283,293.48010735754576,293.48010735754593,1.7053025658242404e-13,-0.5,-795.0562193840742,-795.0562193840742,0.0,1590.1124387681484,617.4599733214893,-2012.8567951968114,422.74435642866297,1590.30712890625,617.608642578125,419.32647705078125,205.09951782226562,1590.30712890625,617.608642578125,0.0,0.0059279147535562515,-1356.2806396484375,0.0016929078847169876,0.02408892445866293
4096,24,trace_residue_plus_0_5,4.575851083866077,0.03201728314161301,454.38338007244636,52.890668558211814,52.89066855821183,1.4210854715202004e-14,0.5,401.49271151423454,401.49271151423454,0.0,802.9854230284691,158.05739456096416,-894.284282930889,91.29885990241996,802.701416015625,157.94158935546875,91.17581939697266,43.82106399536133,802.701416015625,157.94158935546875,0.0,0.09080298244953156,-1356.2806396484375,0.08892664313316345,1.265365474480831
4096,24,trace_residue_plus_1_0,8.54016449675435,0.032405637204647064,850.7758859549704,52.21384635614777,52.213846356147755,1.4210854715202004e-14,1.0,798.5620395988226,798.5620395988226,0.0,798.5620395988226,156.3166790177825,-888.7756683950771,90.21362879625451,798.2805786132812,156.20260620117188,90.093505859375,43.288299560546875,798.2805786132812,156.20260620117188,0.0,0.16034476459026337,-1356.2806396484375,0.09172967076301575,1.3052506456945885
4096,25,ordinary_branch,0.5729259198480037,0.031246192753314972,54.16797270946887,54.16797270946887,54.16797270946887,0.0,0.0,0.0,0.0,0.0,811.3438699841499,161.3457580480504,-904.691905156435,93.34803517228511,811.3172607421875,161.3236541748047,93.2782211303711,45.72459030151367,811.3172607421875,161.3236541748047,0.0,0.021003004163503647,-1356.2806396484375,0.07027743756771088,1.0
4096,25,cf_branch,0.5729259189147112,0.031246192753314972,54.16797261613962,54.16797261613965,54.16797261613962,2.842170943040401e-14,0.0,0.0,0.0,0.0,811.3438694477081,161.34575781930147,-904.6919044739848,93.34803502627665,811.3172607421875,161.3236541748047,93.2782211303711,45.7246208190918,811.3172607421875,161.3236541748047,0.0,0.021003002300858498,-1356.2806396484375,0.07027743756771088,1.0
4096,25,schatten_filtered_cf_branch,0.13437925460647962,0.13148924708366394,0.28900075228156696,0.2890007522815665,0.28900075228156696,4.440892098500626e-16,0.0,0.0,0.0,0.0,45.42391640692949,1.031945725285842,-45.96842716518488,0.5445107582553845,45.18949508666992,0.9654303789138794,0.5036128759384155,0.19406718015670776,45.18949508666992,0.9654303789138794,0.0,0.0006715669296681881,-1356.2806396484375,0.12957851588726044,1.8438138949277167
4096,25,trace_residue_minus_0_5,-5.015137000149941,0.0021473269443958998,-501.7284327094336,289.6678156013709,289.66781560137076,1.1368683772161603e-13,-0.5,-791.3962483108044,-791.3962483108044,0.0,1582.7924966216087,611.7669624725977,-2000.8783078908318,418.0858112692231,1582.7333984375,611.7206420898438,414.6198425292969,205.94285583496094,1582.7333984375,611.7206420898438,0.0,0.004916224163025618,-1356.2806396484375,0.0016929078847169876,0.02408892445866293
4096,25,trace_residue_plus_0_5,4.470176583995107,0.0334024578332901,443.67741261618164,50.414269605744096,50.41426960574415,5.684341886080802e-14,0.5,393.2631430104375,393.2631430104375,0.0,786.526286020875,151.65178359304122,-873.842972926708,87.31668690583297,786.5001831054688,151.63034057617188,87.25675964355469,42.738182067871094,786.5001831054688,151.63034057617188,0.0,0.08875073492527008,-1356.2806396484375,0.08892664313316345,1.265365474480831
4096,25,trace_residue_plus_1_0,8.347900085021143,0.03383483365178108,831.4065251369362,49.699439929831556,49.69943992983153,2.842170943040401e-14,1.0,781.7070852071047,781.7070852071047,0.0,781.7070852071047,149.79452165559135,-867.8717473419279,86.16466213482317,781.681396484375,149.7735137939453,86.10678100585938,42.16914367675781,781.681396484375,149.7735137939453,0.0,0.1571447253227234,-1356.2806396484375,0.09172967076301575,1.3052506456945885
4096,26,ordinary_branch,0.5531768489218201,0.032657116651535034,52.0519732270285,52.0519732270285,52.0519732270284,9.947598300641403e-14,0.0,9.947598300641403e-14,0.0,9.947598300641403e-14,797.5333635658026,155.90474948781645,-887.4888426138764,89.95547904807381,796.957275390625,155.66387939453125,89.75507354736328,44.890872955322266,796.957275390625,155.66387939453125,0.0,0.020152008160948753,-1356.2806396484375,0.07027743756771088,1.0
4096,26,cf_branch,0.5531768483035978,0.032657116651535034,52.05197316520628,52.051973165206334,52.05197316520628,5.684341886080802e-14,0.0,0.0,0.0,0.0,797.5333632975817,155.90474935084924,-887.4888422536737,89.95547895609207,796.957275390625,155.66387939453125,89.75507354736328,44.89084243774414,796.957275390625,155.66387939453125,0.0,0.020152006298303604,-1356.2806396484375,0.07027743756771088,1.0
4096,26,schatten_filtered_cf_branch,0.13472315221163383,0.1318412721157074,0.2881880095926448,0.2881880095926448,0.2881880095926448,0.0,0.0,0.0,0.0,0.0,45.87522403290495,1.03344236641877,-46.419460050538326,0.5442360176333736,45.392173767089844,1.0208172798156738,0.5393811464309692,0.7161779999732971,45.392173767089844,1.0208172798156738,0.0,0.0006268752622418106,-1356.2806396484375,0.12957851588726044,1.8438138949277167
4096,26,trace_residue_minus_0_5,-5.016307294169855,0.0021150074899196625,-501.8422301659774,285.9781107803394,285.9781107803393,1.1368683772161603e-13,-0.5,-787.8203409463167,-787.8203409463167,0.0,1575.6406818926334,606.2276830020282,-1989.2057398797274,413.56505798709395,1575.665771484375,606.2465209960938,410.25299072265625,204.27639770507812,1575.665771484375,606.2465209960938,0.0,0.0039807152934372425,-1356.2806396484375,0.0016929078847169876,0.02408892445866293
4096,26,trace_residue_plus_0_5,4.368209210146622,0.03506384789943695,433.3145362247185,48.072931747551365,48.072931747551394,2.842170943040401e-14,0.5,385.24160447716713,385.24160447716713,0.0,770.4832089543343,145.53536110194992,-854.0162285690135,83.53301961467923,769.9140625,145.30508422851562,83.34967041015625,41.698822021484375,769.9140625,145.30508422851562,0.0,0.08675410598516464,-1356.2806396484375,0.08892664313316345,1.265365474480831
4096,26,trace_residue_plus_1_0,8.161356128128396,0.035545215010643005,812.5810913117754,47.32152741869555,47.32152741869561,5.684341886080802e-14,1.0,765.2595638930798,765.2595638930798,0.0,765.2595638930798,143.56369945473244,-847.5756137017562,82.31604980867644,764.6966552734375,143.3376007080078,82.13720703125,41.090606689453125,764.6966552734375,143.3376007080078,0.0,0.15401126444339752,-1356.2806396484375,0.09172967076301575,1.3052506456945885
4096,27,ordinary_branch,0.5345017250833018,0.03391160070896149,50.059012437434035,50.059012437434035,50.059012437434006,2.842170943040401e-14,0.0,2.842170943040401e-14,0.0,2.842170943040401e-14,784.1932072341442,150.73744925200566,-870.9401045051764,86.74689727103214,784.0108032226562,150.66387939453125,86.6573257446289,44.6945686340332,784.0108032226562,150.66387939453125,0.0,0.01935538835823536,-1356.2806396484375,0.07027743756771088,1.0
4096,27,cf_branch,0.5345017244475424,0.03391160070896149,50.059012373858096,50.05901237385814,50.059012373858096,4.263256414560601e-14,0.0,0.0,0.0,0.0,784.1932069957256,150.73744911521746,-870.9401041733767,86.74689717765102,784.0108032226562,150.66387939453125,86.6573257446289,44.6945686340332,784.0108032226562,150.66387939453125,0.0,0.01935538835823536,-1356.2806396484375,0.07027743756771088,1.0
4096,27,schatten_filtered_cf_branch,0.13512339295573278,0.13224700093269348,0.28763920230392914,0.2876392023039287,0.28763920230392914,4.440892098500626e-16,0.0,0.0,0.0,0.0,46.32663773279637,1.0356243624068002,-46.87102011637833,0.5443823835819614,46.253475189208984,1.0524609088897705,0.5561569333076477,0.44401779770851135,46.253475189208984,1.0524609088897705,0.0,0.0006370468763634562,-1356.2806396484375,0.12957851588726044,1.8438138949277167
4096,27,trace_residue_minus_0_5,-5.0172104487821425,0.0019481172785162926,-501.91585660606586,282.51953075200345,282.51953075200356,1.1368683772161603e-13,-0.5,-784.4353873580694,-784.4353873580694,0.0,1568.8707747161388,601.0067737773736,-1978.1865806338546,409.3158059177158,1568.96484375,601.0780639648438,406.1391296386719,205.28343200683594,1568.96484375,601.0780639648438,0.0,0.0031994131859391928,-1356.2806396484375,0.0016929078847169876,0.02408892445866293
4096,27,trace_residue_plus_0_5,4.26942277697782,0.036582984030246735,423.2839792947574,45.85900986001923,45.859009860019256,2.842170943040401e-14,0.5,377.42496943473816,377.42496943473816,0.0,754.8499388694763,139.69606069693185,-834.7879804889701,79.93804161949379,754.6695556640625,139.6259307861328,79.86002349853516,41.24922561645508,754.6695556640625,139.6259307861328,0.0,0.08482254296541214,-1356.2806396484375,0.08892664313316345,1.265365474480831
4096,27,trace_residue_plus_1_0,7.979987060619235,0.037114568054676056,794.2872492564559,45.0725899679303,45.072589967930355,5.684341886080802e-14,1.0,749.2146592885256,749.2146592885256,0.0,749.2146592885256,137.61265115039475,-827.8728952369086,78.65823594838298,749.036376953125,137.54388427734375,78.5827407836914,40.5998420715332,749.036376953125,137.54388427734375,0.0,0.15095362067222595,-1356.2806396484375,0.09172967076301575,1.3052506456945885
4096,28,ordinary_branch,0.5161967750368308,0.03438488394021988,48.18118910966109,48.18118910966109,48.18118910966108,1.4210854715202004e-14,0.0,1.4210854715202004e-14,0.0,1.4210854715202004e-14,771.3102075904608,145.8296850528711,-855.0217931109282,83.71158552046745,771.435546875,145.8848876953125,83.70746612548828,37.14096450805664,771.435546875,145.8848876953125,0.0,0.018632732331752777,-1356.2806396484375,0.07027743756771088,1.0
4096,28,cf_branch,0.5161967756718171,0.03438488394021988,48.18118917315972,48.18118917315968,48.18118917315972,4.263256414560601e-14,0.0,0.0,0.0,0.0,771.3102081567049,145.82968523684264,-855.0217937855036,83.71158562879873,771.435546875,145.88490295410156,83.70746612548828,37.14096450805664,771.435546875,145.88490295410156,0.0,0.018632732331752777,-1356.2806396484375,0.07027743756771088,1.0
4096,28,schatten_filtered_cf_branch,0.13280871546470208,0.12993569672107697,0.28730187436251176,0.28730187436250887,0.28730187436251176,2.886579864025407e-15,0.0,0.0,0.0,0.0,46.776610787492245,1.0383287718348801,-47.32146928286923,0.5448584953769853,46.760643005371094,0.9935166835784912,0.5155799984931946,-0.2850414216518402,46.760643005371094,0.9935166835784912,0.0,0.0006260152440518141,-1356.2806396484375,0.12957851588726044,1.8438138949277167
4096,28,trace_residue_minus_0_5,-5.017741359512384,0.0017810313729569316,-501.95223908853416,279.37442622351773,279.3744262235176,1.1368683772161603e-13,-0.5,-781.3266653120518,-781.3266653120518,0.0,1562.6533306241035,596.2328022461161,-1968.094329960366,405.4409993362624,1562.690673828125,596.2611694335938,402.31475830078125,192.30276489257812,1562.690673828125,596.2611694335938,0.0,0.0026819270569831133,-1356.2806396484375,0.0016929078847169876,0.02408892445866293
4096,28,trace_residue_plus_0_5,4.173024804800938,0.03727361932396889,413.5751185476969,43.765243320186016,43.76524332018599,2.842170943040401e-14,0.5,369.80987522751093,369.80987522751093,0.0,739.6197504550219,134.12206887613218,-816.1420553795457,76.52230492452384,739.74462890625,134.17491149902344,76.52516174316406,33.734169006347656,739.74462890625,134.17491149902344,0.0,0.08297902345657349,-1356.2806396484375,0.08892664313316345,1.265365474480831
4096,28,trace_residue_plus_1_0,7.802970355501893,0.03784506767988205,776.5125287822011,42.945472618055646,42.945472618055675,2.842170943040401e-14,1.0,733.5670561641455,733.5670561641455,0.0,733.5670561641455,131.9300166385695,-808.7490558922026,75.18199972805712,733.6903686523438,131.98170471191406,75.18559265136719,33.10314178466797,733.6903686523438,131.98170471191406,0.0,0.14799608290195465,-1356.2806396484375,0.09172967076301575,1.3052506456945885
4096,29,ordinary_branch,0.5001940066707544,0.036084823310375214,46.41091833603792,46.41091833603792,46.410918336037895,2.842170943040401e-14,0.0,2.842170943040401e-14,0.0,2.842170943040401e-14,758.8697570413351,141.1673859291131,-839.7088685846261,80.83911154329098,759.2406005859375,141.30763244628906,80.88993072509766,39.43959426879883,759.2406005859375,141.30763244628906,0.0,0.01790347881615162,-1356.2806396484375,0.07027743756771088,1.0
4096,29,cf_branch,0.5001940066975078,0.036084823310375214,46.41091833871326,46.41091833871326,46.41091833871326,0.0,0.0,0.0,0.0,0.0,758.8697570413351,141.16738593403318,-839.7088685883375,80.8391115470024,759.2406005859375,141.3076171875,80.88993072509766,39.43959426879883,759.2406005859375,141.3076171875,0.0,0.01790347695350647,-1356.2806396484375,0.07027743756771088,1.0
4096,29,schatten_filtered_cf_branch,0.13427011875153327,0.13139893114566803,0.2871187605865235,0.2871187605865231,0.2871187605865235,4.440892098500626e-16,0.0,0.0,0.0,0.0,47.22271977784112,1.0413709032430207,-47.76828205114715,0.5455622733060324,47.4442138671875,1.038028597831726,0.5424699187278748,0.30771490931510925,47.4442138671875,1.038028597831726,0.0,0.0005563640734180808,-1356.2806396484375,0.12957851588726044,1.8438138949277167
4096,29,trace_residue_minus_0_5,-5.017751956480809,0.0018245505634695292,-501.9576507044278,276.60629719670214,276.6062971967019,2.2737367544323206e-13,-0.5,-778.5639479011297,-778.5639479011297,0.0,1557.1278958022594,592.008354411573,-1959.1493165991005,402.0214207968411,1556.97705078125,591.893798828125,398.85552978515625,197.62594604492188,1556.97705078125,591.893798828125,0.0,0.0024867234751582146,-1356.2806396484375,0.0016929078847169876,0.02408892445866293
4096,29,trace_residue_plus_0_5,4.081058248279964,0.039285264909267426,404.1772983370697,41.78470749392858,41.78470749392861,2.842170943040401e-14,0.5,362.3925908431411,362.3925908431411,0.0,724.7851816862822,128.80174541288642,-798.0618508845579,73.27666919827573,725.1495361328125,128.93341064453125,73.3300552368164,35.7044563293457,725.1495361328125,128.93341064453125,0.0,0.08115121722221375,-1356.2806396484375,0.08892664313316345,1.265365474480831
4096,29,trace_residue_plus_1_0,7.632358907682125,0.039917223155498505,759.2441684526626,40.933354384941254,40.93335438494127,1.4210854715202004e-14,1.0,718.3108140677214,718.3108140677214,0.0,718.3108140677214,126.50460725975823,-790.1892392274121,71.87842515969078,718.6699829101562,126.63323974609375,71.93128967285156,35.013954162597656,718.6699829101562,126.63323974609375,0.0,0.14506801962852478,-1356.2806396484375,0.09172967076301575,1.3052506456945885
4096,30,ordinary_branch,0.48481542009717316,0.03740213066339493,44.74132894337782,44.74132894337782,44.74132894337781,1.4210854715202004e-14,0.0,1.4210854715202004e-14,0.0,1.4210854715202004e-14,746.8585255593061,136.73765354356254,-824.9784956207831,78.11997006147692,747.27490234375,136.90380859375,78.19136810302734,40.41404342651367,747.27490234375,136.90380859375,0.0,0.017228765413165092,-1356.2806396484375,0.07027743756771088,1.0
4096,30,cf_branch,0.48481541668306477,0.03740212693810463,44.741328974496014,44.74132897449596,44.741328974496014,5.684341886080802e-14,0.0,0.0,0.0,0.0,746.8585257977247,136.73765362872902,-824.9784959107577,78.11997011303299,747.27490234375,136.90380859375,78.19136810302734,40.41404342651367,747.27490234375,136.90380859375,0.0,0.017228763550519943,-1356.2806396484375,0.07027743756771088,1.0
4096,30,schatten_filtered_cf_branch,0.13503544071670354,0.13216392695903778,0.28715137576657546,0.2871513757665731,0.28715137576657546,2.3314683517128287e-15,0.0,0.0,0.0,0.0,47.66737813875079,1.0449733506317163,-48.21398917414194,0.5466110353911517,47.9127197265625,1.0308399200439453,0.5365166068077087,0.3197338283061981,47.9127197265625,1.0308399200439453,0.0,0.0005648078513331711,-1356.2806396484375,0.12957851588726044,1.8438138949277167
4096,30,trace_residue_minus_0_5,-5.017698437191687,0.00170370121486485,-501.94021384065513,274.26219986731655,274.26219986731644,1.1368683772161603e-13,-0.5,-776.2024137079716,-776.2024137079716,0.0,1552.4048274159431,588.4123895768921,-1951.5229500539797,399.11812263803654,1552.4647216796875,588.457763671875,396.139404296875,200.94677734375,1552.4647216796875,588.457763671875,0.0,0.002590313320979476,-1356.2806396484375,0.0016929078847169876,0.02408892445866293
4096,30,trace_residue_plus_0_5,3.99171475761318,0.040910884737968445,395.08038728752115,39.91092752733209,39.91092752733206,2.842170943040401e-14,0.5,355.16945976018906,355.16945976018906,0.0,710.3389195203781,123.72397083709593,-780.531423475492,70.19250395511392,710.7478637695312,123.87948608398438,70.26464080810547,36.38357162475586,710.7478637695312,123.87948608398438,0.0,0.07939014583826065,-1356.2806396484375,0.08892664313316345,1.265365474480831
4096,30,trace_residue_plus_1_0,7.466297506097492,0.04160045087337494,742.4697055224117,39.02980954980217,39.02980954980217,0.0,1.0,703.4398959726095,703.4398959726095,0.0,703.4398959726095,121.32561628134702,-772.1789145205146,68.73901854790506,703.8421630859375,121.47702026367188,68.809814453125,35.64453125,703.8421630859375,121.47702026367188,0.0,0.14221987128257751,-1356.2806396484375,0.09172967076301575,1.3052506456945885
4096,31,ordinary_branch,0.4699792619945049,0.03832011669874191,43.1659145295763,43.1659145295763,43.165914529576256,4.263256414560601e-14,0.0,4.263256414560601e-14,0.0,4.263256414560601e-14,735.2627532631159,132.5279827766691,-810.8078159053043,75.54506264218844,735.4901123046875,132.60812377929688,75.56413269042969,37.102745056152344,735.4901123046875,132.60812377929688,0.0,0.016604315489530563,-1356.2806396484375,0.07027743756771088,1.0
4096,31,cf_branch,0.4699792626360031,0.03832011669874191,43.165914593726114,43.16591459372614,43.165914593726114,2.842170943040401e-14,0.0,0.0,0.0,0.0,735.2627537995577,132.52798295490288,-810.807816548675,75.54506274911728,735.4901123046875,132.60812377929688,75.56414031982422,37.102718353271484,735.4901123046875,132.60812377929688,0.0,0.016604315489530563,-1356.2806396484375,0.07027743756771088,1.0
4096,31,schatten_filtered_cf_branch,0.13425490416313732,0.1313813030719757,0.28736010911616217,0.2873601091161646,0.28736010911616217,2.4424906541753444e-15,0.0,0.0,0.0,0.0,48.10999675607309,1.0490200369702913,-48.65793436474887,0.547937608675781,48.153167724609375,1.017710566520691,0.5286349058151245,0.37892621755599976,48.153167724609375,1.017710566520691,0.0,0.0005324905505403876,-1356.2806396484375,0.12957851588726044,1.8438138949277167
4096,31,trace_residue_minus_0_5,-5.017462414193136,0.0016267693135887384,-501.9089183506725,272.3657011690382,272.36570116903806,1.1368683772161603e-13,-0.5,-774.2746195197105,-774.2746195197105,0.0,1548.549239039421,585.4886244639557,-1945.312610017631,396.7633709782099,1548.541015625,585.482421875,393.7926940917969,195.35032653808594,1548.541015625,585.482421875,0.0,0.002853162819519639,-1356.2806396484375,0.0016929078847169876,0.02408892445866293
4096,31,trace_residue_plus_0_5,3.904850506786072,0.04210681840777397,386.2743688378298,38.13775417989132,38.13775417989132,0.0,0.5,348.1366146579385,348.1366146579385,0.0,696.273229315877,118.87789482514259,-763.5347423423539,67.2615130264769,696.4957275390625,118.95204162597656,67.28471374511719,33.002098083496094,696.4957275390625,118.95204162597656,0.0,0.0776977688074112,-1356.2806396484375,0.08892664313316345,1.265365474480831
4096,31,trace_residue_plus_1_0,7.304613781641699,0.042848072946071625,726.1765708695627,37.22873023855459,37.22873023855465,5.684341886080802e-14,1.0,688.9478406310081,688.9478406310081,0.0,688.9478406310081,116.38247811875794,-754.7034456158143,65.75560498480615,689.1666259765625,116.45463562011719,65.77890014648438,32.25517272949219,689.1666259765625,116.45463562011719,0.0,0.1394549161195755,-1356.2806396484375,0.09172967076301575,1.3052506456945885
4096,32,ordinary_branch,0.4563606930499776,0.03957569599151611,41.67849970584615,41.67849970584615,41.678499705846136,1.4210854715202004e-14,0.0,1.4210854715202004e-14,0.0,1.4210854715202004e-14,724.0679598748684,128.52619007696188,-797.173609560925,73.10564968605661,723.385986328125,128.27197265625,72.9226303100586,39.03239059448242,723.385986328125,128.27197265625,0.0,0.016003817319869995,-1356.2806396484375,0.07027743756771088,1.0
4096,32,cf_branch,0.45636069346050706,0.03957569599151611,41.67849974689909,41.67849974689909,41.67849974689909,0.0,0.0,0.0,0.0,0.0,724.0679602026939,128.5261901892032,-797.1736099566247,73.10564975393072,723.385986328125,128.27197265625,72.9226303100586,39.03239059448242,723.385986328125,128.27197265625,0.0,0.016003817319869995,-1356.2806396484375,0.07027743756771088,1.0
4096,32,schatten_filtered_cf_branch,0.1349299097904111,0.13205215334892273,0.2877756441488373,0.2877756441488373,0.2877756441488373,0.0,0.0,0.0,0.0,0.0,48.552126387134194,1.0536388843441413,-49.10173167246417,0.5496052853299744,47.90989685058594,1.0234218835830688,0.5355415344238281,0.8397941589355469,47.90989685058594,1.0234218835830688,0.0,0.0004604822606779635,-1356.2806396484375,0.12957851588726044,1.8438138949277167
4096,32,trace_residue_minus_0_5,-5.017164320580739,0.0015592689160257578,-501.8723589496765,270.9264159334746,270.9264159334746,0.0,-0.5,-772.798774883151,-772.798774883151,0.0,1545.597549766302,583.2590397011272,-1940.5695537867841,394.972004020482,1545.4105224609375,583.1168212890625,391.9302673339844,200.95152282714844,1545.4105224609375,583.1168212890625,0.0,0.0031552480068057775,-1356.2806396484375,0.0016929078847169876,0.02408892445866293
4096,32,trace_residue_plus_0_5,3.821186157405113,0.043692849576473236,377.749330782864,36.4593571811651,36.4593571811651,0.0,0.5,341.2899736016989,341.2899736016989,0.0,682.5799472033978,114.25295330955355,-747.0556836771987,64.47573647380091,681.91650390625,114.01918029785156,64.3150634765625,34.589630126953125,681.91650390625,114.01918029785156,0.0,0.07604565471410751,-1356.2806396484375,0.08892664313316345,1.265365474480831
4096,32,trace_residue_plus_1_0,7.148015425954789,0.044494446367025375,710.3520979587763,35.52431909784957,35.52431909784963,5.684341886080802e-14,1.0,674.8277788609266,674.8277788609266,0.0,674.8277788609266,111.66488820859811,-737.7481095477768,62.92033068685021,674.177001953125,111.43827819824219,62.76565170288086,33.78547668457031,674.177001953125,111.43827819824219,0.0,0.13674499094486237,-1356.2806396484375,0.09172967076301575,1.3052506456945885
4096,33,ordinary_branch,0.4429632504083594,0.040229346603155136,40.273390380520425,40.273390380520425,40.2733903805204,2.842170943040401e-14,0.0,2.842170943040401e-14,0.0,2.842170943040401e-14,713.2604152858257,124.72088838806644,-784.0540356484341,70.79362036260841,712.8352661132812,124.55730438232422,70.66787719726562,33.34184265136719,712.8352661132812,124.55730438232422,0.0,0.015450632199645042,-1356.2806396484375,0.07027743756771088,1.0
4096,33,cf_branch,0.442963252023813,0.040229346603155136,40.27339054206578,40.27339054206578,40.27339054206578,0.0,0.0,0.0,0.0,0.0,713.2604165375233,124.72088882672998,-784.0540371663278,70.79362062880455,712.8352661132812,124.55730438232422,70.66787719726562,33.34184265136719,712.8352661132812,124.55730438232422,0.0,0.015450630336999893,-1356.2806396484375,0.07027743756771088,1.0
4096,33,schatten_filtered_cf_branch,0.13345532832087703,0.1305723786354065,0.28829496854705416,0.2882949685470564,0.28829496854705416,2.220446049250313e-15,0.0,0.0,0.0,0.0,48.98934602085501,1.0584498051383608,-49.54076241639838,0.5514163955433702,48.37894058227539,0.9753837585449219,0.5026676654815674,0.5297514200210571,48.37894058227539,0.9753837585449219,0.0,0.0004906897665932775,-1356.2806396484375,0.12957851588726044,1.8438138949277167
4096,33,trace_residue_minus_0_5,-5.0168714166207495,0.0015082518802955747,-501.8379668501045,269.93417487472027,269.9341748747204,1.1368683772161603e-13,-0.5,-771.7721417248249,-771.7721417248249,0.0,1543.5442834496498,581.7143422246911,-1937.2782565003397,393.7339730506899,1543.35400390625,581.570068359375,390.71563720703125,190.43618774414062,1543.35400390625,581.570068359375,0.0,0.0034215745981782675,-1356.2806396484375,0.0016929078847169876,0.02408892445866293
4096,33,trace_residue_plus_0_5,3.7395685702332857,0.04461149126291275,369.4957078970373,34.87025347867615,34.87025347867612,2.842170943040401e-14,0.5,334.6254544183612,334.6254544183612,0.0,669.2509088367224,109.8389994265989,-731.0785245540458,61.8276157173234,668.8366088867188,109.68872833251953,61.71914291381836,29.003095626831055,668.8366088867188,109.68872833251953,0.0,0.07446208596229553,-1356.2806396484375,0.08892664313316345,1.265365474480831
4096,33,trace_residue_plus_1_0,6.995299880435457,0.045461785048246384,694.9838095387211,33.91110252642534,33.91110252642528,5.684341886080802e-14,1.0,661.0727070122957,661.0727070122957,0.0,661.0727070122957,107.16288879341715,-721.2984091021124,60.22570208981665,660.6669921875,107.01763916015625,60.12179183959961,28.224287033081055,660.6669921875,107.01763916015625,0.0,0.13411939144134521,-1356.2806396484375,0.09172967076301575,1.3052506456945885
4096,34,ordinary_branch,0.43067591439137004,0.04122446849942207,38.9451445891948,38.9451445891948,38.945144589194825,2.842170943040401e-14,0.0,-2.842170943040401e-14,0.0,2.842170943040401e-14,702.8254006654024,121.10089664984338,-771.4265270053281,68.60112633992571,702.49951171875,120.98699951171875,68.51033020019531,32.855690002441406,702.49951171875,120.98699951171875,0.0,0.014918402768671513,-1356.2806396484375,0.07027743756771088,1.0
4096,34,cf_branch,0.43067591236247127,0.041224464774131775,38.94514475883395,38.945144758833976,38.94514475883395,2.842170943040401e-14,0.0,0.0,0.0,0.0,702.8254020363092,121.10089711597446,-771.42652865741,68.60112662110078,702.49951171875,120.98700714111328,68.51033020019531,32.855690002441406,702.49951171875,120.98700714111328,0.0,0.014918400906026363,-1356.2806396484375,0.07027743756771088,1.0
4096,34,schatten_filtered_cf_branch,0.13350230451945638,0.13061287999153137,0.28894245279250197,0.28894245279250086,0.28894245279250197,1.1102230246251565e-15,0.0,0.0,0.0,0.0,49.42273756908253,1.0635689281066347,-49.976163195606055,0.5534256265235271,49.31005859375,1.1327449083328247,0.5976841449737549,0.1813875436782837,49.31005859375,1.1327449083328247,0.0,0.0004968942375853658,-1356.2806396484375,0.12957851588726044,1.8438138949277167
4096,34,trace_residue_minus_0_5,-5.016676811491102,0.0014354393351823092,-501.8112250826284,269.37560329223425,269.37560329223425,0.0,-0.5,-771.1868283748627,-771.1868283748627,0.0,1542.3736567497253,580.8386622688856,-1935.4082399371123,393.03458318738694,1542.1754150390625,580.6882934570312,390.02508544921875,191.81582641601562,1542.1754150390625,580.6882934570312,0.0,0.003613275708630681,-1356.2806396484375,0.0016929078847169876,0.02408892445866293
4096,34,trace_residue_plus_0_5,3.6609686303601894,0.04592867195606232,361.5039958404127,33.365241517287814,33.365241517287835,2.1316282072803006e-14,0.5,328.1387543231249,328.1387543231249,0.0,656.2775086462498,105.62616254914764,-715.5874071711346,59.30989852488483,655.96337890625,105.52377319335938,59.23445510864258,28.312814712524414,655.96337890625,105.52377319335938,0.0,0.07291543483734131,-1356.2806396484375,0.08892664313316345,1.265365474480831
4096,34,trace_residue_plus_1_0,6.847427758992487,0.04683662950992584,680.0591129482561,32.383885797935136,32.38388579793513,7.105427357601002e-15,1.0,647.675227150321,647.675227150321,0.0,647.675227150321,102.8667864660616,-705.3397529441002,57.66452579377915,647.3682861328125,102.76808166503906,57.592567443847656,27.507678985595703,647.3682861328125,102.76808166503906,0.0,0.13154631853103638,-1356.2806396484375,0.09172967076301575,1.3052506456945885
4096,35,ordinary_branch,0.41915865045286527,0.0422709658741951,37.68876845786701,37.68876845786701,37.68876845786707,5.684341886080802e-14,0.0,-5.684341886080802e-14,0.0,5.684341886080802e-14,692.7491732239723,117.6558458951057,-759.2701017405755,66.52092851660313,692.7318725585938,117.64535522460938,66.49351501464844,31.800010681152344,692.7318725585938,117.64535522460938,0.0,0.014411316253244877,-1356.2806396484375,0.07027743756771088,1.0
4096,35,cf_branch,0.41915865981864076,0.042270973324775696,37.6887686493865,37.688768649386475,37.6887686493865,2.842170943040401e-14,0.0,0.0,0.0,0.0,692.7491748631,117.65584643077055,-759.2701036999987,66.52092883689863,692.7318725585938,117.64535522460938,66.49351501464844,31.800010681152344,692.7318725585938,117.64535522460938,0.0,0.014411317184567451,-1356.2806396484375,0.07027743756771088,1.0
4096,35,schatten_filtered_cf_branch,0.13348309137173683,0.13058629631996155,0.28967950517752805,0.2896795051775314,0.28967950517752805,3.3306690738754696e-15,0.0,0.0,0.0,0.0,49.851000958587974,1.0688713856705288,-50.40656502974784,0.5555640711598642,49.72510528564453,1.0314154624938965,0.5334964394569397,0.2581155598163605,49.72510528564453,1.0314154624938965,0.0,0.00045256412704475224,-1356.2806396484375,0.12957851588726044,1.8438138949277167
4096,35,trace_residue_minus_0_5,-5.016526798827012,0.0014293560525402427,-501.7956154879553,269.2218278262395,269.2218278262394,1.1368683772161603e-13,-0.5,-771.0174433141947,-771.0174433141947,0.0,1542.0348866283894,580.5907581973279,-1934.874184168117,392.83929753972757,1542.0572509765625,580.6078491210938,389.9654235839844,191.6660614013672,1542.0572509765625,580.6078491210938,0.0,0.003717451123520732,-1356.2806396484375,0.0016929078847169876,0.02408892445866293
4096,35,trace_residue_plus_0_5,3.5849528658988357,0.04730222746729851,353.7650638431537,31.93943901213288,31.939439012132908,2.842170943040401e-14,0.5,321.82562483102083,321.82562483102083,0.0,643.6512496620417,101.60500345032519,-700.5669684008747,56.91571873883299,643.6357421875,101.5957260131836,56.89650344848633,27.104135513305664,643.6357421875,101.5957260131836,0.0,0.07141491770744324,-1356.2806396484375,0.08892664313316345,1.265365474480831
4096,35,trace_residue_plus_1_0,6.703926066990971,0.04826943576335907,665.5656631227612,30.937771820652472,30.937771820652458,1.4210854715202004e-14,1.0,634.6278913021088,634.6278913021088,0.0,634.6278913021088,98.76725011580231,-689.8578466393521,55.22995533724338,634.6131591796875,98.75849151611328,55.21221923828125,26.280487060546875,634.6131591796875,98.75849151611328,0.0,0.12903590500354767,-1356.2806396484375,0.09172967076301575,1.3052506456945885
4096,36,ordinary_branch,0.40829590989092823,0.04329988360404968,36.49960262868785,36.49960262868785,36.499602628687796,5.684341886080802e-14,0.0,5.684341886080802e-14,0.0,5.684341886080802e-14,683.0181246995926,114.37589357951941,-747.5643425006206,64.54621780102798,683.0775146484375,114.38800048828125,64.53348541259766,32.10054397583008,683.0775146484375,114.38800048828125,0.0,0.013932367786765099,-1356.2806396484375,0.07027743756771088,1.0
4096,36,cf_branch,0.40829591144852145,0.04329988360404968,36.49960278444718,36.499602784447234,36.49960278444718,5.684341886080802e-14,0.0,0.0,0.0,0.0,683.0181259810925,114.37589400918526,-747.5643440407739,64.54621805968145,683.0775146484375,114.38800048828125,64.53348541259766,32.10051345825195,683.0775146484375,114.38800048828125,0.0,0.013932366855442524,-1356.2806396484375,0.07027743756771088,1.0
4096,36,schatten_filtered_cf_branch,0.13382545190673253,0.13092005252838135,0.290539937835119,0.29053993783512055,0.290539937835119,1.5543122344752192e-15,0.0,0.0,0.0,0.0,50.27574059506878,1.074485059106795,-50.83363830275725,0.5578977076884684,50.17053985595703,1.0372430086135864,0.536835253238678,0.0942862331867218,50.17053985595703,1.0372430086135864,0.0,0.0004841370973736048,-1356.2806396484375,0.12957851588726044,1.8438138949277167
4096,36,trace_residue_minus_0_5,-5.016566908705872,0.0013585929991677403,-501.792550170504,269.4372764735589,269.437276473559,1.1368683772161603e-13,-0.5,-771.229826644063,-771.229826644063,0.0,1542.459653288126,580.9174256070287,-1935.5642563506647,393.1046030625387,1542.58251953125,581.0101318359375,390.28436279296875,195.08407592773438,1542.58251953125,581.0101318359375,0.0,0.003725583665072918,-1356.2806396484375,0.0016929078847169876,0.02408892445866293
4096,36,trace_residue_plus_0_5,3.5113770664568675,0.04867677018046379,346.2700296276404,30.588249326605933,30.58824932660592,1.4210854715202004e-14,0.5,315.68178030103445,315.68178030103445,0.0,631.3635606020689,97.76645472730148,-686.0021124536286,54.63855185155967,631.4200439453125,97.77641296386719,54.63166046142578,27.154300689697266,631.4200439453125,97.77641296386719,0.0,0.0699588730931282,-1356.2806396484375,0.08892664313316345,1.265365474480831
4096,36,trace_residue_plus_1_0,6.564617168371761,0.049704693257808685,651.4912475113953,29.568137309440488,29.568137309440445,4.263256414560601e-14,1.0,621.9231102019548,621.9231102019548,0.0,621.9231102019548,94.85528037538819,-674.838573914417,52.915463712462156,621.9782104492188,94.86494445800781,52.909523010253906,26.297565460205078,621.9782104492188,94.86494445800781,0.0,0.12658624351024628,-1356.2806396484375,0.09172967076301575,1.3052506456945885
4096,37,ordinary_branch,0.39831229620529374,0.04457917809486389,35.37331181104298,35.37331181104298,35.37331181104295,2.842170943040401e-14,0.0,2.842170943040401e-14,0.0,2.842170943040401e-14,673.6190755665302,111.25175778160853,-736.2896936347504,62.670618068220165,672.9965209960938,111.04182434082031,62.52741622924805,32.03540802001953,672.9965209960938,111.04182434082031,0.0,0.013467221520841122,-1356.2806396484375,0.07027743756771088,1.0
4096,37,cf_branch,0.39831229915016764,0.04457917809486389,35.373312105530374,35.37331210553032,35.373312105530374,5.684341886080802e-14,0.0,0.0,0.0,0.0,673.6190780699253,111.2517586022154,-736.2896966296671,62.6706185597418,672.9965209960938,111.04182434082031,62.52741241455078,32.035404205322266,672.9965209960938,111.04182434082031,0.0,0.013467221520841122,-1356.2806396484375,0.07027743756771088,1.0
4096,37,schatten_filtered_cf_branch,0.1342368593573051,0.13132205605506897,0.2914803302236111,0.29148033022360664,0.2914803302236111,4.440892098500626e-15,0.0,0.0,0.0,0.0,50.69584167469293,1.080273104782942,-51.25619159012146,0.5603499154285316,50.327430725097656,1.0930702686309814,0.5687221884727478,0.7726976871490479,50.327430725097656,1.0930702686309814,0.0,0.00042055771336890757,-1356.2806396484375,0.12957851588726044,1.8438138949277167
4096,37,trace_residue_minus_0_5,-5.016559718332732,0.0014569828053936362,-501.8016701138125,269.9770905280009,269.97709052800076,1.1368683772161603e-13,-0.5,-771.7787606418133,-771.7787606418133,0.0,1543.5575212836266,581.7498079070351,-1937.3324416574646,393.7749203738381,1543.2921142578125,581.5488891601562,390.7095031738281,196.0678253173828,1543.2921142578125,581.5488891601562,0.0,0.003646190743893385,-1356.2806396484375,0.0016929078847169876,0.02408892445866293
4096,37,trace_residue_plus_0_5,3.44041728644716,0.0503145195543766,339.0102766892783,29.307343780147278,29.307343780147292,1.4210854715202004e-14,0.5,309.70293290913105,309.70293290913105,0.0,619.4058658182621,94.10181681133497,-671.8780662526616,52.4722004343995,618.8114013671875,93.91743469238281,52.35292053222656,26.90668487548828,618.8114013671875,93.91743469238281,0.0,0.06854124367237091,-1356.2806396484375,0.08892664313316345,1.265365474480831
4096,37,trace_residue_plus_1_0,6.4296468476822,0.05140867084264755,637.8238176839552,28.270617215534173,28.270617215534173,0.0,1.0,609.553200468421,609.553200468421,0.0,609.553200468421,91.1222075364089,-660.2680316196394,50.71483115121839,608.9752197265625,90.94584655761719,50.601585388183594,26.013256072998047,608.9752197265625,90.94584655761719,0.0,0.12419240176677704,-1356.2806396484375,0.09172967076301575,1.3052506456945885
4096,38,ordinary_branch,0.38815965417916687,0.04510096460580826,34.30586895733586,34.30586895733586,34.30586895733589,2.842170943040401e-14,0.0,-2.842170943040401e-14,0.0,2.842170943040401e-14,664.5390518903732,108.27467512648926,-725.4272127872389,60.88816089686566,664.241943359375,108.17152404785156,60.809940338134766,28.887025833129883,664.241943359375,108.17152404785156,0.0,0.013050343841314316,-1356.2806396484375,0.07027743756771088,1.0
4096,38,cf_branch,0.388159657275028,0.04510096460580826,34.305869266921974,34.305869266921945,34.305869266921974,2.842170943040401e-14,0.0,0.0,0.0,0.0,664.5390545725822,108.27467599415127,-725.4272159876763,60.88816141509403,664.241943359375,108.17152404785156,60.809940338134766,28.887025833129883,664.241943359375,108.17152404785156,0.0,0.013050343841314316,-1356.2806396484375,0.07027743756771088,1.0
4096,38,schatten_filtered_cf_branch,0.13322234525549936,0.13029655814170837,0.29257871137909963,0.2925787113791003,0.29257871137909963,6.661338147750939e-16,0.0,0.0,0.0,0.0,51.11441224766895,1.0865174107404652,-51.67748126249177,0.5630690148228155,50.829559326171875,1.0667340755462646,0.5523114204406738,0.3108656406402588,50.829559326171875,1.0667340755462646,0.0,0.0004334651166573167,-1356.2806396484375,0.12957851588726044,1.8438138949277167
4096,38,trace_residue_minus_0_5,-5.016833932119191,0.0013778985012322664,-501.82118306204234,270.7946052636248,270.79460526362504,2.2737367544323206e-13,-0.5,-772.6157883256674,-772.6157883256674,0.0,1545.2315766513348,583.0151104835675,-1940.0235420568943,394.7919654055595,1545.084716796875,582.9039306640625,391.77655029296875,191.98843383789062,1545.084716796875,582.9039306640625,0.0,0.0034871536772698164,-1356.2806396484375,0.0016929078847169876,0.02408892445866293
4096,38,trace_residue_plus_0_5,3.3709075628171496,0.05113300308585167,331.9774559731298,28.092657424014135,28.09265742401412,1.4210854715202004e-14,0.5,303.88479854911566,303.88479854911566,0.0,607.7695970982313,90.60276976825887,-658.1803922872693,50.410795189038026,607.4838256835938,90.5116958618164,50.34738540649414,23.793291091918945,607.4838256835938,90.5116958618164,0.0,0.06718536466360092,-1356.2806396484375,0.08892664313316345,1.265365474480831
4096,38,trace_residue_plus_1_0,6.297792237505169,0.0522770956158638,624.5515141889305,27.0410992309304,27.041099230930342,5.684341886080802e-14,1.0,597.5104149580002,597.5104149580002,0.0,597.5104149580002,87.55970407337233,-646.1325603826688,48.62214542466859,597.2327880859375,87.47279357910156,48.56231689453125,22.921722412109375,597.2327880859375,87.47279357910156,0.0,0.12187673896551132,-1356.2806396484375,0.09172967076301575,1.3052506456945885
4096,39,ordinary_branch,0.3792224423672718,0.04628808796405792,33.29343544032139,33.29343544032139,33.29343544032143,4.263256414560601e-14,0.0,-4.263256414560601e-14,0.0,4.263256414560601e-14,655.7648789286613,105.43615165582779,-714.9579912164586,59.19311228779725,655.8658447265625,105.46861267089844,59.19804382324219,30.384361267089844,655.8658447265625,105.46861267089844,0.0,0.01263493299484253,-1356.2806396484375,0.07027743756771088,1.0
4096,39,cf_branch,0.3792224454167136,0.04628808796405792,33.29343574526557,33.293435745265526,33.29343574526557,4.263256414560601e-14,0.0,0.0,0.0,0.0,655.764881581068,105.43615251113094,-714.9579943795081,59.1931127984401,655.8657836914062,105.46861267089844,59.19804382324219,30.38439178466797,655.8657836914062,105.46861267089844,0.0,0.012634932063519955,-1356.2806396484375,0.07027743756771088,1.0
4096,39,schatten_filtered_cf_branch,0.1340551929214501,0.13111761212348938,0.29375807979607105,0.2937580797960706,0.29375807979607105,4.440892098500626e-16,0.0,0.0,0.0,0.0,51.5283925505355,1.0929509775615402,-52.09430459185739,0.5659120413218872,51.708831787109375,1.1273484230041504,0.5861746072769165,0.16378813982009888,51.708831787109375,1.1273484230041504,0.0,0.0004222069983370602,-1356.2806396484375,0.12957851588726044,1.8438138949277167
4096,39,trace_residue_minus_0_5,-5.017092690159646,0.0013913854490965605,-501.8484075608742,271.8338000682104,271.8338000682104,0.0,-0.5,-773.6822076290846,-773.6822076290846,0.0,1547.3644152581692,584.6255179697393,-1943.4500145313382,396.085599273169,1547.447509765625,584.6887817382812,393.1814270019531,198.7289581298828,1547.447509765625,584.6887817382812,0.0,0.003257166128605604,-1356.2806396484375,0.0016929078847169876,0.02408892445866293
4096,39,trace_residue_plus_0_5,3.3043395849368413,0.052706070244312286,325.1633514692529,26.94033842584929,26.940338425849262,2.842170943040401e-14,0.5,298.2230130434036,298.2230130434036,0.0,596.4460260868073,87.26127783705189,-644.8947512785364,48.44872519172918,596.5394287109375,87.28875732421875,48.45674514770508,24.936960220336914,596.5394287109375,87.28875732421875,0.0,0.06585168838500977,-1356.2806396484375,0.08892664313316345,1.265365474480831
4096,39,trace_residue_plus_1_0,6.17054238444231,0.053917065262794495,611.6625319179516,25.875688692591723,25.875688692591694,2.842170943040401e-14,1.0,585.7868432253599,585.7868432253599,0.0,585.7868432253599,84.15972604675193,-632.4185992995076,46.63175607414769,585.877197265625,84.18580627441406,46.63978958129883,24.017709732055664,585.877197265625,84.18580627441406,0.0,0.11960061639547348,-1356.2806396484375,0.09172967076301575,1.3052506456945885
4096,40,ordinary_branch,0.37053297538750996,0.04720763862133026,32.33253367661797,32.33253367661797,32.33253367661797,0.0,0.0,0.0,0.0,0.0,647.2845553904772,102.72844107909006,-704.8648156382537,57.58026024777655,646.921875,102.60417175292969,57.491943359375,29.93585205078125,646.921875,102.60417175292969,0.0,0.012246567755937576,-1356.2806396484375,0.07027743756771088,1.0
4096,40,cf_branch,0.37053297960889564,0.04720763862133026,32.33253409875654,32.33253409875647,32.33253409875654,7.105427357601002e-14,0.0,0.0,0.0,0.0,647.2845592051744,102.72844227606087,-704.864820163715,57.58026095854052,646.921875,102.60417175292969,57.491943359375,29.93585205078125,646.921875,102.60417175292969,0.0,0.012246565893292427,-1356.2806396484375,0.07027743756771088,1.0
4096,40,schatten_filtered_cf_branch,0.13407057202072273,0.13112080097198486,0.2949771048737865,0.2949771048737837,0.2949771048737865,2.7755575615628914e-15,0.0,0.0,0.0,0.0,51.936280752532184,1.0994287688259652,-52.50508258857163,0.568801836039448,51.607261657714844,1.0834202766418457,0.5603872537612915,0.3966105580329895,51.607261657714844,1.0834202766418457,0.0,0.0004100325459148735,-1356.2806396484375,0.12957851588726044,1.8438138949277167
4096,40,trace_residue_minus_0_5,-5.017375807103616,0.0014259298332035542,-501.88017369368197,273.0376308455218,273.0376308455217,1.1368683772161603e-13,-0.5,-774.9178045392036,-774.9178045392036,0.0,1549.8356090784073,586.4912511101784,-1947.4198669413213,397.584257862914,1549.8143310546875,586.4752197265625,394.5870361328125,199.954833984375,1549.8143310546875,586.4752197265625,0.0,0.002972609596326947,-1356.2806396484375,0.0016929078847169876,0.02408892445866293
4096,40,trace_residue_plus_0_5,3.239578013579079,0.05397653579711914,318.560147778196,25.846790746850672,25.8467907468506,7.105427357601002e-14,0.5,292.71335703134537,292.71335703134537,0.0,585.4267140626907,84.06973126717529,-632.0074307973856,46.580716734694875,585.08251953125,83.96255493164062,46.50999069213867,24.333059310913086,585.08251953125,83.96255493164062,0.0,0.06456488370895386,-1356.2806396484375,0.08892664313316345,1.265365474480831
4096,40,trace_residue_plus_1_0,6.046702191678257,0.05524791032075882,599.1454281357499,24.770729958769834,24.77072995876985,1.4210854715202004e-14,1.0,574.37469817698,574.37469817698,0.0,574.37469817698,80.91459897924875,-619.1130169771161,44.738318800136085,574.0419921875,80.81306457519531,44.67197799682617,23.39259910583496,574.0419921875,80.81306457519531,0.0,0.11738868802785873,-1356.2806396484375,0.09172967076301575,1.3052506456945885
4096,41,ordinary_branch,0.36260842032514634,0.048409603536129,31.41988167890173,31.41988167890173,31.419881678901703,2.842170943040401e-14,0.0,2.842170943040401e-14,0.0,2.842170943040401e-14,639.0860105156898,100.14411327053801,-695.1306586724551,56.04464815676522,639.0611572265625,100.13862609863281,56.029296875,30.754730224609375,639.0611572265625,100.13862609863281,0.0,0.011868792586028576,-1356.2806396484375,0.07027743756771088,1.0
4096,41,cf_branch,0.362608424222737,0.048409603536129,31.419882068660797,31.41988206866074,31.419882068660797,5.684341886080802e-14,0.0,0.0,0.0,0.0,639.0860140025616,100.14411437188605,-695.1306628144118,56.044648811850266,639.0611572265625,100.13862609863281,56.029296875,30.754730224609375,639.0611572265625,100.13862609863281,0.0,0.011868791654706001,-1356.2806396484375,0.07027743756771088,1.0
4096,41,schatten_filtered_cf_branch,0.13479066015790472,0.131828173995018,0.2962486162886724,0.29624861628867194,0.2962486162886724,4.440892098500626e-16,0.0,0.0,0.0,0.0,52.33868350973353,1.106004727405828,-52.910448509512975,0.5717649997794467,52.36505889892578,1.1141507625579834,0.5763413310050964,0.5003308057785034,52.36505889892578,1.1141507625579834,0.0,0.00039453699719160795,-1356.2806396484375,0.12957851588726044,1.8438138949277167
4096,41,trace_residue_minus_0_5,-5.01764718121664,0.0014850356383249164,-501.9132216854965,274.35242448905365,274.35242448905353,1.1368683772161603e-13,-0.5,-776.26564617455,-776.26564617455,0.0,1552.5312923491,588.527603957026,-1951.7518048218867,399.2205124727866,1552.4320068359375,588.451416015625,396.14215087890625,204.73080444335938,1552.4320068359375,588.451416015625,0.0,0.002653657691553235,-1356.2806396484375,0.0016929078847169876,0.02408892445866293
4096,41,trace_residue_plus_0_5,3.1771728649591013,0.05557069927453995,312.1602165684561,24.808623990462195,24.808623990462223,2.842170943040401e-14,0.5,287.35159257799387,287.35159257799387,0.0,574.7031851559877,81.02083198008168,-619.504943134203,44.80175797821528,574.6810302734375,81.01663208007812,44.79302215576172,24.86141586303711,574.6810302734375,81.01663208007812,0.0,0.06330844759941101,-1356.2806396484375,0.08892664313316345,1.265365474480831
4096,41,trace_residue_plus_1_0,5.926799304481367,0.056910283863544464,586.9889020617823,23.72277288099326,23.722772880993254,7.105427357601002e-15,1.0,563.266129180789,563.266129180789,0.0,563.266129180789,77.8169501009143,-606.2028771413959,42.93674796060691,563.2447509765625,77.81294250488281,42.92888641357422,23.880428314208984,563.2447509765625,77.81294250488281,0.0,0.11522454023361206,-1356.2806396484375,0.09172967076301575,1.3052506456945885
4096,42,ordinary_branch,0.35431188230708927,0.04878729581832886,30.55245864887604,30.55245864887604,30.552458648876062,2.1316282072803006e-14,0.0,-2.1316282072803006e-14,0.0,2.1316282072803006e-14,631.157841578126,97.67626524015024,-685.7395347605013,54.581693182375375,631.3082275390625,97.7332763671875,54.60535430908203,26.802371978759766,631.3082275390625,97.7332763671875,0.0,0.011530967429280281,-1356.2806396484375,0.07027743756771088,1.0
4096,42,cf_branch,0.3543118856323546,0.04878729581832886,30.552458981402573,30.552458981402538,30.552458981402573,3.552713678800501e-14,0.0,0.0,0.0,0.0,631.1578446775675,97.6762661910773,-685.739538422213,54.58169374464546,631.3082275390625,97.7332763671875,54.60535430908203,26.802371978759766,631.3082275390625,97.7332763671875,0.0,0.011530966497957706,-1356.2806396484375,0.07027743756771088,1.0
4096,42,schatten_filtered_cf_branch,0.13346695423677388,0.13049094378948212,0.29760104472917526,0.2976010447291735,0.29760104472917526,1.7763568394002505e-15,0.0,0.0,0.0,0.0,52.73714582296088,1.112788613849776,-53.31200344449679,0.5748576215359051,52.88581466674805,1.1346725225448608,0.5872178673744202,0.17489555478096008,52.88581466674805,1.1346725225448608,0.0,0.0003850260691251606,-1356.2806396484375,0.12957851588726044,1.8438138949277167
4096,42,trace_residue_minus_0_5,-5.01796567509826,0.001481338171288371,-501.9447013269548,275.7243195493336,275.7243195493336,0.0,-0.5,-777.6690208762884,-777.6690208762884,0.0,1555.3380417525768,590.6499183185115,-1956.2648776266537,400.9268358740769,1555.3115234375,590.6298217773438,397.858154296875,197.86151123046875,1555.3115234375,590.6298217773438,0.0,0.0023190383799374104,-1356.2806396484375,0.0016929078847169876,0.02408892445866293
4096,42,trace_residue_plus_0_5,3.1157920779832673,0.05622980371117592,305.9562274272091,23.82265995987717,23.822659959877214,4.263256414560601e-14,0.5,282.1335674673319,282.1335674673319,0.0,564.2671349346638,78.10763938477385,-607.3742536751325,43.10711874046876,564.4131469726562,78.15756225585938,43.13138198852539,21.112749099731445,564.4131469726562,78.15756225585938,0.0,0.06210952624678612,-1356.2806396484375,0.08892664313316345,1.265365474480831
4096,42,trace_residue_plus_1_0,5.809434664530665,0.05761535465717316,575.1819309873491,22.728572545757856,22.728572545757856,0.0,1.0,552.4533584415913,552.4533584415913,0.0,552.4533584415913,74.85973464351153,-593.6755833040363,41.222224862445046,552.5941162109375,74.90667724609375,41.24528121948242,20.179861068725586,552.5941162109375,74.90667724609375,0.0,0.11313503980636597,-1356.2806396484375,0.09172967076301575,1.3052506456945885
4096,43,ordinary_branch,0.3469998030692966,0.04972629249095917,29.727351057833744,29.727351057833744,29.727351057833744,0.0,0.0,0.0,0.0,0.0,623.4881291687489,95.31811394233006,-676.6750654806879,53.18693631193901,623.7532348632812,95.39425659179688,53.220497131347656,26.885547637939453,623.7532348632812,95.39425659179688,0.0,0.011194981634616852,-1356.2806396484375,0.07027743756771088,1.0
4096,43,cf_branch,0.3469998038858334,0.04972628876566887,29.727351512016455,29.727351512016412,29.727351512016455,4.263256414560601e-14,0.0,0.0,0.0,0.0,623.488133430481,95.31811524363097,-676.6750705111406,53.18693708065962,623.7532348632812,95.3942642211914,53.22049331665039,26.88554573059082,623.7532348632812,95.3942642211914,0.0,0.011194980703294277,-1356.2806396484375,0.07027743756771088,1.0
4096,43,schatten_filtered_cf_branch,0.13371763058820188,0.13072755932807922,0.299007126012267,0.29900712601226687,0.299007126012267,1.1102230246251565e-16,0.0,0.0,0.0,0.0,53.130261751357466,1.1196859136637283,-53.70829089040402,0.5780291390465564,53.34208297729492,1.103020191192627,0.5672124624252319,0.19319218397140503,53.34208297729492,1.103020191192627,0.0,0.0003737867227755487,-1356.2806396484375,0.12957851588726044,1.8438138949277167
4096,43,trace_residue_minus_0_5,-5.018195755991724,0.0015280155930668116,-501.97237715847905,277.10199780039375,277.10199780039375,0.0,-0.5,-779.0743749588728,-779.0743749588728,0.0,1558.1487499177456,592.7779240206758,-1960.7877951829682,402.63904526522265,1558.2960205078125,592.890380859375,399.6401062011719,200.7798309326172,1558.2960205078125,592.890380859375,0.0,0.001983869820833206,-1356.2806396484375,0.0016929078847169876,0.02408892445866293
4096,43,trace_residue_plus_0_5,3.0569483161076647,0.05753878504037857,299.9409531067286,22.885888316777766,22.885888316777766,0.0,0.5,277.05506478995085,277.05506478995085,0.0,554.1101295799017,75.32346649887498,-595.6024124892467,41.49228290934502,554.356689453125,75.38595581054688,41.522640228271484,20.998594284057617,554.356689453125,75.38595581054688,0.0,0.06093129888176918,-1356.2806396484375,0.08892664313316345,1.265365474480831
4096,43,trace_residue_plus_1_0,5.696121744128232,0.05898602306842804,563.7135721059803,21.78505976370616,21.785059763706116,4.263256414560601e-14,1.0,541.9285123422742,541.9285123422742,0.0,541.9285123422742,72.03617444390756,-581.5186676398091,39.59015529753492,542.1659545898438,72.09510040283203,39.619083404541016,20.043764114379883,542.1659545898438,72.09510040283203,0.0,0.11108358949422836,-1356.2806396484375,0.09172967076301575,1.3052506456945885
4096,44,ordinary_branch,0.34013663755126916,0.05071737617254257,28.941926137872656,28.941926137872656,28.941926137872684,2.842170943040401e-14,0.0,-2.842170943040401e-14,0.0,2.842170943040401e-14,616.066119492054,93.06350505854346,-667.9224592656481,51.85633977359407,615.8505859375,92.99385833740234,51.805023193359375,27.865524291992188,615.8505859375,92.99385833740234,0.0,0.010873883031308651,-1356.2806396484375,0.07027743756771088,1.0
4096,44,cf_branch,0.34013664222626716,0.05071737617254257,28.94192660537246,28.941926605372487,28.94192660537246,2.842170943040401e-14,0.0,0.0,0.0,0.0,616.0661239326,93.06350640098452,-667.9224644982778,51.85634056567778,615.8505859375,92.99385833740234,51.805023193359375,27.865524291992188,615.8505859375,92.99385833740234,0.0,0.010873883031308651,-1356.2806396484375,0.07027743756771088,1.0
4096,44,schatten_filtered_cf_branch,0.1342103808180074,0.13120564818382263,0.300473263418477,0.3004732634184748,0.300473263418477,2.220446049250313e-15,0.0,0.0,0.0,0.0,53.51858572708443,1.1267264002461799,-54.0998793517978,0.5812936247133749,53.40511703491211,1.15245521068573,0.5977335572242737,0.4070897400379181,53.40511703491211,1.15245521068573,0.0,0.0003524688654579222,-1356.2806396484375,0.12957851588726044,1.8438138949277167
4096,44,trace_residue_minus_0_5,-5.018393865682985,0.0015541004249826074,-501.99479661079675,278.4384457251185,278.4384457251188,2.8421709430404007e-13,-0.5,-780.4332423359156,-780.4332423359156,0.0,1560.8664846718311,594.8385723192055,-1965.1650217454662,404.2985370736351,1560.8779296875,594.846923828125,401.1827697753906,205.56019592285156,1560.8779296875,594.846923828125,0.0,0.0016827963991090655,-1356.2806396484375,0.0016929078847169876,0.02408892445866293
4096,44,trace_residue_plus_0_5,2.999992157915418,0.0589168481528759,294.10753097625417,21.99549945684123,21.995499456841188,4.263256414560601e-14,0.5,272.112031519413,272.112031519413,0.0,544.224063038826,72.66199744625823,-584.1770745041815,39.95301146535553,544.0225830078125,72.60430908203125,39.91474914550781,21.689796447753906,544.0225830078125,72.60430908203125,0.0,0.059785839170217514,-1356.2806396484375,0.08892664313316345,1.265365474480831
4096,44,trace_residue_plus_1_0,5.586160152338627,0.060427598655223846,552.5732553683403,20.88935600297475,20.88935600297478,2.842170943040401e-14,1.0,531.6838993653655,531.6838993653655,0.0,531.6838993653655,69.33982414305302,-569.7201016321806,38.03620226681505,531.49072265625,69.28584289550781,38.0008544921875,20.692779541015625,531.49072265625,69.28584289550781,0.0,0.10908211022615433,-1356.2806396484375,0.09172967076301575,1.3052506456945885
4096,45,ordinary_branch,0.3325804038165785,0.05064300075173378,28.19374030648447,28.19374030648447,28.19374030648447,0.0,0.0,0.0,0.0,0.0,608.8815472275019,90.90667471554178,-659.4676867665579,50.586139539056035,609.0731811523438,90.96574401855469,50.6118049621582,21.011072158813477,609.0731811523438,90.96574401855469,0.0,0.01059195026755333,-1356.2806396484375,0.07027743756771088,1.0
4096,45,cf_branch,0.3325804092446078,0.05064300075173378,28.1937408492874,28.19374084928745,28.1937408492874,4.973799150320701e-14,0.0,0.0,0.0,0.0,608.8815525025129,90.90667628428581,-659.4676929642335,50.58614046172056,609.0731811523438,90.96575164794922,50.6118049621582,21.011072158813477,609.0731811523438,90.96575164794922,0.0,0.01059194840490818,-1356.2806396484375,0.07027743756771088,1.0
4096,45,schatten_filtered_cf_branch,0.13174906739527192,0.12872959673404694,0.30194706612249766,0.3019470661224979,0.30194706612249766,2.220446049250313e-16,0.0,0.0,0.0,0.0,53.90012259921059,1.1337206622855271,-54.48467417265323,0.5845515734426385,53.9821891784668,1.1239367723464966,0.5785893797874451,-0.02020123600959778,53.9821891784668,1.1239367723464966,0.0,0.0003354455984663218,-1356.2806396484375,0.12957851588726044,1.8438138949277167
4096,45,trace_residue_minus_0_5,-5.018507234287186,0.0016066933749243617,-502.01139276621103,279.6886532664562,279.68865326645613,5.684341886080802e-14,-0.5,-781.7000460326672,-781.7000460326672,0.0,1563.4000920653343,596.7626095221053,-1969.249571155639,405.8494790903046,1563.44921875,596.800048828125,402.72454833984375,190.28598022460938,1563.44921875,596.800048828125,0.0,0.001447897288016975,-1356.2806396484375,0.0016929078847169876,0.02408892445866293
4096,45,trace_residue_plus_0_5,2.9435318541957565,0.05903831869363785,288.44935355021187,21.148855832056427,21.14885583205647,4.263256414560601e-14,0.5,267.3004977181554,267.3004977181554,0.0,534.6009954363108,70.11722478990342,-573.0862955825231,38.48530014621235,534.7798461914062,70.1656494140625,38.50907516479492,15.485280990600586,534.7798461914062,70.1656494140625,0.0,0.05869896337389946,-1356.2806396484375,0.08892664313316345,1.265365474480831
4096,45,trace_residue_plus_1_0,5.478086193091494,0.060579486191272736,541.7506706900222,20.03875263401096,20.038752634010976,1.4210854715202004e-14,1.0,521.7119180560112,521.7119180560112,0.0,521.7119180560112,66.76453148751457,-558.2681752133503,36.55625715733913,521.8831787109375,66.80974578857422,36.578678131103516,14.610841751098633,521.8831787109375,66.80974578857422,0.0,0.10715633630752563,-1356.2806396484375,0.09172967076301575,1.3052506456945885
4096,46,ordinary_branch,0.3276691300208938,0.05286523699760437,27.480389302328945,27.480389302328945,27.48038930232886,8.526512829121202e-14,0.0,8.526512829121202e-14,0.0,8.526512829121202e-14,601.9231709688902,88.84182131240436,-651.2957632643981,49.37259229550796,601.5857543945312,88.73469543457031,49.300289154052734,29.512327194213867,601.5857543945312,88.73469543457031,0.0,0.01026827935129404,-1356.2806396484375,0.07027743756771088,1.0
4096,46,cf_branch,0.3276691383907952,0.05286524072289467,27.480389766790054,27.48038976679004,27.480389766790054,1.4210854715202004e-14,0.0,0.0,0.0,0.0,601.9231754392385,88.841822650979,-651.2957685231363,49.372593083897755,601.5857543945312,88.73469543457031,49.300289154052734,29.512327194213867,601.5857543945312,88.73469543457031,0.0,0.01026827935129404,-1356.2806396484375,0.07027743756771088,1.0
4096,46,schatten_filtered_cf_branch,0.13545835887476892,0.13242369890213013,0.30346599726387913,0.3034659972638778,0.30346599726387913,1.3322676295501878e-15,0.0,0.0,0.0,0.0,54.27586075523868,1.140808744397726,-54.86373632602111,0.5878755707824297,53.93120193481445,1.1284713745117188,0.5825758576393127,0.8708987236022949,53.93120193481445,1.1284713745117188,0.0,0.0003327478189021349,-1356.2806396484375,0.12957851588726044,1.8438138949277167
4096,46,trace_residue_minus_0_5,-5.018544776103263,0.0016779914731159806,-502.0222767576379,280.8193474874099,280.8193474874097,2.2737367544323206e-13,-0.5,-782.8416242450476,-782.8416242450476,0.0,1565.6832484900951,598.4992777535124,-1972.9340218763218,407.2507733862267,1565.60791015625,598.4414672851562,404.0210876464844,214.2415008544922,1565.60791015625,598.4414672851562,0.0,0.0012934550177305937,-1356.2806396484375,0.0016929078847169876,0.02408892445866293
4096,46,trace_residue_plus_0_5,2.8914613216289,0.06186280399560928,282.9598517633291,20.34345343627649,20.34345343627652,2.842170943040401e-14,0.5,262.6163983270526,262.6163983270526,0.0,525.2327966541052,67.68335014755283,-562.3181145564411,37.08531790233587,524.914794921875,67.59488677978516,37.03011703491211,22.76942253112793,524.914794921875,67.59488677978516,0.0,0.05758827552199364,-1356.2806396484375,0.08892664313316345,1.265365474480831
4096,46,trace_residue_plus_1_0,5.375860897595671,0.06350530683994293,531.2355590755728,19.230686664083294,19.230686664083294,0.0,1.0,512.0048724114895,512.0048724114895,0.0,512.0048724114895,64.30438221683544,-547.1512757554158,35.146403343926295,511.70037841796875,64.22195434570312,35.09548568725586,21.692060470581055,511.70037841796875,64.22195434570312,0.0,0.10522402077913284,-1356.2806396484375,0.09172967076301575,1.3052506456945885
4096,47,ordinary_branch,0.32066304663798634,0.05266394466161728,26.799910197636905,26.799910197636905,26.799910197636933,2.842170943040401e-14,0.0,-2.842170943040401e-14,0.0,2.842170943040401e-14,595.1830105930567,86.86430313541166,-643.3956802823766,48.21266968931991,595.2304077148438,86.88421630859375,48.21706771850586,23.007429122924805,595.2304077148438,86.88421630859375,0.0,0.010014981031417847,-1356.2806396484375,0.07027743756771088,1.0
4096,47,cf_branch,0.3206630520489401,0.05266394466161728,26.79991073873228,26.799910738732308,26.79991073873228,2.842170943040401e-14,0.0,0.0,0.0,0.0,595.1830159574747,86.86430470714791,-643.3956865688887,48.212670611413955,595.2304077148438,86.88421630859375,48.21707534790039,23.00743293762207,595.2304077148438,86.88421630859375,0.0,0.010014980100095272,-1356.2806396484375,0.07027743756771088,1.0
4096,47,schatten_filtered_cf_branch,0.1329586216481485,0.12990817427635193,0.3050447371796585,0.3050447371796565,0.3050447371796585,1.9984014443252818e-15,0.0,0.0,0.0,0.0,54.64759400859475,1.1480514972126008,-55.23888973452662,0.5912957259318716,54.73675537109375,1.163395643234253,0.6002823114395142,0.18970948457717896,54.73675537109375,1.163395643234253,0.0,0.0003246603882871568,-1356.2806396484375,0.12957851588726044,1.8438138949277167
4096,47,trace_residue_minus_0_5,-5.018565375312842,0.001715998980216682,-502.02813742930584,281.801178471497,281.80117847149677,2.2737367544323206e-13,-0.5,-783.8293159008026,-783.8293159008026,0.0,1567.6586318016052,600.0042975106076,-1976.1249984480305,408.4663666464253,1567.5782470703125,599.94287109375,405.2082824707031,199.6855010986328,1567.5782470703125,599.94287109375,0.0,0.0012440226273611188,-1356.2806396484375,0.0016929078847169876,0.02408892445866293
4096,47,trace_residue_plus_0_5,2.838174749659417,0.06184365227818489,277.6331097381232,19.576999013316367,19.576999013316424,5.684341886080802e-14,0.5,258.0561107248068,258.0561107248068,0.0,516.1122214496136,65.35503953640278,-551.8617693569615,35.74954790734796,516.154052734375,65.37096405029297,35.755828857421875,16.926406860351562,516.154052734375,65.37096405029297,0.0,0.05656515061855316,-1356.2806396484375,0.08892664313316345,1.265365474480831
4096,47,trace_residue_plus_1_0,5.273695362594554,0.06351175904273987,521.0183603551815,18.462778785509897,18.46277878550989,7.105427357601002e-15,1.0,502.5555815696716,502.55558156967163,5.684341886080802e-14,502.55558156967163,61.95383662544366,-536.358570581952,33.802989012280364,502.5946960449219,61.96831512451172,33.80887222290039,15.977556228637695,502.5946960449219,61.96831512451172,0.0,0.10339581221342087,-1356.2806396484375,0.09172967076301575,1.3052506456945885
4096,48,ordinary_branch,0.31495062997386813,0.053448691964149475,26.150193800971863,26.150193800971863,26.15019380097192,5.684341886080802e-14,0.0,-5.684341886080802e-14,0.0,5.684341886080802e-14,588.6505619585514,84.96893646172137,-635.7536204925863,47.10305853403486,588.4983520507812,84.92250061035156,47.06821060180664,22.979387283325195,588.4983520507812,84.92250061035156,0.0,0.009752354584634304,-1356.2806396484375,0.07027743756771088,1.0
4096,48,cf_branch,0.3149506360163383,0.053448691964149475,26.150194405218883,26.15019440521894,26.150194405218883,5.684341886080802e-14,0.0,0.0,0.0,0.0,588.6505680978298,84.96893822874502,-635.7536276650737,47.10305956724392,588.4983520507812,84.92250061035156,47.06821060180664,22.979387283325195,588.4983520507812,84.92250061035156,0.0,0.00975235365331173,-1356.2806396484375,0.07027743756771088,1.0
4096,48,schatten_filtered_cf_branch,0.13306837083343404,0.13000187277793884,0.3066498055495198,0.3066498055495188,0.3066498055495198,9.992007221626409e-16,0.0,0.0,0.0,0.0,55.01303100865334,1.1553265440952032,-55.607779184773946,0.5947481761206035,54.876922607421875,1.1516588926315308,0.5930934548377991,0.3538205921649933,54.876922607421875,1.1516588926315308,0.0,0.00031340407440438867,-1356.2806396484375,0.12957851588726044,1.8438138949277167
4096,48,trace_residue_minus_0_5,-5.018585568163935,0.0017158463597297668,-502.03014145236654,282.6104755904132,282.6104755904134,1.7053025658242404e-13,-0.5,-784.6406170427799,-784.6406170427799,0.0,1569.2812340855598,601.2424720865447,-1978.748623979473,409.46738989391315,1569.2861328125,601.2461547851562,406.23968505859375,201.32192993164062,1569.2861328125,601.2461547851562,0.0,0.0012829415500164032,-1356.2806396484375,0.0016929078847169876,0.02408892445866293
4096,48,trace_residue_plus_0_5,2.7876196676059553,0.06298965215682983,272.4630015449125,18.84727818085736,18.84727818085735,7.105427357601002e-15,0.5,253.61572336405516,253.61572336405516,0.0,507.2314467281103,63.12703797514504,-541.7060091950462,34.474562466935936,507.09100341796875,63.090030670166016,34.45022201538086,16.754331588745117,507.09100341796875,63.090030670166016,0.0,0.05554857477545738,-1356.2806396484375,0.08892664313316345,1.265365474480831
4096,48,trace_residue_plus_1_0,5.175607078800997,0.06471386551856995,511.0893213282427,17.73275776012747,17.732757760127484,1.4210854715202004e-14,1.0,493.35656356811523,493.35656356811523,0.0,493.35656356811523,59.70751467514914,-525.879063602913,32.52250003479776,493.222900390625,59.67331314086914,32.50034713745117,15.789922714233398,493.222900390625,59.67331314086914,0.0,0.1015908420085907,-1356.2806396484375,0.09172967076301575,1.3052506456945885
4096,49,ordinary_branch,0.3095457969094616,0.054251834750175476,25.529396215928614,25.529396215928614,25.529396215928642,2.842170943040401e-14,0.0,-2.842170943040401e-14,0.0,2.842170943040401e-14,582.3169955313206,83.15120861083165,-628.3578631621913,46.04086763087071,582.4850463867188,83.19816589355469,46.0612907409668,22.770360946655273,582.4850463867188,83.19816589355469,0.0,0.00949918944388628,-1356.2806396484375,0.07027743756771088,1.0
4096,49,cf_branch,0.30954580260289555,0.054251834750175476,25.529396785272006,25.529396785272013,25.529396785272006,7.105427357601002e-15,0.0,0.0,0.0,0.0,582.3170013725758,83.15121027907804,-628.3578699779116,46.040868605335845,582.4850463867188,83.19817352294922,46.0612907409668,22.770360946655273,582.4850463867188,83.19817352294922,0.0,0.00949918758124113,-1356.2806396484375,0.07027743756771088,1.0
4096,49,schatten_filtered_cf_branch,0.13323160746686266,0.1301490068435669,0.3082600623295759,0.3082600623295768,0.3082600623295759,8.881784197001252e-16,0.0,0.0,0.0,0.0,55.37181106209755,1.162563036239988,-55.970005347743026,0.5981942856454765,55.45503234863281,1.1680874824523926,0.6012875437736511,0.27770981192588806,55.45503234863281,1.1680874824523926,0.0,0.0003026889462489635,-1356.2806396484375,0.12957851588726044,1.8438138949277167
4096,49,trace_residue_minus_0_5,-5.018539096318303,0.001758121419698,-502.0297217738001,283.2287607122096,283.2287607122095,5.684341886080802e-14,-0.5,-785.2584824860096,-785.2584824860096,0.0,1570.5169649720192,602.1867684077238,-1980.748451271922,410.2314862999028,1570.590576171875,602.2431030273438,407.0292663574219,202.87229919433594,1570.590576171875,602.2431030273438,0.0,0.0013642710400745273,-1356.2806396484375,0.0016929078847169876,0.02408892445866293
4096,49,trace_residue_plus_0_5,2.7385933077288986,0.06415511667728424,267.4438191051614,18.152237694246764,18.15223769424675,1.4210854715202004e-14,0.5,249.29158141091466,249.29158141091466,0.0,498.5831628218293,60.99443533577579,-531.8403341522396,33.2571713304103,498.7330322265625,61.03050994873047,33.275047302246094,16.413829803466797,498.7330322265625,61.03050994873047,0.0,0.05455988645553589,-1356.2806396484375,0.08892664313316345,1.265365474480831
4096,49,trace_residue_plus_1_0,5.080327136049438,0.06593562662601471,501.43915094234234,17.038501364963054,17.038501364963096,4.263256414560601e-14,1.0,484.4006495773792,484.4006495773792,0.0,484.4006495773792,57.5603373712572,-515.702286154074,31.30163657669482,484.54296875,57.5936393737793,31.318300247192383,15.442383766174316,484.54296875,57.5936393737793,0.0,0.09983036667108536,-1356.2806396484375,0.09172967076301575,1.3052506456945885
4096,50,ordinary_branch,0.30429216035811807,0.054934144020080566,24.93580163380375,24.93580163380375,24.935801633803763,1.4210854715202004e-14,0.0,-1.4210854715202004e-14,0.0,1.4210854715202004e-14,576.1738585233688,81.40688549344534,-621.1972543227076,45.0233957993388,576.046630859375,81.37237548828125,44.996891021728516,22.362398147583008,576.046630859375,81.37237548828125,0.0,0.009259458631277084,-1356.2806396484375,0.07027743756771088,1.0
4096,50,cf_branch,0.3042921672804944,0.054934144020080566,24.935802326041383,24.93580232604137,24.935802326041383,1.4210854715202004e-14,0.0,0.0,0.0,0.0,576.1738658249378,81.40688753811244,-621.1972628139241,45.02339698898629,576.0466918945312,81.37237548828125,44.99689483642578,22.362369537353516,576.0466918945312,81.37237548828125,0.0,0.00925945769995451,-1356.2806396484375,0.07027743756771088,1.0
4096,50,schatten_filtered_cf_branch,0.13317091077439266,0.13007208704948425,0.3098823724908413,0.3098823724908435,0.3098823724908413,2.220446049250313e-15,0.0,0.0,0.0,0.0,55.724277989473194,1.1697887036288783,-56.325925950093875,0.6016479606206815,55.55895233154297,1.1538724899291992,0.5924988985061646,0.3710022568702698,55.55895233154297,1.1538724899291992,0.0,0.0003100008179899305,-1356.2806396484375,0.12957851588726044,1.8438138949277167
4096,50,trace_residue_minus_0_5,-5.018509228923612,0.0017724588979035616,-502.0281687821516,283.65265829905184,283.65265829905184,0.0,-0.5,-785.6808270812035,-785.6808270812035,0.0,1571.361654162407,602.8331124178494,-1982.1165748988124,410.75492073640544,1571.329345703125,602.8082885742188,407.47705078125,203.1075439453125,1571.329345703125,602.8082885742188,0.0,0.001454798737540841,-1356.2806396484375,0.0016929078847169876,0.02408892445866293
4096,50,trace_residue_plus_0_5,2.690881594295798,0.0651809424161911,262.57006518796067,17.48994931459407,17.489949314594057,1.4210854715202004e-14,0.5,245.0801158733666,245.0801158733666,0.0,490.1602317467332,58.95256872881321,-522.25459422549,32.09436247875681,490.048828125,58.926971435546875,32.07744216918945,15.926156997680664,490.048828125,58.926971435546875,0.0,0.053600795567035675,-1356.2806396484375,0.08892664313316345,1.265365474480831
4096,50,trace_residue_plus_1_0,4.98760144619374,0.06701324880123138,492.0588197392509,16.37801391455389,16.378013914553883,7.105427357601002e-15,1.0,475.680805824697,475.680805824697,0.0,475.680805824697,55.507471600313345,-505.81808381098415,30.13727798628713,475.57550048828125,55.483951568603516,30.122005462646484,14.949583053588867,475.57550048828125,55.483951568603516,0.0,0.09811576455831528,-1356.2806396484375,0.09172967076301575,1.3052506456945885
4096,51,ordinary_branch,0.2995188552148511,0.05584085360169411,24.3678001613157,24.3678001613157,24.36780016131567,2.842170943040401e-14,0.0,2.842170943040401e-14,0.0,2.842170943040401e-14,570.2129601985216,79.73196051100787,-614.2610583905802,44.048098192058546,569.960693359375,79.64752197265625,43.991241455078125,23.143356323242188,569.960693359375,79.64752197265625,0.0,0.00902506336569786,-1356.2806396484375,0.07027743756771088,1.0
4096,51,cf_branch,0.29951885808164874,0.05584084987640381,24.367800820524494,24.36780082052445,24.367800820524494,4.263256414560601e-14,0.0,0.0,0.0,0.0,570.2129671424627,79.73196245530889,-614.261066466512,44.0480993240493,569.960693359375,79.64752197265625,43.991241455078125,23.143356323242188,569.960693359375,79.64752197265625,0.0,0.00902506336569786,-1356.2806396484375,0.07027743756771088,1.0
4096,51,schatten_filtered_cf_branch,0.13365278845603906,0.13053756952285767,0.3115218933181386,0.3115218933181403,0.3115218933181386,1.6653345369377348e-15,0.0,0.0,0.0,0.0,56.070913969073445,1.1770285010257948,-56.676034779067024,0.6051208099935792,55.74807357788086,1.1401311159133911,0.5848716497421265,0.5448047518730164,55.74807357788086,1.1401311159133911,0.0,0.0002877856604754925,-1356.2806396484375,0.12957851588726044,1.8438138949277167
4096,51,trace_residue_minus_0_5,-5.018453688877174,0.0018121827160939574,-502.0265871593268,283.88554751784477,283.8855475178449,1.1368683772161603e-13,-0.5,-785.9121346771717,-785.9121346771717,0.0,1571.8242693543434,603.1875980390331,-1982.8665157543464,411.042246400003,1571.853271484375,603.2098388671875,407.7955322265625,206.72784423828125,1571.853271484375,603.2098388671875,0.0,0.0015286762500181794,-1356.2806396484375,0.0016929078847169876,0.02408892445866293
4096,51,trace_residue_plus_0_5,2.6448374590994272,0.0664730817079544,257.8364377391473,16.85859975935375,16.85859975935375,0.0,0.5,240.97783797979355,240.97783797979355,0.0,481.9556759595871,56.9970056700727,-512.9389647683593,30.98328880877216,481.7245178222656,56.93061065673828,30.94228172302246,16.451519012451172,481.7245178222656,56.93061065673828,0.0,0.05266355350613594,-1356.2806396484375,0.08892664313316345,1.265365474480831
4096,51,trace_residue_plus_1_0,4.89775953218572,0.06836405396461487,482.9395478221105,15.749417498938953,15.7494174989389,5.3290705182007514e-14,1.0,467.1901303231716,467.1901303231716,0.0,467.1901303231716,53.54431701056066,-496.2166019931516,29.02647166997997,466.97259521484375,53.4840087890625,28.989622116088867,15.442198753356934,466.97259521484375,53.4840087890625,0.0,0.09643907099962234,-1356.2806396484375,0.09172967076301575,1.3052506456945885
4096,52,ordinary_branch,0.2947415975391482,0.05650245025753975,23.823914728160844,23.823914728160844,23.823914728160858,1.4210854715202004e-14,0.0,-1.4210854715202004e-14,0.0,1.4210854715202004e-14,564.4267178475857,78.1227407576891,-607.5393524261972,43.112634578611505,564.315185546875,78.09152221679688,43.08871078491211,22.879926681518555,564.315185546875,78.09152221679688,0.0,0.008805707097053528,-1356.2806396484375,0.07027743756771088,1.0
4096,52,cf_branch,0.2947416037830122,0.05650245025753975,23.82391535254724,23.82391535254726,23.82391535254724,2.1316282072803006e-14,0.0,0.0,0.0,0.0,564.4267244338989,78.12274259962359,-607.5393600847972,43.112635650898255,564.315185546875,78.09152221679688,43.088714599609375,22.879928588867188,564.315185546875,78.09152221679688,0.0,0.008805707097053528,-1356.2806396484375,0.07027743756771088,1.0
4096,52,schatten_filtered_cf_branch,0.13366981848851545,0.13053804636001587,0.3131772128499568,0.3131772128499577,0.3131772128499568,8.881784197001252e-16,0.0,0.0,0.0,0.0,56.411866155453026,1.1842781578632324,-57.020476554568475,0.6086103991154488,56.247703552246094,1.1709712743759155,0.6010589599609375,0.39675140380859375,56.247703552246094,1.1709712743759155,0.0,0.00028743623988702893,-1356.2806396484375,0.12957851588726044,1.8438138949277167
4096,52,trace_residue_minus_0_5,-5.018444474983782,0.0018130955286324024,-502.0257570512414,283.93847776280643,283.93847776280643,0.0,-0.5,-785.9642348140478,-785.9642348140478,0.0,1571.9284696280956,603.2677670410895,-1983.0358577459012,411.1073881178056,1571.939453125,603.276123046875,407.8482971191406,207.7774200439453,1571.939453125,603.276123046875,0.0,0.0015703353565186262,-1356.2806396484375,0.0016929078847169876,0.02408892445866293
4096,52,trace_residue_plus_0_5,2.599859611519524,0.0674808919429779,253.2378719576546,16.25649051898202,16.256490518982048,2.842170943040401e-14,0.5,236.98138143867254,236.98138143867254,0.0,473.9627628773451,55.12355433934499,-503.8840340009555,29.92127112361044,473.8641662597656,55.100425720214844,29.906156539916992,16.07244873046875,473.8641662597656,55.100425720214844,0.0,0.051756806671619415,-1356.2806396484375,0.08892664313316345,1.265365474480831
4096,52,trace_residue_plus_1_0,4.8101503633242695,0.06942196190357208,474.0728401420697,15.150947841821562,15.150947841821562,0.0,1.0,458.92189230024815,458.92189230024815,0.0,458.92189230024815,51.66650501587129,-486.888321721587,27.96642942133883,458.8289794921875,51.645423889160156,27.95289421081543,15.06119441986084,458.8289794921875,51.645423889160156,0.0,0.09480864554643631,-1356.2806396484375,0.09172967076301575,1.3052506456945885
4096,53,ordinary_branch,0.28963216794705604,0.05660470947623253,23.30274584708235,23.30274584708235,23.3027458470824,4.973799150320701e-14,0.0,-4.973799150320701e-14,0.0,4.973799150320701e-14,558.8076732754707,76.57569528964878,-601.0224511868781,42.214777911407396,559.3048095703125,76.72848510742188,42.29972457885742,18.75197410583496,559.3048095703125,76.72848510742188,0.0,0.008606279268860817,-1356.2806396484375,0.07027743756771088,1.0
4096,53,cf_branch,0.28963217105789385,0.05660470575094223,23.30274653069516,23.302746530695117,23.30274653069516,4.263256414560601e-14,0.0,0.0,0.0,0.0,558.8076806664467,76.57569732023919,-601.0224597559654,42.21477908951874,559.3048706054688,76.72848510742188,42.29972457885742,18.751943588256836,559.3048706054688,76.72848510742188,0.0,0.008606278337538242,-1356.2806396484375,0.07027743756771088,1.0
4096,53,schatten_filtered_cf_branch,0.13219953360195572,0.12905102968215942,0.3148503919796283,0.31485039197962905,0.3148503919796283,7.771561172376096e-16,0.0,0.0,0.0,0.0,56.747298220638186,1.1915482686585697,-57.359419785994284,0.6121215653560981,57.44034194946289,1.2599159479141235,0.6500928401947021,-0.10921108722686768,57.44034194946289,1.2599159479141235,0.0,0.0002727795799728483,-1356.2806396484375,0.12957851588726044,1.8438138949277167
4096,53,trace_residue_minus_0_5,-5.018463211694693,0.0017980672419071198,-502.02612789366,283.82788839545515,283.827888395455,1.7053025658242404e-13,-0.5,-785.854016289115,-785.854016289115,0.0,1571.70803257823,603.0991180605196,-1982.678853250634,410.970820672404,1571.6943359375,603.088623046875,407.6996765136719,197.4117889404297,1571.6943359375,603.088623046875,0.0,0.0015670497668907046,-1356.2806396484375,0.0016929078847169876,0.02408892445866293
4096,53,trace_residue_plus_0_5,2.5554934650750223,0.06779881566762924,248.7694649407393,15.682020937067932,15.682020937067914,1.7763568394002505e-14,0.5,233.0874440036714,233.0874440036714,0.0,466.1748880073428,53.32822293741552,-495.0806599376008,28.90577193025797,466.6249694824219,53.444740295410156,28.97098159790039,12.475831985473633,466.6249694824219,53.444740295410156,0.0,0.05088648200035095,-1356.2806396484375,0.08892664313316345,1.265365474480831
4096,53,trace_residue_plus_1_0,4.724273651423604,0.06976927816867828,465.45043732549254,14.580943855896635,14.58094385589666,2.4868995751603507e-14,1.0,450.8694934695959,450.8694934695959,0.0,450.8694934695959,49.869878097171096,-477.8240060528907,26.954512583294786,451.2923583984375,49.975379943847656,27.01339340209961,11.56611442565918,451.2923583984375,49.975379943847656,0.0,0.0932302251458168,-1356.2806396484375,0.09172967076301575,1.3052506456945885
4096,54,ordinary_branch,0.285752223628678,0.05772289261221886,22.80293310164592,22.80293310164592,22.80293310164592,0.0,0.0,0.0,0.0,0.0,553.3480048030615,75.08733788531268,-594.7003519990269,41.35234719596542,552.9528198242188,74.97270965576172,41.280128479003906,21.133563995361328,552.9528198242188,74.97270965576172,0.0,0.008393575437366962,-1356.2806396484375,0.07027743756771088,1.0
4096,54,cf_branch,0.28575222973436243,0.05772289261221886,22.802933712214355,22.802933712214326,22.802933712214355,2.842170943040401e-14,0.0,0.0,0.0,0.0,553.348011597991,75.08733971182036,-594.7003598499243,41.352348251933336,552.952880859375,74.97270965576172,41.280128479003906,21.133533477783203,552.952880859375,74.97270965576172,0.0,0.008393574506044388,-1356.2806396484375,0.07027743756771088,1.0
4096,54,schatten_filtered_cf_branch,0.13325529731126196,0.13009002804756165,0.31652692637002977,0.316526926370031,0.31652692637002977,1.2212453270876722e-15,0.0,0.0,0.0,0.0,57.07650189846754,1.1987872970341074,-57.692128905854446,0.6156270073869052,56.56439971923828,1.1660584211349487,0.5982045531272888,0.7027850151062012,56.56439971923828,1.1660584211349487,0.0,0.00026297103613615036,-1356.2806396484375,0.12957851588726044,1.8438138949277167
4096,54,trace_residue_minus_0_5,-5.0184401039135675,0.0018380379769951105,-502.02781418905624,283.5737774874174,283.5737774874174,0.0,-0.5,-785.6015916764736,-785.6015916764736,0.0,1571.2031833529472,602.7123033150208,-1981.8604861594017,410.6573028064545,1571.2177734375,602.7235107421875,407.4101257324219,204.32310485839844,1571.2177734375,602.7235107421875,0.0,0.0015368807362392545,-1356.2806396484375,0.0016929078847169876,0.02408892445866293
4096,54,trace_residue_plus_0_5,2.513611502107445,0.06934729963541031,244.42642024720345,15.13367812523876,15.133678125238745,1.4210854715202004e-14,0.5,229.2927421219647,229.2927421219647,0.0,458.5854842439294,51.60719575119927,-486.51986418975946,27.934379945830074,458.2322082519531,51.52165985107422,27.88402557373047,14.369152069091797,458.2322082519531,51.52165985107422,0.0,0.05001835897564888,-1356.2806396484375,0.08892664313316345,1.265365474480831
4096,54,trace_residue_plus_1_0,4.642024493599679,0.07138213515281677,457.0642358446862,14.037837804331957,14.037837804331943,1.4210854715202004e-14,1.0,443.02639804035425,443.02639804035425,0.0,443.02639804035425,48.150468081468254,-469.014615453735,25.988217413380767,442.69482421875,48.07309341430664,25.943050384521484,13.377119064331055,442.69482421875,48.07309341430664,0.0,0.09166950732469559,-1356.2806396484375,0.09172967076301575,1.3052506456945885
4096,55,ordinary_branch,0.28140314413142,0.058170050382614136,22.32330937488058,22.32330937488058,22.323309374880566,1.4210854715202004e-14,0.0,1.4210854715202004e-14,0.0,1.4210854715202004e-14,548.0414398908615,73.65470441012519,-588.5649188573262,40.52347896646472,548.326904296875,73.73471069335938,40.56512451171875,20.052032470703125,548.326904296875,73.73471069335938,0.0,0.008204600773751736,-1356.2806396484375,0.07027743756771088,1.0
4096,55,cf_branch,0.28140315046205977,0.058170050382614136,22.323310007944563,22.323310007944542,22.323310007944563,2.1316282072803006e-14,0.0,0.0,0.0,0.0,548.0414469242096,73.65470630178828,-588.5649269848836,40.523480060674046,548.3269653320312,73.73471069335938,40.56512451171875,20.052001953125,548.3269653320312,73.73471069335938,0.0,0.008204600773751736,-1356.2806396484375,0.07027743756771088,1.0
4096,55,schatten_filtered_cf_branch,0.1329338601707685,0.12975165247917175,0.31822076915967545,0.31822076915967656,0.31822076915967545,1.1102230246251565e-15,0.0,0.0,0.0,0.0,57.40035171806812,1.2060487291876472,-58.01950583824982,0.6191541201816975,57.74366760253906,1.2125864028930664,0.6215780973434448,0.11775773763656616,57.74366760253906,1.2125864028930664,0.0,0.00025894216378219426,-1356.2806396484375,0.12957851588726044,1.8438138949277167
4096,55,trace_residue_minus_0_5,-5.018518327172459,0.0017878569196909666,-502.03061840921504,283.19949032873046,283.1994903287305,5.684341886080802e-14,-0.5,-785.2301087379456,-785.2301087379456,0.0,1570.460217475891,602.1428240598796,-1980.6558406878398,410.1956232119487,1570.471435546875,602.1513671875,406.956298828125,203.3153076171875,1570.471435546875,602.1513671875,0.0,0.001461302163079381,-1356.2806396484375,0.0016929078847169876,0.02408892445866293
4096,55,trace_residue_plus_0_5,2.4721423738622916,0.07009951025247574,240.20428636098157,14.610059333833533,14.610059333833554,2.1316282072803006e-14,0.5,225.594227027148,225.594227027148,0.0,451.188454054296,49.95691442924833,-478.19330708695804,27.004853032662027,451.43701171875,50.01435089111328,27.035799026489258,13.320328712463379,451.43701171875,50.01435089111328,0.0,0.049186933785676956,-1356.2806396484375,0.08892664313316345,1.265365474480831
4096,55,trace_residue_plus_1_0,4.561239958778035,0.07217437028884888,448.9065588489186,13.520165696741259,13.520165696741273,1.4210854715202004e-14,1.0,435.38639315217733,435.38639315217733,0.0,435.38639315217733,46.5045397728062,-460.45158994380165,25.065196791624317,435.61846923828125,46.55623245239258,25.09306526184082,12.360817909240723,435.61846923828125,46.55623245239258,0.0,0.09016021341085434,-1356.2806396484375,0.09172967076301575,1.3052506456945885
4096,56,ordinary_branch,0.27812363353713865,0.05949636548757553,21.86272680495631,21.86272680495631,21.862726804956296,1.4210854715202004e-14,0.0,1.4210854715202004e-14,0.0,1.4210854715202004e-14,542.8813915848732,72.27484033701954,-582.6077203443881,39.7263287595149,542.742919921875,72.23063659667969,39.69536590576172,22.86379623413086,542.742919921875,72.23063659667969,0.0,0.008002172224223614,-1356.2806396484375,0.07027743756771088,1.0
4096,56,cf_branch,0.27812364005599904,0.05949636548757553,21.86272745684235,21.86272745684238,21.86272745684235,2.842170943040401e-14,0.0,0.0,0.0,0.0,542.8813989758492,72.27484229585498,-582.6077288653211,39.72632988947191,542.742919921875,72.23063659667969,39.69536590576172,22.86379623413086,542.742919921875,72.23063659667969,0.0,0.008002172224223614,-1356.2806396484375,0.07027743756771088,1.0
4096,56,schatten_filtered_cf_branch,0.13443446624068256,0.13123556971549988,0.31988965251826695,0.3198896525182704,0.31988965251826695,3.4416913763379853e-15,0.0,0.0,0.0,0.0,57.717089847661555,1.2131793516256204,-58.33971234252911,0.6226224948675565,57.55259323120117,1.1806212663650513,0.6039505004882812,0.7155036926269531,57.55259323120117,1.1806212663650513,0.0,0.0002562519221100956,-1356.2806396484375,0.12957851588726044,1.8438138949277167
4096,56,trace_residue_minus_0_5,-5.018525122878018,0.0018164257053285837,-502.03415485833466,282.7299332358997,282.7299332358998,1.1368683772161603e-13,-0.5,-784.7640880942345,-784.7640880942345,0.0,1569.528176188469,601.4284064840638,-1979.1446113687373,409.61643518026835,1569.5416259765625,601.438720703125,406.39093017578125,211.56393432617188,1569.5416259765625,601.438720703125,0.0,0.0013631755718961358,-1356.2806396484375,0.0016929078847169876,0.02408892445866293
4096,56,trace_residue_plus_0_5,2.4328822629379907,0.07189531624317169,236.09869466948192,14.109833615299834,14.109833615299856,2.1316282072803006e-14,0.5,221.98886105418205,221.98886105418205,0.0,443.9777221083641,48.37396639634267,-470.09277501859384,26.115052910229736,443.85479736328125,48.341094970703125,26.094650268554688,15.522300720214844,443.85479736328125,48.341094970703125,0.0,0.04836008697748184,-1356.2806396484375,0.08892664313316345,1.265365474480831
4096,56,trace_residue_plus_1_0,4.483739514895928,0.07404077053070068,440.9698744365227,13.026543515289973,13.026543515289994,2.1316282072803006e-14,1.0,427.9433309212327,427.9433309212327,0.0,427.9433309212327,44.92852471472679,-452.1265515525587,24.18322063132598,427.828857421875,44.89922332763672,24.165287017822266,14.46519660949707,427.828857421875,44.89922332763672,0.0,0.0886707678437233,-1356.2806396484375,0.09172967076301575,1.3052506456945885
4096,57,ordinary_branch,0.2741759082710212,0.0599740594625473,21.420184880847387,21.420184880847387,21.420184880847387,0.0,0.0,0.0,0.0,0.0,537.8623085469007,70.9451788912373,-576.8215997396994,38.95929119279867,538.0494995117188,70.99143981933594,38.98128128051758,21.80973243713379,538.0494995117188,70.99143981933594,0.0,0.007825774140655994,-1356.2806396484375,0.07027743756771088,1.0
4096,57,cf_branch,0.27417591426824206,0.0599740594625473,21.420185480569472,21.420185480569444,21.420185480569472,2.842170943040401e-14,0.0,0.0,0.0,0.0,537.8623153865337,70.94518069499652,-576.8216076193237,38.95929223278995,538.0494995117188,70.99143981933594,38.98128128051758,21.80973243713379,538.0494995117188,70.99143981933594,0.0,0.00782577320933342,-1356.2806396484375,0.07027743756771088,1.0
4096,57,schatten_filtered_cf_branch,0.13415323270713797,0.1309375762939453,0.32156564131926557,0.32156564131926757,0.32156564131926557,1.9984014443252818e-15,0.0,0.0,0.0,0.0,58.028523962944746,1.22029976927575,-58.65461835436565,0.6260943914209065,58.13142776489258,1.204646110534668,0.616584062576294,0.5146385431289673,58.13142776489258,1.204646110534668,0.0,0.00027330004377290606,-1356.2806396484375,0.12957851588726044,1.8438138949277167
4096,57,trace_residue_minus_0_5,-5.01859508884657,0.0017838964704424143,-502.03789853170116,282.1953176943996,282.19531769439976,1.7053025658242404e-13,-0.5,-784.2332162261009,-784.2332162261009,0.0,1568.4664324522018,600.6147638091327,-1977.423333922255,408.95690147005325,1568.43408203125,600.5899047851562,405.7178039550781,209.77442932128906,1568.43408203125,600.5899047851562,0.0,0.0012369966134428978,-1356.2806396484375,0.0016929078847169876,0.02408892445866293
4096,57,trace_residue_plus_0_5,2.393731248384991,0.07267564535140991,232.1055603033581,13.631764680770914,13.631764680770889,2.4868995751603507e-14,0.5,218.4737956225872,218.4737956225872,0.0,436.9475912451744,46.855162105096696,-462.2105785689962,25.26298732382179,437.11053466796875,46.88755416870117,25.279674530029297,14.519521713256836,437.11053466796875,46.88755416870117,0.0,0.04757097736001015,-1356.2806396484375,0.08892664313316345,1.265365474480831
4096,57,trace_residue_plus_1_0,4.407330742458773,0.07486063241958618,433.2470110039186,12.555677240617229,12.555677240617221,7.105427357601002e-15,1.0,420.6913337633014,420.6913337633014,0.0,420.6913337633014,43.419059999883416,-444.0315296087939,23.34019584549253,420.8440856933594,43.44837951660156,23.355392456054688,13.488349914550781,420.8440856933594,43.44837951660156,0.0,0.08723317831754684,-1356.2806396484375,0.09172967076301575,1.3052506456945885
4096,58,ordinary_branch,0.2694021075193507,0.05945533514022827,20.994677237912242,20.994677237912242,20.994677237912242,0.0,0.0,0.0,0.0,0.0,532.9781278669834,69.66309665111933,-571.1988670128435,38.22073914586008,532.991455078125,69.66327667236328,38.216426849365234,16.802366256713867,532.991455078125,69.66327667236328,0.0,0.007676828186959028,-1356.2806396484375,0.07027743756771088,1.0
4096,58,cf_branch,0.26940211288320065,0.05945533514022827,20.994677774297237,20.9946777742972,20.994677774297237,3.552713678800501e-14,0.0,0.0,0.0,0.0,532.9781340360641,69.6630982669655,-571.1988741128093,38.22074007674519,532.991455078125,69.66328430175781,38.216434478759766,16.802370071411133,532.991455078125,69.66328430175781,0.0,0.007676827255636454,-1356.2806396484375,0.07027743756771088,1.0
4096,58,schatten_filtered_cf_branch,0.13176984482108178,0.1285373866558075,0.32324581652742745,0.32324581652742523,0.32324581652742745,2.220446049250313e-15,0.0,0.0,0.0,0.0,58.334726250730455,1.2274046466952617,-58.9642919908612,0.6295657401307437,58.39008712768555,1.2405951023101807,0.6377366781234741,-0.03385955095291138,58.39008712768555,1.2405951023101807,0.0,0.00025583163369446993,-1356.2806396484375,0.12957851588726044,1.8438138949277167
4096,58,trace_residue_minus_0_5,-5.01867501934113,0.0017384762177243829,-502.04134955588535,281.6247210245971,281.62472102459714,5.684341886080802e-14,-0.5,-783.6660705804825,-783.6660705804825,0.0,1567.332141160965,599.7458979063148,-1975.584932832722,408.252791671757,1567.31005859375,599.72900390625,405.03515625,195.8641357421875,1567.31005859375,599.72900390625,0.0,0.0010926289251074195,-1356.2806396484375,0.0016929078847169876,0.02408892445866293
4096,58,trace_residue_plus_0_5,2.354453954007932,0.07224547863006592,228.2208475377866,13.174675559670561,13.174675559670575,1.4210854715202004e-14,0.5,215.04617197811604,215.04617197811604,0.0,430.09234395623207,45.39743244198244,-454.5390938698512,24.4467499136191,430.1041259765625,45.39728927612305,24.445344924926758,10.357895851135254,430.1041259765625,45.39728927612305,0.0,0.04682166874408722,-1356.2806396484375,0.08892664313316345,1.265365474480831
4096,58,trace_residue_plus_1_0,4.331741525355467,0.074432373046875,425.7309152308592,12.106341672290199,12.10634167229021,1.0658141036401503e-14,1.0,413.62457355856895,413.62457355856895,0.0,413.62457355856895,41.97292930064059,-436.15870462585985,22.5341310672909,413.63623046875,41.97303009033203,22.53314208984375,9.473907470703125,413.63623046875,41.97303009033203,0.0,0.08584921061992645,-1356.2806396484375,0.09172967076301575,1.3052506456945885
4096,59,ordinary_branch,0.26658532425396686,0.06073345988988876,20.58518643640781,20.58518643640781,20.585186436407795,1.4210854715202004e-14,0.0,1.4210854715202004e-14,0.0,1.4210854715202004e-14,528.22218862921,68.42589642161808,-565.7312029265285,37.50901429731846,528.2274169921875,68.4258804321289,37.50497817993164,19.26811408996582,528.2274169921875,68.4258804321289,0.0,0.007496284786611795,-1356.2806396484375,0.07027743756771088,1.0
4096,59,cf_branch,0.2665853300412264,0.06073345988988876,20.58518701513377,20.585187015133783,20.58518701513377,1.4210854715202004e-14,0.0,0.0,0.0,0.0,528.2221953943372,68.42589817216836,-565.7312106980995,37.50901530376234,528.2274169921875,68.42588806152344,37.50497817993164,19.26811408996582,528.2274169921875,68.42588806152344,0.0,0.007496284320950508,-1356.2806396484375,0.07027743756771088,1.0
4096,59,schatten_filtered_cf_branch,0.13318990317366006,0.12994104623794556,0.3248856935714495,0.32488569357144925,0.3248856935714495,2.220446049250313e-16,0.0,0.0,0.0,0.0,58.63327990146354,1.2343292571487328,-59.266230839071675,0.6329509376081361,58.57109451293945,1.2130019664764404,0.6204163432121277,0.43234142661094666,58.57109451293945,1.2130019664764404,0.0,0.0002516533131711185,-1356.2806396484375,0.12957851588726044,1.8438138949277167
4096,59,trace_residue_minus_0_5,-5.01870173265736,0.0017390834400430322,-502.04408160974026,281.045707900033,281.045707900033,0.0,-0.5,-783.0897895097733,-783.0897895097733,0.0,1566.1795790195465,598.8635624245978,-1973.7176102173016,407.5380311977551,1566.169677734375,598.8560180664062,404.3431091308594,203.4988250732422,1566.169677734375,598.8560180664062,0.0,0.0009513571276329458,-1356.2806396484375,0.0016929078847169876,0.02408892445866293
4096,59,trace_residue_plus_0_5,2.3183893979483665,0.07398369908332825,224.44056988650382,12.737446480928071,12.737446480928075,3.552713678800501e-15,0.5,211.70312340557575,211.70312340557575,0.0,423.4062468111515,43.99782665094611,-447.07076465356704,23.664517842415535,423.41583251953125,43.99866485595703,23.66385841369629,12.245976448059082,423.41583251953125,43.99866485595703,0.0,0.046058136969804764,-1356.2806396484375,0.08892664313316345,1.265365474480831
4096,59,trace_residue_plus_1_0,4.260383801960774,0.07623730599880219,418.4146495961972,11.677377057952441,11.677377057952445,3.552713678800501e-15,1.0,406.7372725382447,406.7372725382447,0.0,406.7372725382447,40.58705792822806,-428.50040490649906,21.763132368254333,406.7471923828125,40.588050842285156,21.762805938720703,11.276880264282227,406.7471923828125,40.588050842285156,0.0,0.08446568995714188,-1356.2806396484375,0.09172967076301575,1.3052506456945885
4096,60,ordinary_branch,0.26309731399804775,0.061188213527202606,20.190910047084515,20.190910047084515,20.19091004708452,7.105427357601002e-15,0.0,-7.105427357601002e-15,0.0,7.105427357601002e-15,523.5898148864508,67.23148976767297,-560.4126348824823,36.82281999603151,523.5098266601562,67.20611572265625,36.804080963134766,19.254457473754883,523.5098266601562,67.20611572265625,0.0,0.007341436110436916,-1356.2806396484375,0.07027743756771088,1.0
4096,60,cf_branch,0.26309731975086603,0.061188213527202606,20.190910622366346,20.190910622366346,20.190910622366346,0.0,0.0,0.0,0.0,0.0,523.5898216962814,67.23149151302007,-560.4126426942705,36.82282099798908,523.5098876953125,67.20611572265625,36.80408477783203,19.254459381103516,523.5098876953125,67.20611572265625,0.0,0.007341435179114342,-1356.2806396484375,0.07027743756771088,1.0
4096,60,schatten_filtered_cf_branch,0.1330787464273994,0.1298135370016098,0.32652094257895903,0.32652094257895925,0.32652094257895903,2.220446049250313e-16,0.0,0.0,0.0,0.0,58.92621054779738,1.2412068819873014,-59.56252952318492,0.6363189753875389,58.80994415283203,1.2222834825515747,0.6256012916564941,0.3402245044708252,58.80994415283203,1.2222834825515747,0.0,0.00023105592117644846,-1356.2806396484375,0.12957851588726044,1.8438138949277167
4096,60,trace_residue_minus_0_5,-5.018778647564797,0.0016794921830296516,-502.0458139747826,280.4842351555376,280.48423515553793,3.410605131648481e-13,-0.5,-782.5300491303205,-782.5300491303205,0.0,1565.060098260641,598.0071784652341,-1971.9047066386756,406.84460837803454,1565.074462890625,598.0179443359375,403.6790466308594,204.6525115966797,1565.074462890625,598.0179443359375,0.0,0.0008241870091296732,-1356.2806396484375,0.0016929078847169876,0.02408892445866293
4096,60,trace_residue_plus_0_5,2.2823571864926273,0.07474595308303833,220.76112334095887,12.319050941998285,12.319050941998277,7.105427357601002e-15,0.5,208.4420723989606,208.4420723989606,0.0,416.8841447979212,42.65363299916591,-439.79876268571115,22.914617887789973,416.8126220703125,42.6352424621582,22.903133392333984,12.12232780456543,416.8126220703125,42.6352424621582,0.0,0.04532927647233009,-1356.2806396484375,0.08892664313316345,1.265365474480831
4096,60,trace_residue_plus_1_0,4.189952719002434,0.07703524827957153,411.2917470722863,11.267706373281158,11.267706373281161,3.552713678800501e-15,1.0,400.0240406990051,400.0240406990051,0.0,400.0240406990051,39.25857474449481,-421.04947682333204,21.025436124326916,399.958251953125,39.242462158203125,21.015539169311523,11.154345512390137,399.958251953125,39.242462158203125,0.0,0.08312992006540298,-1356.2806396484375,0.09172967076301575,1.3052506456945885
4096,61,ordinary_branch,0.2594161734872762,0.061305806040763855,19.811036744651233,19.811036744651233,19.81103674465126,2.842170943040401e-14,0.0,-2.842170943040401e-14,0.0,2.842170943040401e-14,519.0759579241276,66.07773714249755,-555.2367948578055,36.160836933677956,519.3312377929688,66.14637756347656,36.19696807861328,16.72946548461914,519.3312377929688,66.14637756347656,0.0,0.007194737903773785,-1356.2806396484375,0.07027743756771088,1.0
4096,61,cf_branch,0.25941617946618906,0.061305806040763855,19.81103734254252,19.811037342542534,19.81103734254252,1.4210854715202004e-14,0.0,0.0,0.0,0.0,519.0759651511908,66.07773896512558,-555.2368031286974,36.16083797750662,519.3312377929688,66.14637756347656,36.19696807861328,16.72946548461914,519.3312377929688,66.14637756347656,0.0,0.007194737438112497,-1356.2806396484375,0.07027743756771088,1.0
4096,61,schatten_filtered_cf_branch,0.13210086260254011,0.12881983816623688,0.3281024436303228,0.32810244363032126,0.3281024436303228,1.5543122344752192e-15,0.0,0.0,0.0,0.0,59.211593970190734,1.2478577610380954,-59.85116985387157,0.6395758836808341,59.45831298828125,1.2460087537765503,0.6372777223587036,-0.03585714101791382,59.45831298828125,1.2460087537765503,0.0,0.00024098197172861546,-1356.2806396484375,0.12957851588726044,1.8438138949277167
4096,61,trace_residue_minus_0_5,-5.0187974866011675,0.0016678094398230314,-502.0465296040991,279.9581004400036,279.9581004400036,0.0,-0.5,-782.0046300441027,-782.0046300441027,0.0,1564.0092600882053,597.2039250804482,-1970.2037771661462,406.1945170779409,1563.999755859375,597.1966552734375,403.028564453125,198.01031494140625,1563.999755859375,597.1966552734375,0.0,0.0007146415882743895,-1356.2806396484375,0.0016929078847169876,0.02408892445866293
4096,61,trace_residue_plus_0_5,2.2468556939307347,0.07506613433361053,217.17895595971243,11.9185106443216,11.918510644321593,7.105427357601002e-15,0.5,205.26044531539083,205.26044531539083,0.0,410.52089063078165,41.36224234097864,-432.7163387242126,22.19544809343097,410.74249267578125,41.40943145751953,22.220983505249023,10.01257610321045,410.74249267578125,41.40943145751953,0.0,0.044624242931604385,-1356.2806396484375,0.08892664313316345,1.265365474480831
4096,61,trace_residue_plus_1_0,4.120935698585437,0.07737711071968079,404.3558587865756,10.876308991186391,10.876308991186399,7.105427357601002e-15,1.0,393.4795497953892,393.4795497953892,0.0,393.4795497953892,37.98473406733739,-413.79891352266503,20.319363727275856,393.6844177246094,38.026466369628906,20.341930389404297,9.125249862670898,393.6844177246094,38.026466369628906,0.0,0.08183147013187408,-1356.2806396484375,0.09172967076301575,1.3052506456945885
4096,62,ordinary_branch,0.25735765960554546,0.06290990114212036,19.44477584634251,19.44477584634251,19.44477584634251,0.0,0.0,0.0,0.0,0.0,514.675327911973,64.96252382463739,-550.197098556891,35.52177064491798,514.3981323242188,64.88987731933594,35.47684097290039,20.35966682434082,514.3981323242188,64.88987731933594,0.0,0.007025054190307856,-1356.2806396484375,0.07027743756771088,1.0
4096,62,cf_branch,0.25735766562503193,0.06290990114212036,19.444776448291158,19.444776448291123,19.444776448291158,3.552713678800501e-14,0.0,0.0,0.0,0.0,514.675335213542,64.96252566152154,-550.1971069099263,35.52177169638435,514.3981323242188,64.88987731933594,35.47684097290039,20.35966682434082,514.3981323242188,64.88987731933594,0.0,0.007025053258985281,-1356.2806396484375,0.07027743756771088,1.0
4096,62,schatten_filtered_cf_branch,0.13414533093867492,0.13084912300109863,0.329620793757629,0.32962079375763764,0.329620793757629,8.659739592076221e-15,0.0,0.0,0.0,0.0,59.48885830724612,1.2542487753619043,-60.131562403384315,0.6427040961381962,59.371368408203125,1.2967032194137573,0.6684403419494629,0.7866127490997314,59.371368408203125,1.2967032194137573,0.0,0.0002339388447580859,-1356.2806396484375,0.12957851588726044,1.8438138949277167
4096,62,trace_residue_minus_0_5,-5.018760326997865,0.0017030152957886457,-502.04633422936536,279.48446712647365,279.4844671264734,2.2737367544323206e-13,-0.5,-781.5308013558388,-781.5308013558388,0.0,1563.0616027116776,596.4801162768956,-1968.6706120021008,405.6090092904233,1563.0078125,596.439208984375,402.42889404296875,208.36117553710938,1563.0078125,596.439208984375,0.0,0.0006384604494087398,-1356.2806396484375,0.0016929078847169876,0.02408892445866293
4096,62,trace_residue_plus_0_5,2.2141004221145595,0.07719429582357407,213.69061262909855,11.534901455087322,11.534901455087336,1.4210854715202004e-14,0.5,202.15571117401123,202.15571117401123,0.0,404.31142234802246,40.12116899288522,-425.8169113534682,21.505489005445725,404.0741271972656,40.0724983215332,21.477705001831055,12.817526817321777,404.0741271972656,40.0724983215332,0.0,0.043911322951316833,-1356.2806396484375,0.08892664313316345,1.265365474480831
4096,62,trace_residue_plus_1_0,4.05559035629452,0.07958224415779114,397.6008112136729,10.502222612918132,10.502222612918146,1.4210854715202004e-14,1.0,387.09858860075474,387.09858860075474,0.0,387.09858860075474,36.76292567380631,-406.7419147848649,19.64332618411015,386.87982177734375,36.720001220703125,19.619020462036133,11.791626930236816,386.87982177734375,36.720001220703125,0.0,0.08053882420063019,-1356.2806396484375,0.09172967076301575,1.3052506456945885
4096,63,ordinary_branch,0.2543874553916282,0.06347246468067169,19.091499071095654,19.091499071095654,19.091499071095654,0.0,0.0,0.0,0.0,0.0,510.38419058918953,63.884199489658265,-545.2887917937761,34.904601204586584,510.5202331542969,63.92091751098633,34.922760009765625,19.992218017578125,510.5202331542969,63.92091751098633,0.0,0.006881497800350189,-1356.2806396484375,0.07027743756771088,1.0
4096,63,cf_branch,0.25438746137975343,0.06347246468067169,19.091499669908174,19.091499669908217,19.091499669908174,4.263256414560601e-14,0.0,0.0,0.0,0.0,510.38419795036316,63.88420132195273,-545.2888002023501,34.904602251986944,510.520263671875,63.920921325683594,34.922760009765625,19.992202758789062,510.520263671875,63.920921325683594,0.0,0.006881497334688902,-1356.2806396484375,0.07027743756771088,1.0
4096,63,schatten_filtered_cf_branch,0.13417215286423081,0.13086068630218506,0.33114665620457484,0.33114665620457373,0.33114665620457484,1.1102230246251565e-15,0.0,0.0,0.0,0.0,59.76165635092184,1.2606421376272676,-60.40749609873784,0.6458397478159981,59.906681060791016,1.2643818855285645,0.6473312973976135,0.6671504974365234,59.906681060791016,1.2643818855285645,0.0,0.00022475971491076052,-1356.2806396484375,0.12957851588726044,1.8438138949277167
4096,63,trace_residue_minus_0_5,-5.0187495025064415,0.0017038307851180434,-502.04533332915594,279.0819421377631,279.081942137763,1.1368683772161603e-13,-0.5,-781.127275466919,-781.127275466919,0.0,1562.254550933838,595.8642705435402,-1967.3656717113975,405.11112077755956,1562.271240234375,595.8770141601562,401.9840393066406,208.57740783691406,1562.271240234375,595.8770141601562,0.0,0.0006114388233982027,-1356.2806396484375,0.0016929078847169876,0.02408892445866293
4096,63,trace_residue_plus_0_5,2.18099353953656,0.07806412875652313,210.29294107800365,11.167371872272469,11.167371872272483,1.4210854715202004e-14,0.5,199.12556920573115,199.12556920573115,0.0,398.2511384114623,38.92811615512883,-419.09447695464894,20.843338543186633,398.3653564453125,38.95243453979492,20.85628318786621,12.407084465026855,398.3653564453125,38.95243453979492,0.0,0.04323408752679825,-1356.2806396484375,0.08892664313316345,1.265365474480831
4096,63,trace_residue_plus_1_0,3.99069717118104,0.08048905432224274,391.0208116858797,10.14455064531137,10.144550645311377,7.105427357601002e-15,1.0,380.87626104056835,380.87626104056835,0.0,380.87626104056835,35.59070437720014,-399.87210008959744,18.995839049029087,380.98101806640625,35.611942291259766,19.007152557373047,11.394582748413086,380.98101806640625,35.611942291259766,0.0,0.07929409295320511,-1356.2806396484375,0.09172967076301575,1.3052506456945885
4096,64,ordinary_branch,0.25041141650289434,0.06290601938962936,18.750539711326496,18.750539711326496,18.750539711326525,2.842170943040401e-14,0.0,-2.842170943040401e-14,0.0,2.842170943040401e-14,506.19813396036625,62.84097837936017,-540.5063701563789,34.30823619601267,506.1728210449219,62.83169174194336,34.299705505371094,15.46273422241211,506.1728210449219,62.83169174194336,0.0,0.006765218451619148,-1356.2806396484375,0.07027743756771088,1.0
4096,64,cf_branch,0.25041142286819185,0.06290601938962936,18.75054034785625,18.75054034785626,18.75054034785625,7.105427357601002e-15,0.0,0.0,0.0,0.0,506.1981417685747,62.84098032605297,-540.5063790776724,34.30823730909765,506.1728515625,62.831695556640625,34.299705505371094,15.462718963623047,506.1728515625,62.831695556640625,0.0,0.006765217520296574,-1356.2806396484375,0.07027743756771088,1.0
4096,64,schatten_filtered_cf_branch,0.13191632290473185,0.12858930230140686,0.33270206033249883,0.33270206033250105,0.33270206033249883,2.220446049250313e-15,0.0,0.0,0.0,0.0,60.03099529258907,1.267119368055683,-60.680020526866635,0.6490252342775662,60.02446746826172,1.2710108757019043,0.6516658663749695,0.24898967146873474,60.02446746826172,1.2710108757019043,0.0,0.00021109252702444792,-1356.2806396484375,0.12957851588726044,1.8438138949277167
4096,64,trace_residue_minus_0_5,-5.018770530403965,0.0016674262005835772,-502.04379566045486,278.7621420916728,278.7621420916728,0.0,-0.5,-780.8059377521276,-780.8059377521276,0.0,1561.6118755042553,595.3743641330933,-1966.3271781498588,404.7153026456035,1561.6016845703125,595.3665161132812,401.58026123046875,195.28622436523438,1561.6016845703125,595.3665161132812,0.0,0.0006176743190735579,-1356.2806396484375,0.0016929078847169876,0.02408892445866293
4096,64,trace_residue_plus_0_5,2.147369553985022,0.07754157483577728,206.98279791492448,10.81510580125672,10.815105801256742,2.1316282072803006e-14,0.5,196.16769211366773,196.16769211366773,0.0,392.33538422733545,37.78086106988104,-412.5430308933164,20.207646665980974,392.311279296875,37.77412414550781,20.20315170288086,8.80317497253418,392.311279296875,37.77412414550781,0.0,0.0425930917263031,-1356.2806396484375,0.08892664313316345,1.265365474480831
4096,64,trace_residue_plus_1_0,3.9260606072093096,0.07995913922786713,384.6101467981442,9.802441202054865,9.802441202054851,1.4210854715202004e-14,1.0,374.80770559608936,374.80770559608936,0.0,374.80770559608936,34.46572665878375,-393.1831915841602,18.375485988070864,374.78582763671875,34.45994567871094,18.371721267700195,7.941872596740723,374.78582763671875,34.45994567871094,0.0,0.07809754461050034,-1356.2806396484375,0.09172967076301575,1.3052506456945885
4096,65,ordinary_branch,0.24797758550685045,0.06376563757658005,18.42119479302704,18.42119479302704,18.42119479302709,4.973799150320701e-14,0.0,-4.973799150320701e-14,0.0,4.973799150320701e-14,502.1119957640767,61.830940616846675,-535.8435087453589,33.73151298128221,502.45318603515625,61.92190170288086,33.781272888183594,16.960124969482422,502.45318603515625,61.92190170288086,0.0,0.006626372691243887,-1356.2806396484375,0.07027743756771088,1.0
4096,65,cf_branch,0.24797758411456236,0.06376563012599945,18.42119539885629,18.421195398856298,18.42119539885629,7.105427357601002e-15,0.0,0.0,0.0,0.0,502.1120033040643,61.83094247485121,-535.8435173462078,33.731514042143544,502.45318603515625,61.921905517578125,33.781272888183594,16.960124969482422,502.45318603515625,61.921905517578125,0.0,0.006626371759921312,-1356.2806396484375,0.07027743756771088,1.0
4096,65,schatten_filtered_cf_branch,0.13276813805137155,0.12942595779895782,0.33421802524137234,0.3342180252413698,0.33421802524137234,2.55351295663786e-15,0.0,0.0,0.0,0.0,60.29337580036372,1.2734250895773238,-60.94550363125187,0.6521278308881477,60.917030334472656,1.342758059501648,0.6909915208816528,-0.045802533626556396,60.917030334472656,1.342758059501648,0.0,0.00022022755001671612,-1356.2806396484375,0.12957851588726044,1.8438138949277167
4096,65,trace_residue_minus_0_5,-5.0187755238265765,0.0016454835422337055,-502.042100736881,278.52650882861553,278.5265088286154,1.1368683772161603e-13,-0.5,-780.5686095654964,-780.5686095654964,0.0,1561.137219130993,595.0129209198496,-1965.560686119944,404.4234669889511,1561.207763671875,595.06689453125,401.343505859375,201.5941162109375,1561.207763671875,595.06689453125,0.0,0.0006359033868648112,-1356.2806396484375,0.0016929078847169876,0.02408892445866293
4096,65,trace_residue_plus_0_5,2.1163563830940877,0.07878583669662476,203.7570546397463,10.477322624762365,10.477322624762387,2.1316282072803006e-14,0.5,193.2797320149839,193.2797320149839,0.0,386.5594640299678,36.677257553245894,-406.1565802217544,19.597116191786597,386.846923828125,36.73686981201172,19.62986183166504,9.853474617004395,386.846923828125,36.73686981201172,0.0,0.041943468153476715,-1356.2806396484375,0.08892664313316345,1.265365474480831
4096,65,trace_residue_plus_1_0,3.864881402536168,0.08124954998493195,378.3631852551236,9.475085554911118,9.47508555491114,2.1316282072803006e-14,1.0,368.8880997002125,368.8880997002125,0.0,368.8880997002125,33.385748891747866,-386.66901664740624,17.78091694719376,369.15087890625,33.437522888183594,17.80925750732422,8.949581146240234,369.15087890625,33.437522888183594,0.0,0.07690510153770447,-1356.2806396484375,0.09172967076301575,1.3052506456945885
4096,66,ordinary_branch,0.24561428499832175,0.0645851269364357,18.102915806188605,18.102915806188605,18.102915806188605,0.0,0.0,0.0,0.0,0.0,498.1222729161382,60.852620731771495,-531.295806678298,33.17353376215988,498.4567565917969,60.947303771972656,33.22610855102539,17.93834114074707,498.4567565917969,60.947303771972656,0.0,0.006492060609161854,-1356.2806396484375,0.07027743756771088,1.0
4096,66,cf_branch,0.24561429202120913,0.0645851269364357,18.102916508477342,18.102916508477392,18.102916508477342,4.973799150320701e-14,0.0,0.0,0.0,0.0,498.1222817674279,60.85262289186655,-531.2958167611541,33.17353499372621,498.4567565917969,60.947303771972656,33.22610855102539,17.93834114074707,498.4567565917969,60.947303771972656,0.0,0.006492060609161854,-1356.2806396484375,0.07027743756771088,1.0
4096,66,schatten_filtered_cf_branch,0.13338693554008957,0.13003003597259521,0.3356899567494359,0.3356899567494338,0.3356899567494359,2.1094237467877974e-15,0.0,0.0,0.0,0.0,60.5489465999417,1.2795455389287969,-61.20408620266674,0.6551396027250362,60.86174011230469,1.3116167783737183,0.67239910364151,0.2971542179584503,60.86174011230469,1.3116167783737183,0.0,0.00022510087001137435,-1356.2806396484375,0.12957851588726044,1.8438138949277167
4096,66,trace_residue_minus_0_5,-5.018772121923648,0.001633307198062539,-502.0405429121711,278.37689197392683,278.37689197392683,0.0,-0.5,-780.4174348860979,-780.4174348860979,0.0,1560.8348697721958,594.7830150469815,-1965.0728701644648,404.238000392269,1560.865478515625,594.806640625,401.137939453125,205.383544921875,1560.865478515625,594.806640625,0.0,0.0006645587272942066,-1356.2806396484375,0.0016929078847169876,0.02408892445866293
4096,66,trace_residue_plus_0_5,2.086095794073382,0.07996708154678345,200.61287125265986,10.153303448770345,10.153303448770345,0.0,0.5,190.4595678038895,190.4595678038895,0.0,380.919135607779,35.615325344610994,-399.9296868947735,19.010551286994485,381.2015380859375,35.67759704589844,19.045087814331055,10.519095420837402,381.2015380859375,35.67759704589844,0.0,0.041310347616672516,-1356.2806396484375,0.08892664313316345,1.265365474480831
4096,66,trace_residue_plus_1_0,3.8052214170655634,0.0824747383594513,372.2746678706112,9.161730554312669,9.161730554312719,4.973799150320701e-14,1.0,363.1129373162985,363.1129373162985,0.0,363.1129373162985,32.34867221178828,-380.3238091587474,17.21087184244891,363.3694152832031,32.40217590332031,17.240398406982422,9.578054428100586,363.3694152832031,32.40217590332031,0.0,0.07574114948511124,-1356.2806396484375,0.09172967076301575,1.3052506456945885
4096,67,ordinary_branch,0.24238164439775972,0.06442984193563461,17.79518024621251,17.79518024621251,17.79518024621251,0.0,0.0,0.0,0.0,0.0,494.2254809066653,59.904611170977205,-526.8589208162247,32.63343990955934,494.0586853027344,59.861480712890625,32.60613250732422,15.315105438232422,494.0586853027344,59.861480712890625,0.0,0.00637937244027853,-1356.2806396484375,0.07027743756771088,1.0
4096,67,cf_branch,0.24238165111376433,0.06442984193563461,17.79518091781297,17.795180917812957,17.79518091781297,1.4210854715202004e-14,0.0,0.0,0.0,0.0,494.2254895195365,59.90461324579063,-526.8589306094789,32.63344108994238,494.0586853027344,59.861480712890625,32.60613250732422,15.315120697021484,494.0586853027344,59.861480712890625,0.0,0.006379371974617243,-1356.2806396484375,0.07027743756771088,1.0
4096,67,schatten_filtered_cf_branch,0.13204516954718562,0.1286734938621521,0.3371675685033515,0.3371675685033537,0.3371675685033515,2.220446049250313e-15,0.0,0.0,0.0,0.0,60.80034979246557,1.2856674791471778,-61.458506741601,0.6581569491354315,60.62942886352539,1.2949538230895996,0.6646628379821777,0.26467013359069824,60.62942886352539,1.2949538230895996,0.0,0.00020005679107271135,-1356.2806396484375,0.12957851588726044,1.8438138949277167
4096,67,trace_residue_minus_0_5,-5.01878458078421,0.001609246013686061,-502.0393826797896,278.3107170328208,278.31071703282066,1.1368683772161603e-13,-0.5,-780.3500997126102,-780.3500997126102,0.0,1560.7001994252205,594.6809325810307,-1964.856008771641,404.1558093464205,1560.690673828125,594.6737670898438,401.0329895019531,197.17262268066406,1560.690673828125,594.6737670898438,0.0,0.0006877504638396204,-1356.2806396484375,0.0016929078847169876,0.02408892445866293
4096,67,trace_residue_plus_0_5,2.055408905402572,0.07993382960557938,197.54750757969924,9.842369600460017,9.842369600460017,0.0,0.5,187.70513797923923,187.70513797923923,0.0,375.41027595847845,34.59318258353741,-393.85709535745195,18.446819398973503,375.270263671875,34.56565475463867,18.431079864501953,8.470407485961914,375.270263671875,34.56565475463867,0.0,0.04070834070444107,-1356.2806396484375,0.08892664313316345,1.265365474480831
4096,67,trace_residue_plus_1_0,3.7458414988213673,0.08244645595550537,366.3395042865862,8.861665733097936,8.861665733097936,0.0,1.0,357.47783855348825,357.47783855348825,0.0,357.47783855348825,31.352503194559855,-374.14199662584656,16.664158072358305,357.35015869140625,31.32866668701172,16.650665283203125,7.613525390625,357.35015869140625,31.32866668701172,0.0,0.07461953163146973,-1356.2806396484375,0.09172967076301575,1.3052506456945885
4096,68,ordinary_branch,0.24039263654986998,0.06541833281517029,17.497430373469967,17.497430373469967,17.49743037346999,2.1316282072803006e-14,0.0,-2.1316282072803006e-14,0.0,2.1316282072803006e-14,490.41744228452444,58.98537754050551,-522.527747883852,32.1103055993276,490.6871032714844,59.05406188964844,32.14725875854492,17.4072322845459,490.6871032714844,59.05406188964844,0.0,0.006251801736652851,-1356.2806396484375,0.07027743756771088,1.0
4096,68,cf_branch,0.24039263502876054,0.06541832536458969,17.497430966417085,17.497430966417085,17.497430966417085,0.0,0.0,0.0,0.0,0.0,490.41744992882013,58.985379374178805,-522.5277565708118,32.110306641991656,490.6871032714844,59.05406188964844,32.14726257324219,17.407249450683594,490.6871032714844,59.05406188964844,0.0,0.006251801270991564,-1356.2806396484375,0.07027743756771088,1.0
4096,68,schatten_filtered_cf_branch,0.133171400160825,0.12978535890579224,0.33860412550327457,0.3386041255032737,0.33860412550327457,8.881784197001252e-16,0.0,0.0,0.0,0.0,61.04515906237066,1.2916158164179627,-61.706248449711964,0.6610893873413062,61.375579833984375,1.3074414730072021,0.6692492961883545,0.19663941860198975,61.375579833984375,1.3074414730072021,0.0,0.0002023571141762659,-1356.2806396484375,0.12957851588726044,1.8438138949277167
4096,68,trace_residue_minus_0_5,-5.018817900270953,0.0015698610804975033,-502.0387761351451,278.32037351459417,278.32037351459417,0.0,-0.5,-780.3591496497393,-780.3591496497393,0.0,1560.7182992994785,594.6951765877184,-1964.8858388602962,404.16753956081766,1560.7412109375,594.7127075195312,401.0639343261719,205.7014617919922,1560.7412109375,594.7127075195312,0.0,0.0006932538817636669,-1356.2806396484375,0.0016929078847169876,0.02408892445866293
4096,68,trace_residue_plus_0_5,2.026921739074858,0.08133937418460846,194.55823648902498,9.543871475336147,9.54387147533616,1.4210854715202004e-14,0.5,185.0143650136888,185.0143650136888,0.0,370.0287300273776,33.60901215624827,-387.9335619321033,17.90483190472571,370.2489318847656,33.65166473388672,17.92802619934082,9.948128700256348,370.2489318847656,33.65166473388672,0.0,0.04010249674320221,-1356.2806396484375,0.08892664313316345,1.265365474480831
4096,68,trace_residue_plus_1_0,3.6894273663953805,0.08390051126480103,360.55268551305795,8.574216364779744,8.574216364779737,7.105427357601002e-15,1.0,351.97846914827824,351.97846914827824,0.0,351.97846914827824,30.395334073980358,-368.11810795922287,16.139638810944632,352.178466796875,30.43205451965332,16.159547805786133,9.026963233947754,352.178466796875,30.43205451965332,0.0,0.07350576668977737,-1356.2806396484375,0.09172967076301575,1.3052506456945885
4096,69,ordinary_branch,0.2375306269935379,0.06543835997581482,17.20922670177231,17.20922670177231,17.209226701772337,2.842170943040401e-14,0.0,-2.842170943040401e-14,0.0,2.842170943040401e-14,486.6953325718641,58.09373874502654,-518.2987419110585,31.6034093391944,487.04595947265625,58.179630279541016,31.650022506713867,14.664855003356934,487.04595947265625,58.179630279541016,0.0,0.0061416965909302235,-1356.2806396484375,0.07027743756771088,1.0
4096,69,cf_branch,0.23753063313943001,0.06543835997581482,17.20922731636152,17.209227316361478,17.20922731636152,4.263256414560601e-14,0.0,0.0,0.0,0.0,486.6953404545784,58.09374064278825,-518.2987508736677,31.6034104190893,487.04595947265625,58.17963409423828,31.650022506713867,14.664855003356934,487.04595947265625,58.17963409423828,0.0,0.006141695659607649,-1356.2806396484375,0.07027743756771088,1.0
4096,69,schatten_filtered_cf_branch,0.1320731055647008,0.1286732256412506,0.3399879923450191,0.3399879923450193,0.3399879923450191,2.220446049250313e-16,0.0,0.0,0.0,0.0,61.28337531257421,1.2973508697616287,-61.947290757187524,0.6639154446133162,61.71778106689453,1.3181800842285156,0.6748015284538269,0.0687926709651947,61.71778106689453,1.3181800842285156,0.0,0.00019668912864290178,-1356.2806396484375,0.12957851588726044,1.8438138949277167
4096,69,trace_residue_minus_0_5,-5.018760524733806,0.0016275841044262052,-502.0388108838232,278.3958267074197,278.3958267074196,1.1368683772161603e-13,-0.5,-780.4346375912428,-780.4346375912428,0.0,1560.8692751824856,594.8104889771832,-1965.1300923401845,404.26081715769897,1560.9271240234375,594.8545532226562,401.17633056640625,197.27993774414062,1560.9271240234375,594.8545532226562,0.0,0.0006926021887920797,-1356.2806396484375,0.0016929078847169876,0.02408892445866293
4096,69,trace_residue_plus_0_5,1.9979182994484768,0.08149267733097076,191.6425622117506,9.257207569925612,9.257207569925626,1.4210854715202004e-14,0.5,182.38535464182496,182.38535464182496,0.0,364.7707092836499,32.66112800529325,-382.15428897907384,17.38357969542392,365.058837890625,32.714141845703125,17.412370681762695,7.82729434967041,365.058837890625,32.714141845703125,0.0,0.03952585533261299,-1356.2806396484375,0.08892664313316345,1.265365474480831
4096,69,trace_residue_plus_1_0,3.63315890950065,0.08406384289264679,354.9095066608003,8.298751932483015,8.298751932483015,0.0,1.0,346.61075472831726,346.61075472831726,0.0,346.61075472831726,29.47537425799063,-362.24700414310246,15.636249414785198,346.8727722167969,29.521114349365234,15.66101360321045,6.999772548675537,346.8727722167969,29.521114349365234,0.0,0.07243215292692184,-1356.2806396484375,0.09172967076301575,1.3052506456945885
4096,70,ordinary_branch,0.23465891059135402,0.06535808742046356,16.930082317089045,16.930082317089045,16.930082317089045,0.0,0.0,0.0,0.0,0.0,483.055355027318,57.22834244590403,-514.1672941242938,31.11193909697579,482.9969482421875,57.21533203125,31.10242462158203,12.786014556884766,482.9969482421875,57.21533203125,0.0,0.006039228290319443,-1356.2806396484375,0.07027743756771088,1.0
4096,70,cf_branch,0.23465891762892882,0.06535808742046356,16.930083020846524,16.930083020846553,16.930083020846524,2.842170943040401e-14,0.0,0.0,0.0,0.0,483.05536426603794,57.22834463065513,-514.1673046029182,31.111940336880252,482.9969482421875,57.21533203125,31.10242462158203,12.786014556884766,482.9969482421875,57.21533203125,0.0,0.006039227358996868,-1356.2806396484375,0.07027743756771088,1.0
4096,70,schatten_filtered_cf_branch,0.13103988794540736,0.12762625515460968,0.3413632790797675,0.3413632790797685,0.3413632790797675,9.992007221626409e-16,0.0,0.0,0.0,0.0,61.51663908967748,1.3030341523827138,-62.18335863310545,0.6667195434279662,61.46501159667969,1.307387113571167,0.6693585515022278,0.021916061639785767,61.46501159667969,1.307387113571167,0.0,0.0001909625279949978,-1356.2806396484375,0.12957851588726044,1.8438138949277167
4096,70,trace_residue_minus_0_5,-5.018785977378301,0.0016087553231045604,-502.03947327014055,278.52960811082266,278.5296081108228,1.1368683772161603e-13,-0.5,-780.5690813809633,-780.5690813809633,0.0,1561.1381627619267,595.0154473470608,-1965.5645686516518,404.4264058897252,1561.13720703125,595.0147705078125,401.302978515625,191.6138916015625,1561.13720703125,595.0147705078125,0.0,0.0006715428316965699,-1356.2806396484375,0.0016929078847169876,0.02408892445866293
4096,70,trace_residue_plus_0_5,1.9695268925203342,0.0815470740199089,188.79798185004253,8.981801680460165,8.981801680460165,0.0,0.5,179.81618016958237,179.81618016958237,0.0,359.63236033916473,31.747900151587274,-376.51445219193386,16.882091852769122,359.5895080566406,31.740875244140625,16.87790870666504,6.379887580871582,359.5895080566406,31.740875244140625,0.0,0.03896455839276314,-1356.2806396484375,0.08892664313316345,1.265365474480831
4096,70,trace_residue_plus_1_0,3.5781762904012666,0.08412310481071472,349.40531855905516,8.034673177544903,8.034673177544896,7.105427357601002e-15,1.0,341.37064538151026,341.37064538151026,0.0,341.37064538151026,28.590908851322656,-356.5236196552255,15.152974273715245,341.33203125,28.584861755371094,15.149435997009277,5.619075298309326,341.33203125,28.584861755371094,0.0,0.07138442248106003,-1356.2806396484375,0.09172967076301575,1.3052506456945885
4096,71,ordinary_branch,0.23361440949916984,0.06701897829771042,16.65954312014594,16.65954312014594,16.659543120145965,2.4868995751603507e-14,0.0,-2.4868995751603507e-14,0.0,2.4868995751603507e-14,479.49404180049896,56.3879308269575,-510.1291803150342,30.635138514535242,479.6147155761719,56.416542053222656,30.64921760559082,17.365684509277344,479.6147155761719,56.416542053222656,0.0,0.005910138599574566,-1356.2806396484375,0.07027743756771088,1.0
4096,71,cf_branch,0.23361441614089654,0.06701897829771042,16.65954378431861,16.659543784318657,16.65954378431861,4.618527782440651e-14,0.0,0.0,0.0,0.0,479.49405056238174,56.38793289071397,-510.12919024761004,30.635139685228296,479.6147155761719,56.416542053222656,30.649221420288086,17.36568832397461,479.6147155761719,56.416542053222656,0.0,0.005910137668251991,-1356.2806396484375,0.07027743756771088,1.0
4096,71,schatten_filtered_cf_branch,0.13351127462329052,0.13008415699005127,0.3427117633239234,0.3427117633239227,0.3427117633239234,6.661338147750939e-16,0.0,0.0,0.0,0.0,61.744070540647954,1.3085986775306275,-62.41353729670184,0.6694667560538861,61.84233474731445,1.3053102493286133,0.6671820282936096,0.38411858677864075,61.84233474731445,1.3053102493286133,0.0,0.0001945088297361508,-1356.2806396484375,0.12957851588726044,1.8438138949277167
4096,71,trace_residue_minus_0_5,-5.018797060053119,0.0016094055026769638,-502.0406465555796,278.70990878089594,278.7099087808958,1.7053025658242404e-13,-0.5,-780.7505553364754,-780.7505553364754,0.0,1561.5011106729507,595.2919106074767,-1966.1507798707582,404.6496691978075,1561.519287109375,595.3057250976562,401.53302001953125,208.06460571289062,1561.519287109375,595.3057250976562,0.0,0.000629936926998198,-1356.2806396484375,0.0016929078847169876,0.02408892445866293
4096,71,trace_residue_plus_0_5,1.9440047026250726,0.08378372341394424,186.02209792111285,8.717109186688731,8.717109186688731,0.0,0.5,177.30498873442411,177.30498873442411,0.0,354.60997746884823,30.867780231936507,-371.00942589423937,16.399448425391142,354.7029113769531,30.884096145629883,16.408037185668945,9.703347206115723,354.7029113769531,30.884096145629883,0.0,0.03838975355029106,-1356.2806396484375,0.08892664313316345,1.265365474480831
4096,71,trace_residue_plus_1_0,3.5267884917062498,0.08643197268247604,344.03565190237737,7.781414667784929,7.781414667784958,2.842170943040401e-14,1.0,336.25423723459244,336.25423723459244,0.0,336.25423723459244,27.740310845859014,-350.9430897645491,14.688852529956648,336.3378601074219,27.75423812866211,14.696196556091309,8.77789306640625,336.3378601074219,27.75423812866211,0.0,0.07033447921276093,-1356.2806396484375,0.09172967076301575,1.3052506456945885
4096,72,ordinary_branch,0.23120817397052748,0.06723522394895554,16.397295002157193,16.397295002157193,16.39729500215722,2.842170943040401e-14,0.0,-2.842170943040401e-14,0.0,2.842170943040401e-14,476.00962655991316,55.57167080101485,-506.1821215619407,30.172495002027517,476.3524169921875,55.66339111328125,30.223526000976562,15.521232604980469,476.3524169921875,55.66339111328125,0.0,0.005806358065456152,-1356.2806396484375,0.07027743756771088,1.0
4096,72,cf_branch,0.23120818026210763,0.06723522394895554,16.39729563131521,16.39729563131516,16.39729563131521,4.973799150320701e-14,0.0,0.0,0.0,0.0,476.00963505357504,55.57167276636164,-506.1821311675435,30.172496113968464,476.3524169921875,55.66339111328125,30.223527908325195,15.521233558654785,476.3524169921875,55.66339111328125,0.0,0.005806357134133577,-1356.2806396484375,0.07027743756771088,1.0
4096,72,schatten_filtered_cf_branch,0.13286634855860005,0.12942588329315186,0.3440465265448194,0.34404652654481893,0.3440465265448194,4.440892098500626e-16,0.0,0.0,0.0,0.0,61.96706197410822,1.3140961506648254,-62.63924510613116,0.6721831320229441,62.48153305053711,1.3698692321777344,0.7029064297676086,0.2408861219882965,62.48153305053711,1.3698692321777344,0.0,0.00017873798788059503,-1356.2806396484375,0.12957851588726044,1.8438138949277167
4096,72,trace_residue_minus_0_5,-5.018760116451201,0.0016611383762210608,-502.04212548274216,278.92533830862817,278.9253383086282,5.684341886080802e-14,-0.5,-780.9674637913704,-780.9674637913704,0.0,1561.9349275827408,595.6223025858147,-1966.8513853186173,404.9164577358765,1561.9681396484375,595.6477661132812,401.8034362792969,202.6161346435547,1561.9681396484375,595.6477661132812,0.0,0.0005858492222614586,-1356.2806396484375,0.0016929078847169876,0.02408892445866293
4096,72,trace_residue_plus_0_5,1.917302717655486,0.0841750055551529,183.3127712100333,8.462630832154161,8.462630832154154,7.105427357601002e-15,0.5,174.85014037787914,174.85014037787914,0.0,349.7002807557583,30.019348689549282,-365.63508671031116,15.934805954552871,349.976318359375,30.074665069580078,15.965298652648926,8.276533126831055,349.976318359375,30.074665069580078,0.0,0.03784959390759468,-1356.2806396484375,0.08892664313316345,1.265365474480831
4096,72,trace_residue_plus_1_0,3.4748020043089536,0.08683843910694122,338.79635652020124,7.538449971522397,7.538449971522377,1.9539925233402755e-14,1.0,331.2579065486789,331.2579065486789,0.0,331.2579065486789,26.92206044839235,-345.5008946687569,14.242988120078053,331.5047302246094,26.968509674072266,14.268449783325195,7.41762638092041,331.5047302246094,26.968509674072266,0.0,0.06932909041643143,-1356.2806396484375,0.09172967076301575,1.3052506456945885
4096,73,ordinary_branch,0.22884101677387036,0.06741161644458771,16.142940032928266,16.142940032928266,16.14294003292825,1.4210854715202004e-14,0.0,1.4210854715202004e-14,0.0,1.4210854715202004e-14,472.5989408493042,54.77844954182997,-502.3222834886062,29.723342639302018,472.8609619140625,54.84434509277344,29.75920867919922,14.493236541748047,472.8609619140625,54.84434509277344,0.0,0.005709145218133926,-1356.2806396484375,0.07027743756771088,1.0
4096,73,cf_branch,0.22884102358229227,0.06741161644458771,16.142940713770457,16.142940713770486,16.142940713770457,2.842170943040401e-14,0.0,0.0,0.0,0.0,472.59895001351833,54.77845166622855,-502.32229385540086,29.723343841882524,472.8609619140625,54.8443489074707,29.75920867919922,14.493236541748047,472.8609619140625,54.8443489074707,0.0,0.005709144286811352,-1356.2806396484375,0.07027743756771088,1.0
4096,73,schatten_filtered_cf_branch,0.13237360938088916,0.12891986966133118,0.34537397195579733,0.345373971955798,0.34537397195579733,6.661338147750939e-16,0.0,0.0,0.0,0.0,62.18554967921227,1.3195476443616716,-62.86042997975083,0.6748803005385611,62.56060791015625,1.36759614944458,0.7019745111465454,0.19568520784378052,62.56060791015625,1.36759614944458,0.0,0.00017977417155634612,-1356.2806396484375,0.12957851588726044,1.8438138949277167
4096,73,trace_residue_minus_0_5,-5.0188035874575965,0.0016341636655852199,-502.0437751123182,279.16180063696004,279.16180063695987,1.7053025658242404e-13,-0.5,-781.2055757492781,-781.2055757492781,0.0,1562.4111514985561,595.9849731425207,-1967.620453593552,405.2093020949958,1562.45361328125,596.0174560546875,402.09564208984375,199.97897338867188,1562.45361328125,596.0174560546875,0.0,0.0005352436564862728,-1356.2806396484375,0.0016929078847169876,0.02408892445866293
4096,73,trace_residue_plus_0_5,1.8912186487085487,0.08454067260026932,180.66779761082793,8.217882216640987,8.217882216640959,2.842170943040401e-14,0.5,172.44991539418697,172.44991539418697,0.0,344.89983078837395,29.201213924973292,-360.3871728156047,15.487342027230738,345.1044006347656,29.23947525024414,15.508223533630371,7.467628002166748,345.1044006347656,29.23947525024414,0.0,0.037322815507650375,-1356.2806396484375,0.08892664313316345,1.265365474480831
4096,73,trace_residue_plus_1_0,3.4240491646675513,0.087216317653656,333.68328470138954,7.305275911075341,7.305275911075361,1.9539925233402755e-14,1.0,326.3780087903142,326.3780087903142,0.0,326.3780087903142,26.13469369955188,-340.19253014314836,13.814521352834163,326.5609130859375,26.166851043701172,13.83199405670166,6.647854328155518,326.5609130859375,26.166851043701172,0.0,0.06834684312343597,-1356.2806396484375,0.09172967076301575,1.3052506456945885
4096,74,ordinary_branch,0.22646540451814076,0.06750431656837463,15.896108794976612,15.896108794976612,15.89610879497657,4.263256414560601e-14,0.0,4.263256414560601e-14,0.0,4.263256414560601e-14,469.2591268196702,54.007238323140555,-498.54619128349873,29.28706446382853,469.2171630859375,53.99769592285156,29.2799015045166,13.270291328430176,469.2171630859375,53.99769592285156,0.0,0.005615033209323883,-1356.2806396484375,0.07027743756771088,1.0
4096,74,cf_branch,0.22646541138767162,0.06750431656837463,15.896109481929699,15.896109481929727,15.896109481929699,2.842170943040401e-14,0.0,0.0,0.0,0.0,469.25913617759943,54.007240472671796,-498.5462018565373,29.287065678937893,469.2171630859375,53.99769592285156,29.2799015045166,13.270291328430176,469.2171630859375,53.99769592285156,0.0,0.005615032743662596,-1356.2806396484375,0.07027743756771088,1.0
4096,74,schatten_filtered_cf_branch,0.1317443391032589,0.12827719748020172,0.3467141623057175,0.34671416230571594,0.3467141623057175,1.5543122344752192e-15,0.0,0.0,0.0,0.0,62.40059909457341,1.325028979368787,-63.078196379553354,0.6775972849799459,62.396366119384766,1.3423523902893066,0.6879717707633972,0.17898306250572205,62.396366119384766,1.3423523902893066,0.0,0.00019194657215848565,-1356.2806396484375,0.12957851588726044,1.8438138949277167
4096,74,trace_residue_minus_0_5,-5.018821464067553,0.0016333279199898243,-502.04547919875426,279.40751484984105,279.40751484984116,1.1368683772161603e-13,-0.5,-781.4529940485954,-781.4529940485954,0.0,1562.9059880971909,596.3618255317325,-1968.4195892341356,405.51360113694477,1562.9219970703125,596.3739624023438,402.3774719238281,196.37550354003906,1562.9219970703125,596.3739624023438,0.0,0.00047845602966845036,-1356.2806396484375,0.0016929078847169876,0.02408892445866293
4096,74,trace_residue_plus_0_5,1.865643183196416,0.08479247987270355,178.08507033237123,7.982405392312046,7.982405392312032,1.4210854715202004e-14,0.5,170.10266494005919,170.10266494005919,0.0,340.20532988011837,28.41205457015554,-355.2616073503624,15.056277470244027,340.1742248535156,28.407155990600586,15.053399085998535,6.53770112991333,340.1742248535156,28.407155990600586,0.0,0.0368085578083992,-1356.2806396484375,0.08892664313316345,1.265365474480831
4096,74,trace_residue_plus_1_0,3.374400465893339,0.08747601509094238,328.6924450802397,7.081417057175543,7.081417057175569,2.6645352591003757e-14,1.0,321.61102802306414,321.61102802306414,0.0,321.61102802306414,25.37682033527389,-335.0136659501095,13.402637927045362,321.5832824707031,25.372634887695312,13.400219917297363,5.762426853179932,321.5832824707031,25.372634887695312,0.0,0.0673869177699089,-1356.2806396484375,0.09172967076301575,1.3052506456945885
4096,75,ordinary_branch,0.22556762778114006,0.0690031349658966,15.656449281524345,15.656449281524345,15.656449281524353,7.105427357601002e-15,0.0,-7.105427357601002e-15,0.0,7.105427357601002e-15,465.9873994886875,53.25705185316589,-494.8504705957303,28.8630711070428,465.9278869628906,53.23772048950195,28.849853515625,16.69244384765625,465.9278869628906,53.23772048950195,0.0,0.005501390900462866,-1356.2806396484375,0.07027743756771088,1.0
4096,75,cf_branch,0.22556763527822932,0.0690031349658966,15.65645003123327,15.656450031233248,15.65645003123327,2.1316282072803006e-14,0.0,0.0,0.0,0.0,465.98740969598293,53.25705419826994,-494.8504821289026,28.863072432919694,465.9278869628906,53.23772048950195,28.849855422973633,16.692459106445312,465.9278869628906,53.23772048950195,0.0,0.0055013904348015785,-1356.2806396484375,0.07027743756771088,1.0
4096,75,schatten_filtered_cf_branch,0.13369418360655452,0.130213662981987,0.3480520624567529,0.34805206245674825,0.3480520624567529,4.6629367034256575e-15,0.0,0.0,0.0,0.0,62.61154169170186,1.3304862158173725,-63.29184734266391,0.6803056509620475,62.600067138671875,1.3221287727355957,0.6756442189216614,0.7462693452835083,62.600067138671875,1.3221287727355957,0.0,0.0001363316405331716,-1356.2806396484375,0.12957851588726044,1.8438138949277167
4096,75,trace_residue_minus_0_5,-5.018759452169919,0.0017114635556936264,-502.0470915725612,279.64989139231204,279.6498913923121,5.684341886080802e-14,-0.5,-781.6969829648733,-781.6969829648733,0.0,1563.3939659297466,596.7335015402109,-1969.2077095093848,405.8137435796382,1563.388916015625,596.7296142578125,402.6585693359375,208.69549560546875,1563.388916015625,596.7296142578125,0.0,0.00042251613922417164,-1356.2806396484375,0.0016929078847169876,0.02408892445866293
4096,75,trace_residue_plus_0_5,1.8424298930691572,0.08680430054664612,175.5625592522511,7.755767074991184,7.755767074991187,3.552713678800501e-15,0.5,167.80679217725992,167.80679217725992,0.0,335.61358435451984,27.650613939939618,-350.2544575647652,14.640873210245331,335.5651550292969,27.63888168334961,14.634003639221191,8.957473754882812,335.5651550292969,27.63888168334961,0.0,0.03628679737448692,-1356.2806396484375,0.08892664313316345,1.265365474480831
4096,75,trace_residue_plus_1_0,3.327751094939245,0.08955125510692596,323.8199839832319,6.866424100293045,6.866424100293052,7.105427357601002e-15,1.0,316.95355988293886,316.95355988293886,0.0,316.95355988293886,24.647119530748352,-329.9601261785037,13.006566295564824,316.9114990234375,24.637601852416992,13.001066207885742,8.045729637145996,316.9114990234375,24.637601852416992,0.0,0.06642968207597733,-1356.2806396484375,0.09172967076301575,1.3052506456945885
4096,76,ordinary_branch,0.22328464075717988,0.06904751807451248,15.42371226826674,15.42371226826674,15.423712268266744,3.552713678800501e-15,0.0,-3.552713678800501e-15,0.0,3.552713678800501e-15,462.78222328424454,52.527216043291986,-491.2331752631394,28.450951978894864,463.065185546875,52.58686065673828,28.482440948486328,15.200601577758789,463.065185546875,52.58686065673828,0.0,0.00541312899440527,-1356.2806396484375,0.07027743756771088,1.0
4096,76,cf_branch,0.22328464768038772,0.06904751807451248,15.423712960587523,15.423712960587523,15.423712960587523,0.0,0.0,0.0,0.0,0.0,462.78223285079,52.52721821557669,-491.2331860559618,28.4509532051718,463.065185546875,52.58686828613281,28.482440948486328,15.200601577758789,463.065185546875,52.58686828613281,0.0,0.005413128528743982,-1356.2806396484375,0.07027743756771088,1.0
4096,76,schatten_filtered_cf_branch,0.13303743899691628,0.12954355776309967,0.3493881233816618,0.34938812338166514,0.3493881233816618,3.3306690738754696e-15,0.0,0.0,0.0,0.0,62.818547643721104,1.3359166313502766,-63.501552673650295,0.6830050299291912,63.12659454345703,1.3396062850952148,0.6846557855606079,0.3863876461982727,63.12659454345703,1.3396062850952148,0.0,0.0001641744456719607,-1356.2806396484375,0.12957851588726044,1.8438138949277167
4096,76,trace_residue_minus_0_5,-5.018814394028181,0.0016707672039046884,-502.0485161232085,279.8758044702679,279.8758044702678,1.1368683772161603e-13,-0.5,-781.9243205934763,-781.9243205934763,0.0,1563.8486411869526,597.0798656571428,-1969.942113450024,406.09347226307136,1563.9215087890625,597.135498046875,402.9795227050781,205.0393829345703,1563.9215087890625,597.135498046875,0.0,0.0003754145873244852,-1356.2806396484375,0.0016929078847169876,0.02408892445866293
4096,76,trace_residue_plus_0_5,1.8179817122497182,0.08699741959571838,173.09842926539997,7.537568139811583,7.537568139811565,1.7763568394002505e-14,0.5,165.56086112558842,165.56086112558842,0.0,331.12172225117683,26.915733338691258,-345.3621703291766,14.240448077999758,331.3352355957031,26.947385787963867,14.25724983215332,7.81069278717041,331.3352355957031,26.947385787963867,0.0,0.035796068608760834,-1356.2806396484375,0.08892664313316345,1.265365474480831
4096,76,trace_residue_plus_1_0,3.2803716944474774,0.08974863588809967,319.0623058559378,6.65987786222297,6.659877862222988,1.7763568394002505e-14,1.0,312.4024279937148,312.4024279937148,0.0,312.4024279937148,23.944355087250905,-325.0280134948127,12.625585501097873,312.5943908691406,23.971389770507812,12.639925003051758,6.966507911682129,312.5943908691406,23.971389770507812,0.0,0.06551208347082138,-1356.2806396484375,0.09172967076301575,1.3052506456945885
4096,77,ordinary_branch,0.22089843047190244,0.06892266869544983,15.19757617764526,15.19757617764526,15.197576177645313,5.3290705182007514e-14,0.0,-5.3290705182007514e-14,0.0,5.3290705182007514e-14,459.6409828439355,51.816825246757915,-487.6911498886951,28.050167044759633,459.6146240234375,51.81148147583008,28.045507431030273,13.404391288757324,459.6146240234375,51.81148147583008,0.0,0.005331489257514477,-1356.2806396484375,0.07027743756771088,1.0
4096,77,cf_branch,0.2208984377271409,0.06892266869544983,15.197576903169107,15.197576903169079,15.197576903169107,2.842170943040401e-14,0.0,0.0,0.0,0.0,459.6409929469228,51.81682752690136,-487.6911612778108,28.050168330888027,459.6146545410156,51.81148147583008,28.045507431030273,13.404376029968262,459.6146545410156,51.81148147583008,0.0,0.005331489257514477,-1356.2806396484375,0.07027743756771088,1.0
4096,77,schatten_filtered_cf_branch,0.13205353652954502,0.12854617834091187,0.3507358188633142,0.3507358188633134,0.3507358188633142,7.771561172376096e-16,0.0,0.0,0.0,0.0,63.0224497593008,1.341374701939627,-63.70817238529855,0.6857226259977551,62.9527473449707,1.3269963264465332,0.6774864196777344,0.2911815643310547,62.9527473449707,1.3269963264465332,0.0,0.00018253883172292262,-1356.2806396484375,0.12957851588726044,1.8438138949277167
4096,77,trace_residue_minus_0_5,-5.018829708588889,0.0016675160732120275,-502.04972246621014,280.07766188349365,280.07766188349365,0.0,-0.5,-782.1273843497038,-782.1273843497038,0.0,1564.2547686994076,597.38929264825,-1970.598161183476,406.3433924840683,1564.214111328125,597.3582153320312,403.1554870605469,199.3801727294922,1564.214111328125,597.3582153320312,0.0,0.00034029546077363193,-1356.2806396484375,0.0016929078847169876,0.02408892445866293
4096,77,trace_residue_plus_0_5,1.7938741818707007,0.08696623146533966,170.6907950405361,7.327419339525875,7.327419339525871,3.552713678800501e-15,0.5,163.36337570101023,163.36337570101023,0.0,326.72675140202045,26.206272967417263,-340.5810864090514,13.854335007030954,326.70343017578125,26.202775955200195,13.852214813232422,6.490804672241211,326.70343017578125,26.202775955200195,0.0,0.0353187657892704,-1356.2806396484375,0.08892664313316345,1.265365474480831
4096,77,trace_residue_plus_1_0,3.2338723527850948,0.0897141546010971,314.41581981839977,6.461376251898656,6.461376251898653,3.552713678800501e-15,1.0,307.95444356650114,307.95444356650114,0.0,307.95444356650114,23.267333170905573,-320.21344527926345,12.259001712762313,307.932861328125,23.264284133911133,12.2572021484375,5.7172698974609375,307.932861328125,23.264284133911133,0.0,0.0646168440580368,-1356.2806396484375,0.09172967076301575,1.3052506456945885
4096,78,ordinary_branch,0.21929607205081766,0.06951877474784851,14.977729730296915,14.977729730296915,14.977729730296922,7.105427357601002e-15,0.0,-7.105427357601002e-15,0.0,7.105427357601002e-15,456.56105951964855,51.12499655395317,-484.2212512574313,27.660191737782725,456.6055908203125,51.13829040527344,27.666461944580078,14.051965713500977,456.6055908203125,51.13829040527344,0.0,0.005240550264716148,-1356.2806396484375,0.07027743756771088,1.0
4096,78,cf_branch,0.2192960794925491,0.06951877474784851,14.977730474470057,14.977730474470007,14.977730474470057,4.973799150320701e-14,0.0,0.0,0.0,0.0,456.5610699504614,51.12499889561833,-484.2212630082491,27.660193057787694,456.6056213378906,51.13829803466797,27.666461944580078,14.051965713500977,456.6056213378906,51.13829803466797,0.0,0.005240549799054861,-1356.2806396484375,0.07027743756771088,1.0
4096,78,schatten_filtered_cf_branch,0.13241569887373256,0.12889501452445984,0.352068434927271,0.3520684349272756,0.352068434927271,4.551914400963142e-15,0.0,0.0,0.0,0.0,63.222149420995265,1.3467645802795412,-63.91055730035268,0.6884078793574133,63.17529296875,1.3477354049682617,0.6888472437858582,0.3936961591243744,63.17529296875,1.3477354049682617,0.0,0.00014565978199243546,-1356.2806396484375,0.12957851588726044,1.8438138949277167
4096,78,trace_residue_minus_0_5,-5.018823231153185,0.0016837199218571186,-502.05069510750417,280.2485927928245,280.24859279282447,5.684341886080802e-14,-0.5,-782.2992879003286,-782.2992879003286,0.0,1564.5985758006573,597.6512718089973,-1971.1535819756875,406.55500617503026,1564.634765625,597.678955078125,403.4092712402344,202.6964569091797,1564.634765625,597.678955078125,0.0,0.00032539479434490204,-1356.2806396484375,0.0016929078847169876,0.02408892445866293
4096,78,trace_residue_plus_0_5,1.7712255122175926,0.08784714341163635,168.33783688059563,7.124951973916268,7.124951973916243,2.4868995751603507e-14,0.5,161.2128849066794,161.2128849066794,0.0,322.4257698133588,25.52114785277517,-335.90767043051096,13.481900617152178,322.46221923828125,25.529266357421875,13.486285209655762,6.892877101898193,322.46221923828125,25.529266357421875,0.0,0.03484258055686951,-1356.2806396484375,0.08892664313316345,1.265365474480831
4096,78,trace_residue_plus_1_0,3.18939032785181,0.09061978757381439,309.87705402779955,6.270538806501833,6.270538806501815,1.7763568394002505e-14,1.0,303.60651522129774,303.60651522129774,0.0,303.60651522129774,22.61491854960429,-315.5126720484274,11.906156827129678,303.638427734375,22.621479034423828,11.909687042236328,6.099390029907227,303.638427734375,22.621479034423828,0.0,0.06373187154531479,-1356.2806396484375,0.09172967076301575,1.3052506456945885
4096,79,ordinary_branch,0.21791666525365258,0.07027743756771088,14.76392276859417,14.76392276859417,14.763922768594192,2.1316282072803006e-14,0.0,-2.1316282072803006e-14,0.0,2.1316282072803006e-14,453.540583781898,50.45103234566105,-480.82119165118013,27.280607869282107,453.174560546875,50.367977142333984,27.232219696044922,15.253393173217773,453.174560546875,50.367977142333984,0.0,0.005148001946508884,-1356.2806396484375,0.07027743756771088,1.0
4096,79,cf_branch,0.21791667292386585,0.07027743756771088,14.763923535615497,14.763923535615504,14.763923535615497,7.105427357601002e-15,0.0,0.0,0.0,0.0,453.54059455543756,50.45103475954315,-480.82120378532534,27.280609229887773,453.1745910644531,50.36798095703125,27.232219696044922,15.253393173217773,453.1745910644531,50.36798095703125,0.0,0.005148001946508884,-1356.2806396484375,0.07027743756771088,1.0
4096,79,schatten_filtered_cf_branch,0.1331119387553109,0.12957851588726044,0.35334228680504853,0.3533422868050451,0.35334228680504853,3.4416913763379853e-15,0.0,0.0,0.0,0.0,63.415704645216465,1.3519225679964482,-64.10668081659776,0.6909761713812941,62.958656311035156,1.3349429368972778,0.6824489235877991,0.7043797969818115,62.958656311035156,1.3349429368972778,0.0,0.00017134341760538518,-1356.2806396484375,0.12957851588726044,1.8438138949277167
4096,79,trace_residue_minus_0_5,-5.018821735420097,0.0016929078847169876,-502.0514643304814,280.38188419110884,280.38188419110884,0.0,-0.5,-782.4333485215902,-782.4333485215902,0.0,1564.8666970431805,597.8555720265051,-1971.5867229221853,406.7200258790049,1564.8314208984375,597.82861328125,403.52752685546875,206.99417114257812,1564.8314208984375,597.82861328125,0.0,0.0003194699820596725,-1356.2806396484375,0.0016929078847169876,0.02408892445866293
4096,79,trace_residue_plus_0_5,1.7493052984367297,0.08892664313316345,166.0378655303566,6.929822083219705,6.929822083219719,1.4210854715202004e-14,0.5,159.10804344713688,159.10804344713688,0.0,318.21608689427376,24.859343531827797,-331.33864024395876,13.122553349685006,317.93865966796875,24.81503677368164,13.098284721374512,7.706048488616943,317.93865966796875,24.81503677368164,0.0,0.03437370806932449,-1356.2806396484375,0.08892664313316345,1.265365474480831
4096,79,trace_residue_plus_1_0,3.1461569348731224,0.09172967076301575,305.44272641101065,6.087008372034489,6.087008372034486,3.552713678800501e-15,1.0,299.3557180389762,299.3557180389762,0.0,299.3557180389762,21.98604174991406,-310.9221500113394,11.566431972363205,299.1092529296875,21.94908332824707,11.546323776245117,6.856703758239746,299.1092529296875,21.94908332824707,0.0,0.06286298483610153,-1356.2806396484375,0.09172967076301575,1.3052506456945885
16384,0,ordinary_branch,6.0255998348059485,0.0009321994730271399,602.4667635332921,602.4667635332921,602.4667635332921,0.0,0.0,0.0,0.0,0.0,4945.461561560631,1496.8612747411628,-5891.398083220305,945.9365216596743,4944.05712890625,1495.973388671875,942.3347778320312,462.2279357910156,4944.05712890625,1495.973388671875,0.0,0.11705856025218964,-6268.798828125,0.05190233886241913,1.0000001435500179
16384,0,cf_branch,6.0255998348059485,0.0009321994730271399,602.4667635332921,602.4667635332921,602.4667635332921,0.0,0.0,0.0,0.0,0.0,4945.461561560631,1496.8612747411628,-5891.398083220305,945.9365216596743,4944.05712890625,1495.973388671875,942.3347778320312,462.2279357910156,4944.05712890625,1495.973388671875,0.0,0.11705856025218964,-6268.798828125,0.05190233141183853,1.0
16384,0,schatten_filtered_cf_branch,0.10818503712988152,0.10379306972026825,0.439196740961327,0.43919674096132155,0.439196740961327,5.440092820663267e-15,0.0,0.0,0.0,0.0,57.71384013793431,1.2995115662947427,-58.4601168792846,0.746276741350286,56.92226791381836,1.0665980577468872,0.5846700668334961,0.5248122215270996,56.92226791381836,1.0665980577468872,0.0,0.002046489156782627,-6268.798828125,0.10331571102142334,1.990579386533257
16384,0,trace_residue_minus_0_5,-18.701707972997205,0.0009321994730271399,-1870.2640172470233,602.4667635332921,602.4667635332921,0.0,-0.5,-2472.7307807803154,-2472.7307807803154,0.0,4945.461561560631,1496.8612747411628,-5891.398083220305,945.9365216596743,4944.05712890625,1495.973388671875,942.3347778320312,462.2279357910156,4944.05712890625,1495.973388671875,0.0,0.07110379636287689,-6268.798828125,0.00441215792670846,0.08500885811272207
16384,0,trace_residue_plus_0_5,30.752907642609102,0.0009321994730271399,3075.1975443136075,602.4667635332921,602.4667635332921,0.0,0.5,2472.7307807803154,2472.7307807803154,0.0,4945.461561560631,1496.8612747411628,-5891.398083220305,945.9365216596743,4944.05712890625,1495.973388671875,942.3347778320312,462.2279357910156,4944.05712890625,1495.973388671875,0.0,0.3028179407119751,-6268.798828125,0.06582251936197281,1.2681996660165287
16384,0,trace_residue_plus_1_0,55.48021545041225,0.0009321994730271399,5547.9283250939225,602.4667635332921,602.4667635332921,0.0,1.0,4945.461561560631,4945.461561560631,0.0,4945.461561560631,1496.8612747411628,-5891.398083220305,945.9365216596743,4944.05712890625,1495.973388671875,942.3347778320312,462.2279357910156,4944.05712890625,1495.973388671875,0.0,0.48892107605934143,-6268.798828125,0.06775425374507904,1.3054183097760577
16384,1,ordinary_branch,5.718349559481121,0.0012611267156898975,571.7088432765431,571.7088432765431,571.7088432765424,6.821210263296962e-13,0.0,6.821210263296962e-13,0.0,6.821210263296962e-13,4844.923825711012,1436.7030617717803,-5747.8592257708115,902.9354000597996,4844.85791015625,1436.6710205078125,900.3186645507812,456.1705627441406,4844.85791015625,1436.6710205078125,0.0,0.11142561584711075,-6268.798828125,0.05190233886241913,1.0000001435500179
16384,1,cf_branch,5.718349559754358,0.0012611267156898975,571.7088433038668,571.7088433038671,571.7088433038668,2.2737367544323206e-13,0.0,0.0,0.0,0.0,4844.923825711012,1436.7030617962591,-5747.859225798182,902.9354000871699,4844.85791015625,1436.6710205078125,900.3186645507812,456.1705627441406,4844.85791015625,1436.6710205078125,0.0,0.11142561584711075,-6268.798828125,0.05190233141183853,1.0
16384,1,schatten_filtered_cf_branch,0.10866940330431255,0.10442875325679779,0.424065004751476,0.42406500475147624,0.424065004751476,2.220446049250313e-16,0.0,0.0,0.0,0.0,58.07892855198588,1.2650811950893213,-58.80284524982309,0.7239166978372111,58.08025360107422,1.2385380268096924,0.6994338631629944,0.27042463421821594,58.08025360107422,1.2385380268096924,0.0,0.00196769624017179,-6268.798828125,0.10331571102142334,1.990579386533257
16384,1,trace_residue_minus_0_5,-18.88751559047614,0.0006956196739338338,-1888.8211210150075,634.389584593122,634.389584593122,0.0,-0.5,-2523.2107056081295,-2523.2107056081295,0.0,5046.421411216259,1558.3862818244365,-6036.665089545397,990.2436783291378,5046.380859375,1558.372802734375,986.8905029296875,499.68963623046875,5046.380859375,1558.372802734375,0.0,0.06744541227817535,-6268.798828125,0.00441215792670846,0.08500885811272207
16384,1,trace_residue_plus_0_5,29.942964596231672,0.0012611283455044031,2994.170346788617,571.7086916933972,571.7086916933971,1.1368683772161603e-13,0.5,2422.4616550952196,2422.4616550952196,0.0,4844.923310190439,1436.7027596001103,-5747.858496274319,902.9351860838797,4844.857421875,1436.6705322265625,900.3184204101562,456.1704406738281,4844.857421875,1436.6705322265625,0.0,0.29515084624290466,-6268.798828125,0.06582251936197281,1.2681996660165287
16384,1,trace_residue_plus_1_0,54.16757886910528,0.001261129043996334,5416.631774006128,571.7086388447278,571.7086388447283,4.547473508864641e-13,1.0,4844.9231351614,4844.9231351614,0.0,4844.9231351614,1436.702655563807,-5747.858247114889,902.9351119534895,4844.857421875,1436.6705322265625,900.318359375,456.17041015625,4844.857421875,1436.6705322265625,0.0,0.47920942306518555,-6268.798828125,0.06775425374507904,1.3054183097760577
16384,2,ordinary_branch,5.426403060406428,0.001657944405451417,542.4745116000977,542.4745116000977,542.4745116000975,2.2737367544323206e-13,0.0,2.2737367544323206e-13,0.0,2.2737367544323206e-13,4745.673146098852,1378.5227935937075,-5607.380437749038,861.7072916501857,4746.17431640625,1378.8681640625,859.686767578125,433.4610595703125,4746.17431640625,1378.8681640625,0.0,0.10604608803987503,-6268.798828125,0.05190233886241913,1.0000001435500179
16384,2,cf_branch,5.426403061551684,0.001657944405451417,542.4745117146233,542.4745117146231,542.4745117146233,2.2737367544323206e-13,0.0,0.0,0.0,0.0,4745.673146396875,1378.5227937967247,-5607.380438199692,861.707291802817,4746.17431640625,1378.8681640625,859.686767578125,433.4613037109375,4746.17431640625,1378.8681640625,0.0,0.10604608058929443,-6268.798828125,0.05190233141183853,1.0
16384,2,schatten_filtered_cf_branch,0.10844357300396165,0.10434842109680176,0.4095151907159893,0.4095151907159895,0.4095151907159893,2.220446049250313e-16,0.0,0.0,0.0,0.0,58.44676850491669,1.2316627670507976,-59.14906185623131,0.7022933513146228,58.8175163269043,1.2647061347961426,0.7203921675682068,0.06285759806632996,58.8175163269043,1.2647061347961426,0.0,0.001888774218969047,-6268.798828125,0.10331571102142334,1.990579386533257
16384,2,trace_residue_minus_0_5,-19.062233629170237,0.0005325169186107814,-1906.2766146088848,667.8036726837154,667.8036726837149,4.547473508864641e-13,-0.5,-2574.0802872925997,-2574.0802872925997,0.0,5148.160574585199,1621.6413869142623,-6184.366750845151,1036.2061762599515,5148.60546875,1621.968994140625,1032.6707763671875,520.3422241210938,5148.60546875,1621.968994140625,0.0,0.06352076679468155,-6268.798828125,0.00441215792670846,0.08500885811272207
16384,2,trace_residue_plus_0_5,29.154103098750255,0.001658306922763586,2915.2444791827493,542.4501679722362,542.4501679722362,0.0,0.5,2372.794311210513,2372.794311210513,0.0,4745.588622421026,1378.4738420588935,-5607.261403674606,861.6727812535801,4746.08984375,1378.819091796875,859.6524658203125,433.44390869140625,4746.08984375,1378.819091796875,0.0,0.28768646717071533,-6268.798828125,0.06582251936197281,1.2681996660165287
16384,2,trace_residue_plus_1_0,52.88181723110364,0.001658386318013072,5288.015884478563,542.4450133638315,542.4450133638318,2.2737367544323206e-13,1.0,4745.570871114731,4745.570871114731,0.0,4745.570871114731,1378.4635190055378,-5607.236360284217,861.6654891694861,4746.072265625,1378.8087158203125,859.645263671875,433.4403076171875,4746.072265625,1378.8087158203125,0.0,0.46965304017066956,-6268.798828125,0.06775425374507904,1.3054183097760577
16384,3,ordinary_branch,5.149330192848879,0.00211563752964139,514.7214555319238,514.7214555319238,514.7214555319235,2.2737367544323206e-13,0.0,2.2737367544323206e-13,0.0,2.2737367544323206e-13,4647.832769602537,1322.3438589929485,-5470.0665170628645,822.2337474603273,4647.3154296875,1322.00634765625,819.9856567382812,410.8368225097656,4647.3154296875,1322.00634765625,0.0,0.10091502964496613,-6268.798828125,0.05190233886241913,1.0000001435500179
16384,3,cf_branch,5.149330187701727,0.00211563752964139,514.7214550172085,514.7214550172084,514.7214550172085,1.1368683772161603e-13,0.0,0.0,0.0,0.0,4647.832767605782,1322.3438578988782,-5470.066514315021,822.2337467092393,4647.3154296875,1322.00634765625,819.9856567382812,410.8370666503906,4647.3154296875,1322.00634765625,0.0,0.10091502219438553,-6268.798828125,0.05190233141183853,1.0
16384,3,schatten_filtered_cf_branch,0.10812904629536879,0.10417395830154419,0.39550879938246064,0.395508799382462,0.39550879938246064,1.3322676295501878e-15,0.0,0.0,0.0,0.0,58.81331260316074,1.1991401542763138,-59.49465694363907,0.6813443404783328,58.51222229003906,1.2512848377227783,0.7269579768180847,0.40427717566490173,58.51222229003906,1.2512848377227783,0.0,0.0018096567364409566,-6268.798828125,0.10331571102142334,1.990579386533257
16384,3,trace_residue_minus_0_5,-19.22486663128266,0.0004475739551708102,-1922.531420523783,702.6699953875341,702.6699953875338,2.2737367544323206e-13,-0.5,-2625.201415911317,-2625.201415911317,0.0,5250.402831822634,1686.4692638235656,-6334.139461259836,1083.7366294372023,5250.0302734375,1686.20751953125,1079.255615234375,540.5394287109375,5250.0302734375,1686.20751953125,0.0,0.059336110949516296,-6268.798828125,0.00441215792670846,0.08500885811272207
16384,3,trace_residue_plus_0_5,28.386128039281356,0.0021171653643250465,2838.401087391703,514.6369707468439,514.6369707468436,2.2737367544323206e-13,0.5,2323.7641166448593,2323.7641166448593,0.0,4647.528233289719,1322.171107253877,-5469.641205268432,822.1129719787132,4647.0107421875,1321.83349609375,819.8656616210938,410.7770690917969,4647.0107421875,1321.83349609375,0.0,0.28042200207710266,-6268.798828125,0.06582251936197281,1.2681996660165287
16384,3,trace_residue_plus_1_0,51.622961544628744,0.0021174943540245295,5162.084405027472,514.6193115042083,514.6193115042081,2.2737367544323206e-13,1.0,4647.465093523264,4647.465093523264,0.0,4647.465093523264,1322.135141903751,-5469.5528723452,822.0877788219359,4646.94775390625,1321.797607421875,819.8406372070312,410.7643127441406,4646.94775390625,1321.797607421875,0.0,0.4602517783641815,-6268.798828125,0.06775425374507904,1.3054183097760577
16384,4,ordinary_branch,4.886689339238906,0.002643856918439269,488.40454823204664,488.40454823204664,488.40454823204664,0.0,0.0,0.0,0.0,0.0,4551.518291324377,1268.1801989558799,-5336.00870453913,784.4904132147531,4553.38134765625,1269.28271484375,783.5166625976562,379.5671691894531,4553.38134765625,1269.28271484375,0.0,0.09602675586938858,-6268.798828125,0.05190233886241913,1.0000001435500179
16384,4,cf_branch,4.886689337810041,0.002643856918439269,488.40454808916013,488.40454808916047,488.40454808916013,3.410605131648481e-13,0.0,0.0,0.0,0.0,4551.518290549517,1268.1801985986642,-5336.008703537315,784.4904129877987,4553.38134765625,1269.28271484375,783.5166625976562,379.5671691894531,4553.38134765625,1269.28271484375,0.0,0.09602674096822739,-6268.798828125,0.05190233141183853,1.0
16384,4,schatten_filtered_cf_branch,0.10746465617207535,0.10364390164613724,0.3820754525938108,0.3820754525938099,0.3820754525938108,8.881784197001252e-16,0.0,0.0,0.0,0.0,59.18745127879083,1.1676643028273568,-59.84859334793116,0.6611420691403254,59.938167572021484,1.2516570091247559,0.7142940759658813,0.1435583233833313,59.938167572021484,1.2516570091247559,0.0,0.0017299531027674675,-6268.798828125,0.10331571102142334,1.990579386533257
16384,4,trace_residue_minus_0_5,-19.374456522356773,0.00046110403491184115,-1937.4917626391684,738.9118787337502,738.9118787337507,4.547473508864641e-13,-0.5,-2676.403641372919,-2676.403641372919,0.0,5352.807282745838,1752.655177673259,-6485.50788046773,1132.7005977218914,5354.5361328125,1753.81982421875,1128.738525390625,550.1644287109375,5354.5361328125,1753.81982421875,0.0,0.054901912808418274,-6268.798828125,0.00441215792670846,0.08500885811272207
16384,4,trace_residue_plus_0_5,27.638838227134613,0.002647914458066225,2763.6190312676545,488.21482168365674,488.2148216836565,2.2737367544323206e-13,0.5,2275.4042095839977,2275.4042095839977,0.0,4550.808419167995,1267.785844843711,-5335.025374920425,784.2169557524294,4552.671875,1268.88818359375,783.2446899414062,379.4328918457031,4552.671875,1268.88818359375,0.0,0.2733541429042816,-6268.798828125,0.06582251936197281,1.2681996660165287
16384,4,trace_residue_plus_1_0,50.39103167543869,0.0026487766299396753,5038.838289880875,488.17556779992856,488.175567799929,4.547473508864641e-13,1.0,4550.662722080946,4550.662722080946,0.0,4550.662722080946,1267.7045702824298,-5334.823213008009,784.1604909270627,4552.52587890625,1268.806884765625,783.1885375976562,379.4053039550781,4552.52587890625,1268.806884765625,0.0,0.4510056972503662,-6268.798828125,0.06775425374507904,1.3054183097760577
16384,5,ordinary_branch,4.637994747846769,0.0032320376485586166,463.47627101982107,463.47627101982107,463.47627101982096,1.1368683772161603e-13,0.0,1.1368683772161603e-13,0.0,1.1368683772161603e-13,4456.836795330048,1216.0365063584882,-5205.284236302694,748.4474409726463,4459.4638671875,1217.5257568359375,747.9453735351562,371.6723937988281,4459.4638671875,1217.5257568359375,0.0,0.09137425571680069,-6268.798828125,0.05190233886241913,1.0000001435500179
16384,5,cf_branch,4.637994748963772,0.0032320376485586166,463.47627113152134,463.47627113152157,463.47627113152134,2.2737367544323206e-13,0.0,0.0,0.0,0.0,4456.836795538664,1216.0365065347191,-5205.28423665242,748.4474411137562,4459.4638671875,1217.5257568359375,747.9453735351562,371.6723937988281,4459.4638671875,1217.5257568359375,0.0,0.09137426316738129,-6268.798828125,0.05190233141183853,1.0
16384,5,schatten_filtered_cf_branch,0.1077761412036039,0.10408404469490051,0.36920965087033875,0.3692096508703422,0.36920965087033875,3.4416913763379853e-15,0.0,0.0,0.0,0.0,59.56871530227363,1.137247381971296,-60.21040433375695,0.6416890314833168,60.20951461791992,1.107944369316101,0.6121698617935181,0.10684901475906372,60.20951461791992,1.107944369316101,0.0,0.0016630206955596805,-6268.798828125,0.10331571102142334,1.990579386533257
16384,5,trace_residue_minus_0_5,-19.51017251901788,0.0005383006064221263,-1951.0710819624298,776.4152894206413,776.4152894206411,2.2737367544323206e-13,-0.5,-2727.486371383071,-2727.486371383071,0.0,5454.972742766142,1819.9289906581228,-6637.890255178575,1182.917512412433,5457.59765625,1821.713134765625,1178.818115234375,586.8392333984375,5457.59765625,1821.713134765625,0.0,0.05023546144366264,-6268.798828125,0.00441215792670846,0.08500885811272207
16384,5,trace_residue_plus_0_5,26.911989475190893,0.0032407199032604694,2690.8748755287634,463.129558218669,463.12955821866854,4.547473508864641e-13,0.5,2227.745317310095,2227.745317310095,0.0,4455.49063462019,1215.3042269310126,-5203.434331458687,747.9436968384971,4458.1171875,1216.7930908203125,747.4440307617188,371.4222106933594,4458.1171875,1216.7930908203125,0.0,0.26647835969924927,-6268.798828125,0.06582251936197281,1.2681996660165287
16384,5,trace_residue_plus_1_0,49.18599726750483,0.0032425413373857737,4918.275472616744,463.0585145111795,463.05851451117996,4.547473508864641e-13,1.0,4455.216958105564,4455.216958105564,0.0,4455.216958105564,1215.154740857375,-5203.057633570008,747.8406754644438,4457.84326171875,1216.643310546875,747.3414306640625,371.37115478515625,4457.84326171875,1216.643310546875,0.0,0.4419139325618744,-6268.798828125,0.06775425374507904,1.3054183097760577
16384,6,ordinary_branch,4.402718827528747,0.0038469613064080477,439.8871866222339,439.8871866222339,439.8871866222339,0.0,0.0,0.0,0.0,0.0,4363.88635930419,1165.9086566336173,-5077.9563824120305,714.0700231078408,4364.943359375,1166.532958984375,713.164794921875,346.5555419921875,4364.943359375,1166.532958984375,0.0,0.08695400506258011,-6268.798828125,0.05190233886241913,1.0000001435500179
16384,6,cf_branch,4.402718828081553,0.0038469613064080477,439.8871866775145,439.88718667751436,439.8871866775145,1.1368683772161603e-13,0.0,0.0,0.0,0.0,4363.886359542608,1165.9086567582199,-5077.956382733747,714.0700231911387,4364.94287109375,1166.532958984375,713.164794921875,346.5557861328125,4364.94287109375,1166.532958984375,0.0,0.08695400506258011,-6268.798828125,0.05190233141183853,1.0
16384,6,schatten_filtered_cf_branch,0.10724615119526237,0.10367719829082489,0.35689529044374835,0.3568952904437488,0.35689529044374835,4.440892098500626e-16,0.0,0.0,0.0,0.0,59.95573555934243,1.107871090787195,-60.57870535265509,0.622969793312663,60.66145324707031,1.2162370681762695,0.6851773262023926,-0.2936685085296631,60.66145324707031,1.2162370681762695,0.0,0.0016015267465263605,-6268.798828125,0.10331571102142334,1.990579386533257
16384,6,trace_residue_minus_0_5,-19.631251206784754,0.0006850103382021189,-1963.1936217122957,815.0189801580027,815.0189801580027,0.0,-0.5,-2778.2126018702984,-2778.2126018702984,0.0,5556.425203740597,1887.95328806595,-6790.574948025558,1234.1497442849613,5557.2431640625,1888.5303955078125,1228.4940185546875,601.8751831054688,5557.2431640625,1888.5303955078125,0.0,0.045363977551460266,-6268.798828125,0.00441215792670846,0.08500885811272207
16384,6,trace_residue_plus_0_5,26.205294091551742,0.0038630161434412003,2620.14310754083,439.32736598692736,439.3273659869276,2.2737367544323206e-13,0.5,2180.8157415539026,2180.8157415539026,0.0,4361.631483107805,1164.7076744336036,-5074.881752475667,713.2502693678616,4362.68798828125,1165.331787109375,712.3490600585938,346.1525573730469,4362.68798828125,1165.331787109375,0.0,0.25979429483413696,-6268.798828125,0.06582251936197281,1.2681996660165287
16384,6,trace_residue_plus_1_0,48.00777533266879,0.003866346087306738,4800.390898658148,439.2137117816119,439.21371178161235,4.547473508864641e-13,1.0,4361.177186876535,4361.177186876535,0.0,4361.177186876535,1164.4647305685721,-5074.261339034612,713.0841521580769,4362.2333984375,1165.088623046875,712.1837158203125,346.07110595703125,4362.2333984375,1165.088623046875,0.0,0.4329792261123657,-6268.798828125,0.06775425374507904,1.3054183097760577
16384,7,ordinary_branch,4.1804139225456405,0.0045507606118917465,417.58631619337484,417.58631619337484,417.58631619337484,0.0,0.0,0.0,0.0,0.0,4272.755286455154,1117.7840288211605,-4954.074108384371,681.3188219292169,4273.5537109375,1118.1845703125,680.4005737304688,334.7798767089844,4273.5537109375,1118.1845703125,0.0,0.08275504410266876,-6268.798828125,0.05190233886241913,1.0000001435500179
16384,7,cf_branch,4.180413923931469,0.0045507606118917465,417.58631633195773,417.5863163319573,417.58631633195773,4.547473508864641e-13,0.0,0.0,0.0,0.0,4272.755287051201,1117.7840291331675,-4954.074109188947,681.3188221377459,4273.5537109375,1118.1845703125,680.4005737304688,334.7798767089844,4273.5537109375,1118.1845703125,0.0,0.08275503665208817,-6268.798828125,0.05190233141183853,1.0
16384,7,schatten_filtered_cf_branch,0.10730636524817745,0.10385512560606003,0.3451239642117425,0.3451239642117443,0.3451239642117425,1.7763568394002505e-15,0.0,0.0,0.0,0.0,60.34947672858834,1.0795493387748807,-60.954461250665595,0.6049845220772525,59.971580505371094,0.9498350024223328,0.519902765750885,0.5170009136199951,59.971580505371094,0.9498350024223328,0.0,0.001527888816781342,-6268.798828125,0.10331571102142334,1.990579386533257
16384,7,trace_residue_minus_0_5,-19.737059645769737,0.0009427291806787252,-1973.8002374950415,854.5068539198865,854.5068539198869,4.547473508864641e-13,-0.5,-2828.3070914149284,-2828.3070914149284,0.0,5656.614182829857,1956.3170076227725,-6942.709481928865,1286.0952990990081,5657.916015625,1957.2587890625,1280.0086669921875,632.6298217773438,5657.916015625,1957.2587890625,0.0,0.040323782712221146,-6268.798828125,0.00441215792670846,0.08500885811272207
16384,7,trace_residue_plus_0_5,25.518539312858337,0.004577917046844959,2551.3961395811493,416.75492435360457,416.754924353605,4.547473508864641e-13,0.5,2134.6412152275443,2134.6412152275443,0.0,4269.282430455089,1115.9730883238112,-4949.374520712977,680.0920902578882,4270.08056640625,1116.373046875,679.1792602539062,334.1733703613281,4270.08056640625,1116.373046875,0.0,0.2532952129840851,-6268.798828125,0.06582251936197281,1.2681996660165287
16384,7,trace_residue_plus_1_0,46.85634782626681,0.004583493806421757,4685.176433246039,416.58764434924024,416.5876443492399,3.410605131648481e-13,1.0,4268.588788896799,4268.588788896799,0.0,4268.588788896799,1115.609965873247,-4948.4344896902685,679.8457007934694,4269.38671875,1116.0098876953125,678.9341430664062,334.0520324707031,4269.38671875,1116.0098876953125,0.0,0.42419910430908203,-6268.798828125,0.06775425374507904,1.3054183097760577
16384,8,ordinary_branch,3.970498110915114,0.005281748250126839,396.5216362664987,396.5216362664987,396.52163626649906,3.410605131648481e-13,0.0,-3.410605131648481e-13,0.0,3.410605131648481e-13,4183.521975964308,1071.6421876591455,-4833.672588858348,650.15061289404,4184.234375,1072.01513671875,649.3676147460938,315.7414245605469,4184.234375,1072.01513671875,0.0,0.07877296209335327,-6268.798828125,0.05190233886241913,1.0000001435500179
16384,8,cf_branch,3.970498112078402,0.005281748250126839,396.5216363828275,396.5216363828272,396.5216363828275,3.410605131648481e-13,0.0,0.0,0.0,0.0,4183.521976292133,1071.6421878773876,-4833.672589345858,650.1506130537246,4184.234375,1072.01513671875,649.3676147460938,315.7414245605469,4184.234375,1072.01513671875,0.0,0.07877296209335327,-6268.798828125,0.05190233141183853,1.0
16384,8,schatten_filtered_cf_branch,0.10704588897415258,0.10370698571205139,0.3338903262101194,0.33389032621011694,0.3338903262101194,2.4424906541753444e-15,0.0,0.0,0.0,0.0,60.749057293403894,1.0522969888782288,-61.33679329222517,0.5877359988212731,60.892608642578125,1.0189000368118286,0.5606157183647156,0.19128045439720154,60.892608642578125,1.0189000368118286,0.0,0.0014700888423249125,-6268.798828125,0.10331571102142334,1.990579386533257
16384,8,trace_residue_minus_0_5,-19.827289474759546,0.0012539270101115108,-1982.8543401769657,894.6029672064524,894.6029672064524,0.0,-0.5,-2877.457307383418,-2877.457307383418,0.0,5754.914614766836,2024.5334903403561,-7093.298587656598,1338.383972889762,5755.45458984375,2024.895263671875,1331.068115234375,653.3365478515625,5755.45458984375,2024.895263671875,0.0,0.03516808897256851,-6268.798828125,0.00441215792670846,0.08500885811272207
16384,8,trace_residue_plus_0_5,24.851369781653485,0.005324430763721466,2484.6045350889763,395.35961280866513,395.3596128086649,2.2737367544323206e-13,0.5,2089.2449222803116,2089.2449222803116,0.0,4178.489844560623,1069.0732587733185,-4826.91310122248,648.4232566618566,4179.2021484375,1069.4456787109375,647.6473999023438,314.8918151855469,4179.2021484375,1069.4456787109375,0.0,0.2469802051782608,-6268.798828125,0.06582251936197281,1.2681996660165287
16384,8,trace_residue_plus_1_0,45.73154288658949,0.005333117209374905,4572.620976938011,395.12784436166476,395.12784436166476,0.0,1.0,4177.493132576346,4177.493132576346,0.0,4177.493132576346,1068.5625261410971,-4825.572433898344,648.0793013219973,4178.205078125,1068.9346923828125,647.304931640625,314.7227783203125,4178.205078125,1068.9346923828125,0.0,0.4155755639076233,-6268.798828125,0.06775425374507904,1.3054183097760577
16384,9,ordinary_branch,3.7724718815675535,0.006067537236958742,376.64043443305945,376.64043443305945,376.6404344330592,2.2737367544323206e-13,0.0,2.2737367544323206e-13,0.0,2.2737367544323206e-13,4096.254495173693,1027.4553897054163,-4716.773261288421,620.5187661147284,4096.1484375,1027.3780517578125,619.5535888671875,308.98724365234375,4096.1484375,1027.3780517578125,0.0,0.07499829679727554,-6268.798828125,0.05190233886241913,1.0000001435500179
16384,9,cf_branch,3.772471880094571,0.006067537236958742,376.6404342857612,376.64043428576133,376.6404342857612,1.1368683772161603e-13,0.0,0.0,0.0,0.0,4096.254494488239,1027.4553893775064,-4716.7732603840395,620.5187658958002,4096.1484375,1027.3780517578125,619.5535888671875,308.98736572265625,4096.1484375,1027.3780517578125,0.0,0.07499828934669495,-6268.798828125,0.05190233141183853,1.0
16384,9,schatten_filtered_cf_branch,0.10726942489684223,0.10403752326965332,0.32319016271889045,0.3231901627188911,0.32319016271889045,6.661338147750939e-16,0.0,0.0,0.0,0.0,61.15620037901681,1.0261437883096336,-61.72743260612222,0.571232227105412,61.04438400268555,1.024958848953247,0.5726211071014404,0.3172992467880249,61.04438400268555,1.024958848953247,0.0,0.0014126873575150967,-6268.798828125,0.10331571102142334,1.990579386533257
16384,9,trace_residue_minus_0_5,-19.901829520702503,0.0016460572369396687,-1990.3475577939441,934.9637117128677,934.963711712868,2.2737367544323206e-13,-0.5,-2925.311269506812,-2925.311269506812,0.0,5850.622539013624,2092.0342792198408,-7241.192630775229,1390.570091761605,5850.638671875,2092.02685546875,1382.1544189453125,689.7788696289062,5850.638671875,2092.02685546875,0.0,0.029965661466121674,-6268.798828125,0.00441215792670846,0.08500885811272207
16384,9,trace_residue_plus_0_5,24.20350206540063,0.006131344009190798,2419.737072139144,375.0896416074638,375.08964160746336,4.547473508864641e-13,0.5,2044.6474305316806,2044.6474305316806,0.0,4089.294861063361,1023.9771682788648,-4707.491651746686,618.1967906833252,4089.1884765625,1023.8998413085938,617.2411499023438,307.8326110839844,4089.1884765625,1023.8998413085938,0.0,0.2408437430858612,-6268.798828125,0.06582251936197281,1.2681996660165287
16384,9,trace_residue_plus_1_0,44.63324832839018,0.006144210696220398,4462.710411769396,374.78296607459197,374.78296607459174,2.2737367544323206e-13,1.0,4087.927445694804,4087.927445694804,0.0,4087.927445694804,1023.2913791030317,-4705.665759564395,617.7383138695905,4087.8212890625,1023.214111328125,616.78466796875,307.6044921875,4087.8212890625,1023.214111328125,0.0,0.4071074426174164,-6268.798828125,0.06775425374507904,1.3054183097760577
16384,10,ordinary_branch,3.5858047818678687,0.006907384842634201,357.88973970252346,357.88973970252346,357.8897397025237,2.2737367544323206e-13,0.0,-2.2737367544323206e-13,0.0,2.2737367544323206e-13,4011.0106711387634,985.1893455967846,-4603.384540577511,592.3738694387475,4010.6435546875,984.9934692382812,591.4451904296875,301.88079833984375,4010.6435546875,984.9934692382812,0.0,0.07142362743616104,-6268.798828125,0.05190233886241913,1.0000001435500179
16384,10,cf_branch,3.5858047797532584,0.006907384842634201,357.8897394910624,357.88973949106276,357.8897394910624,3.410605131648481e-13,0.0,0.0,0.0,0.0,4011.010670185089,985.1893451249375,-4603.384539308339,592.3738691232502,4010.6435546875,984.993408203125,591.4451904296875,301.88079833984375,4010.6435546875,984.993408203125,0.0,0.07142362743616104,-6268.798828125,0.05190233141183853,1.0
16384,10,schatten_filtered_cf_branch,0.10752177485860247,0.10439173877239227,0.31300360862101884,0.31300360862102394,0.31300360862101884,5.10702591327572e-15,0.0,0.0,0.0,0.0,61.56924398755655,1.0010567493493066,-62.12469358420127,0.5554495966447206,61.573184967041016,1.0484013557434082,0.5881005525588989,0.46737104654312134,61.573184967041016,1.0484013557434082,0.0,0.0013507925905287266,-6268.798828125,0.10331571102142334,1.990579386533257
16384,10,trace_residue_minus_0_5,-19.96095074100598,0.002097196877002716,-1996.3047937882982,975.1787099855101,975.1787099855103,2.2737367544323206e-13,-0.5,-2971.4835037738085,-2971.4835037738085,0.0,5942.967007547617,2158.1760216243015,-7385.103000059211,1442.135992511594,5942.681640625,2157.9482421875,1432.691650390625,725.2735595703125,5942.681640625,2157.9482421875,0.0,0.024818792939186096,-6268.798828125,0.00441215792670846,0.08500885811272207
16384,10,trace_residue_plus_0_5,23.574608041533924,0.006998784840106964,2356.760925669382,355.8942066097361,355.89420660973576,3.410605131648481e-13,0.5,2000.8667190596461,2000.8667190596461,0.0,4001.7334381192923,980.6503856362053,-4591.098368905958,589.3649307866654,4001.3662109375,980.4549560546875,588.447998046875,300.36865234375,4001.3662109375,980.4549560546875,0.0,0.2348829209804535,-6268.798828125,0.06582251936197281,1.2681996660165287
16384,10,trace_residue_plus_1_0,43.56129383604276,0.007017065770924091,4355.427677027184,355.50287366588645,355.50287366588657,1.1368683772161603e-13,1.0,3999.924803361297,3999.9248033612967,4.547473508864641e-13,3999.9248033612967,979.762671936936,-4588.700488415312,588.7756850540154,3999.557861328125,979.5675048828125,587.8612060546875,300.07244873046875,3999.557861328125,979.5675048828125,0.0,0.3987952768802643,-6268.798828125,0.06775425374507904,1.3054183097760577
16384,11,ordinary_branch,3.409918693184236,0.0077520450577139854,340.2166648126522,340.2166648126522,340.2166648126521,1.1368683772161603e-13,0.0,1.1368683772161603e-13,0.0,1.1368683772161603e-13,3927.8380259126425,944.8038810813662,-4493.502277494121,565.6642515814783,3928.04296875,944.917236328125,565.0440063476562,283.9643859863281,3928.04296875,944.917236328125,0.0,0.06804286688566208,-6268.798828125,0.05190233886241913,1.0000001435500179
16384,11,cf_branch,3.409918697917715,0.0077520450577139854,340.2166652860001,340.2166652859996,340.2166652860001,4.547473508864641e-13,0.0,0.0,0.0,0.0,3927.838028177619,944.8038821774107,-4493.502280479954,565.6642523023347,3928.04296875,944.917236328125,565.0440063476562,283.9643859863281,3928.04296875,944.917236328125,0.0,0.06804286688566208,-6268.798828125,0.05190233141183853,1.0
16384,11,schatten_filtered_cf_branch,0.10725874937750303,0.10422556847333908,0.3033180904163949,0.303318090416397,0.3033180904163949,2.1094237467877974e-15,0.0,0.0,0.0,0.0,61.98837967100553,0.977027947494441,-62.528757271299455,0.5403776002939225,62.298683166503906,1.0042154788970947,0.548151433467865,0.18132135272026062,62.298683166503906,1.0042154788970947,0.0,0.001299261231906712,-6268.798828125,0.10331571102142334,1.990579386533257
16384,11,trace_residue_minus_0_5,-20.005309180476452,0.0025774072855710983,-2000.7886587762023,1014.772604367814,1014.772604367814,0.0,-0.5,-3015.5612631440163,-3015.5612631440163,0.0,6031.1225262880325,2222.2484498690133,-7523.619070416713,1492.4965441286804,6031.29296875,2222.37841796875,1482.451416015625,743.2232666015625,6031.29296875,2222.37841796875,0.0,0.01987721212208271,-6268.798828125,0.00441215792670846,0.08500885811272207
16384,11,trace_residue_plus_0_5,22.964295474510028,0.007877735421061516,2295.6417739088965,337.7236050064994,337.7236050064994,0.0,0.5,1957.9181689023972,1957.9181689023972,0.0,3915.8363378047943,939.0554119130063,-4477.715713907071,561.8793761022771,3916.041259765625,939.16845703125,561.2718505859375,282.07501220703125,3916.041259765625,939.16845703125,0.0,0.2290959507226944,-6268.798828125,0.06582251936197281,1.2681996660165287
16384,11,trace_residue_plus_1_0,42.51543071941773,0.007902691140770912,4250.752802827696,337.2387095478575,337.2387095478573,2.2737367544323206e-13,1.0,3913.5140932798386,3913.5140932798386,0.0,3913.5140932798386,937.9400053436548,-4474.658225211087,561.144131931248,3913.718994140625,938.0528564453125,560.5390014648438,281.7073669433594,3913.718994140625,938.0528564453125,0.0,0.3906410336494446,-6268.798828125,0.06775425374507904,1.3054183097760577
16384,12,ordinary_branch,3.24428337629598,0.008596341125667095,323.5687035170313,323.5687035170313,323.56870351703105,2.2737367544323206e-13,0.0,2.2737367544323206e-13,0.0,2.2737367544323206e-13,3846.7737866938114,906.2535918770445,-4387.110255042333,540.3364683485215,3845.8994140625,905.82763671875,539.4418334960938,264.2238464355469,3845.8994140625,905.82763671875,0.0,0.06484735012054443,-6268.798828125,0.05190233886241913,1.0000001435500179
16384,12,cf_branch,3.24428338115191,0.008596341125667095,323.56870400262426,323.56870400262414,323.56870400262426,1.1368683772161603e-13,0.0,0.0,0.0,0.0,3846.7737890183926,906.25359300289,-4387.1102581068935,540.336469088501,3845.8994140625,905.8276977539062,539.4417724609375,264.22381591796875,3845.8994140625,905.8276977539062,0.0,0.06484735012054443,-6268.798828125,0.05190233141183853,1.0
16384,12,schatten_filtered_cf_branch,0.10672398787355403,0.10378264635801315,0.2941341515540874,0.2941341515540863,0.2941341515540874,1.1102230246251565e-15,0.0,0.0,0.0,0.0,62.41635307087563,0.9541061833449274,-62.94238616531201,0.5260330944363787,62.26679992675781,0.9570282101631165,0.5269302129745483,0.4282638430595398,62.26679992675781,0.9570282101631165,0.0,0.0012427621986716986,-6268.798828125,0.10331571102142334,1.990579386533257
16384,12,trace_residue_minus_0_5,-20.0359116257304,0.0031109810806810856,-2003.9022606811081,1053.213080162689,1053.2130801626886,4.547473508864641e-13,-0.5,-3057.1153408437967,-3057.1153408437967,0.0,6114.2306816875935,2283.4906569835166,-7655.241604514615,1541.0109228270212,6113.43896484375,2282.884765625,1529.4814453125,755.3203125,6113.43896484375,2282.884765625,0.0,0.015391208231449127,-6268.798828125,0.00441215792670846,0.08500885811272207
16384,12,trace_residue_plus_0_5,22.372203008847872,0.00876365602016449,2236.343935282771,320.5293424444835,320.52934244448363,1.1368683772161603e-13,0.5,1915.8145928382874,1915.8145928382874,0.0,3831.6291856765747,899.1520457865757,-4367.320714308349,535.6915286317744,3830.755615234375,898.7280883789062,534.8131713867188,261.9336853027344,3830.755615234375,898.7280883789062,0.0,0.2234787940979004,-6268.798828125,0.06582251936197281,1.2681996660165287
16384,12,trace_residue_plus_1_0,41.495426709531166,0.008796638809144497,4148.663007072202,319.9429594045796,319.94295940457937,2.2737367544323206e-13,1.0,3828.7200476676226,3828.7200476676226,0.0,3828.7200476676226,897.7847272745169,-4363.516375404375,534.7963277367526,3827.84765625,897.361572265625,533.9215087890625,261.49176025390625,3827.84765625,897.361572265625,0.0,0.3826442360877991,-6268.798828125,0.06775425374507904,1.3054183097760577
16384,13,ordinary_branch,3.088387006900962,0.009446511045098305,307.89404958558634,307.89404958558634,307.89404958558634,0.0,0.0,0.0,0.0,0.0,3767.8452628850937,869.4886274788263,-4284.18110875966,516.3358458745661,3767.21533203125,869.2279052734375,515.6341552734375,245.39031982421875,3767.21533203125,869.2279052734375,0.0,0.061828553676605225,-6268.798828125,0.05190233886241913,1.0000001435500179
16384,13,cf_branch,3.088387007773317,0.00944651011377573,307.89404976595415,307.89404976595415,307.89404976595415,0.0,0.0,0.0,0.0,0.0,3767.8452636301517,869.4886278707119,-4284.181109770589,516.3358461404368,3767.215087890625,869.2279052734375,515.6341552734375,245.39044189453125,3767.215087890625,869.2279052734375,0.0,0.061828553676605225,-6268.798828125,0.05190233141183853,1.0
16384,13,schatten_filtered_cf_branch,0.1062200133166099,0.1033657044172287,0.2854308899381188,0.28543088993811594,0.2854308899381188,2.886579864025407e-15,0.0,0.0,0.0,0.0,62.85084703669418,0.9322495512654048,-63.36323548544639,0.5123884487522119,63.00901794433594,0.9572458267211914,0.5218673944473267,-0.027064502239227295,63.00901794433594,0.9572458267211914,0.0,0.0011973169166594744,-6268.798828125,0.10331571102142334,1.990579386533257
16384,13,trace_residue_minus_0_5,-20.054249667831755,0.003643469652161002,-2005.7893137483916,1089.9247839600716,1089.924783960072,4.547473508864641e-13,-0.5,-3095.7140977084637,-3095.7140977084637,0.0,6191.428195416927,2341.1141118324053,-7778.428976768421,1587.000781351494,6190.5283203125,2340.43798828125,1574.5228271484375,766.5875854492188,6190.5283203125,2340.43798828125,0.0,0.011817743070423603,-6268.798828125,0.00441215792670846,0.08500885811272207
16384,13,trace_residue_plus_0_5,21.797968927249496,0.009663647040724754,2178.830528020877,304.2642317637983,304.2642317637982,1.1368683772161603e-13,0.5,1874.5662962570786,1874.5662962570786,0.0,3749.1325925141573,860.8977598050152,-4259.885322796252,510.7527302820945,3748.50341796875,860.6389770507812,510.06866455078125,242.67129516601562,3748.50341796875,860.6389770507812,0.0,0.21802683174610138,-6268.798828125,0.06582251936197281,1.2681996660165287
16384,13,trace_residue_plus_1_0,40.501033986287375,0.009706149809062481,4049.1327836478313,303.5695034379323,303.5695034379321,2.2737367544323206e-13,1.0,3745.563280209899,3745.563280209899,0.0,3745.563280209899,859.2562160940254,-4255.248351435981,509.6850712260821,3744.935302734375,858.998046875,509.0046081542969,242.15049743652344,3744.935302734375,858.998046875,0.0,0.37480390071868896,-6268.798828125,0.06775425374507904,1.3054183097760577
16384,14,ordinary_branch,2.9418009296321954,0.01038218941539526,293.14187402168,293.14187402168,293.14187402168,0.0,0.0,0.0,0.0,0.0,3691.0702840983868,834.455451882425,-4184.677266551602,493.6069824532151,3690.972900390625,834.373046875,493.0691833496094,239.1999969482422,3690.972900390625,834.373046875,0.0,0.0589749813079834,-6268.798828125,0.05190233886241913,1.0000001435500179
16384,14,cf_branch,2.94180092856696,0.01038218941539526,293.14187391515645,293.14187391515634,293.14187391515645,1.1368683772161603e-13,0.0,0.0,0.0,0.0,3691.070283561945,834.4554516436879,-4184.677265856544,493.6069822945992,3690.97314453125,834.373046875,493.0691833496094,239.1999969482422,3690.97314453125,834.373046875,0.0,0.0589749813079834,-6268.798828125,0.05190233141183853,1.0
16384,14,schatten_filtered_cf_branch,0.10638580634914589,0.10361392796039581,0.277187838875008,0.2771878388750082,0.277187838875008,2.220446049250313e-16,0.0,0.0,0.0,0.0,63.29058148316108,0.9114239884080444,-63.78999985608283,0.4994183729217525,62.83165740966797,0.7917247414588928,0.4222271144390106,0.2790628671646118,62.83165740966797,0.7917247414588928,0.0,0.0011463183909654617,-6268.798828125,0.10331571102142334,1.990579386533257
16384,14,trace_residue_minus_0_5,-20.062090482458373,0.004214633256196976,-2006.630511571457,1124.3098869875175,1124.3098869875173,2.2737367544323206e-13,-0.5,-3130.9403985589743,-3130.9403985589743,0.0,6261.8807971179485,2394.332463887071,-7891.656062814167,1629.7752656962184,6262.2412109375,2394.606689453125,1617.1702880859375,795.7658081054688,6262.2412109375,2394.606689453125,0.0,0.00992326159030199,-6268.798828125,0.00441215792670846,0.08500885811272207
16384,14,trace_residue_plus_0_5,21.2412957723144,0.010659687221050262,2123.0636085093347,288.8824694648715,288.8824694648713,2.2737367544323206e-13,0.5,1834.1811390444634,1834.1811390444636,2.2737367544323206e-13,3668.3622780889273,824.2480548473308,-4155.37675153385,487.01447344492317,3668.2646484375,824.165771484375,486.4945068359375,235.95819091796875,3668.2646484375,824.165771484375,0.0,0.2127334624528885,-6268.798828125,0.06582251936197281,1.2681996660165287
16384,14,trace_residue_plus_1_0,39.53205369992899,0.010713648051023483,3952.134005187796,288.07365850989663,288.0736585098965,1.1368683772161603e-13,1.0,3664.0603466778994,3664.0603466778994,0.0,3664.0603466778994,822.31216162599,-4149.8237926545535,485.7634459766541,3663.962890625,822.2301025390625,485.2471008300781,235.34303283691406,3663.962890625,822.2301025390625,0.0,0.36711686849594116,-6268.798828125,0.06775425374507904,1.3054183097760577
16384,15,ordinary_branch,2.803922367439168,0.011296487413346767,279.2625880025821,279.2625880025821,279.262588002582,1.1368683772161603e-13,0.0,1.1368683772161603e-13,0.0,1.1368683772161603e-13,3616.4578404426575,801.0976321968417,-4088.552086039217,472.09424559655963,3615.43017578125,800.632568359375,471.3761291503906,230.1201934814453,3615.43017578125,800.632568359375,0.0,0.056282561272382736,-6268.798828125,0.05190233886241913,1.0000001435500179
16384,15,cf_branch,2.8039223689709014,0.011296488344669342,279.2625880626232,279.26258806262354,279.2625880626232,3.410605131648481e-13,0.0,0.0,0.0,0.0,3616.457840770483,801.0976323495513,-4088.5520864633804,472.0942456928974,3615.429931640625,800.632568359375,471.3761291503906,230.1203155517578,3615.429931640625,800.632568359375,0.0,0.056282564997673035,-6268.798828125,0.05190233141183853,1.0
16384,15,schatten_filtered_cf_branch,0.1062879876943185,0.10359404236078262,0.26939453335358843,0.26939453335359076,0.26939453335358843,2.3314683517128287e-15,0.0,0.0,0.0,0.0,63.73633848980535,0.8916297521812642,-64.22345428594653,0.4871157961411825,63.684906005859375,0.9118566513061523,0.4944521486759186,-0.01874224841594696,63.684906005859375,0.9118566513061523,0.0,0.0011023464612662792,-6268.798828125,0.10331571102142334,1.990579386533257
16384,15,trace_residue_minus_0_5,-20.06159778576742,0.0047621047124266624,-2006.6359890479848,1155.778009421726,1155.7780094217255,4.547473508864641e-13,-0.5,-3162.4139984697104,-3162.4139984697104,0.0,6324.827996939421,2442.4019173499473,-7993.4940460612,1668.666049121779,6324.2724609375,2441.971435546875,1654.67138671875,817.62841796875,6324.2724609375,2441.971435546875,0.0,0.010256904177367687,-6268.798828125,0.00441215792670846,0.08500885811272207
16384,15,trace_residue_plus_0_5,20.70168737492114,0.011643539182841778,2069.0043835738297,274.33972099661787,274.33972099661764,2.2737367544323206e-13,0.5,1794.664662577212,1794.6646625772119,2.2737367544323206e-13,3589.3293251544237,789.1568544219966,-4053.757953792766,464.42862863834216,3588.3037109375,788.6962890625,463.7328796386719,226.34056091308594,3588.3037109375,788.6962890625,0.0,0.20759841799736023,-6268.798828125,0.06582251936197281,1.2681996660165287
16384,15,trace_residue_plus_1_0,38.588071746742365,0.011710576713085175,3857.6361170029277,273.4122238671421,273.41222386714185,2.2737367544323206e-13,1.0,3584.223893135786,3584.223893135786,0.0,3584.223893135786,786.9088697459216,-4047.20888065489,462.9849875191039,3583.20068359375,786.449951171875,462.2940368652344,225.6287078857422,3583.20068359375,786.449951171875,0.0,0.3595863878726959,-6268.798828125,0.06775425374507904,1.3054183097760577
16384,16,ordinary_branch,2.6744207404658256,0.012340985238552094,266.20797552272734,266.20797552272734,266.20797552272757,2.2737367544323206e-13,0.0,-2.2737367544323206e-13,0.0,2.2737367544323206e-13,3544.008332952857,769.3563785266733,-3995.750418301176,451.74208534831905,3543.912353515625,769.3572998046875,451.3829040527344,229.9065399169922,3543.912353515625,769.3572998046875,0.0,0.05373820662498474,-6268.798828125,0.05190233886241913,1.0000001435500179
16384,16,cf_branch,2.674420741280589,0.012340985238552094,266.2079756042037,266.20797560420397,266.2079756042037,2.8421709430404007e-13,0.0,0.0,0.0,0.0,3544.0083333700895,769.3563787261926,-3995.7504188464027,451.74208547631315,3543.912353515625,769.3572998046875,451.3829040527344,229.9065399169922,3543.912353515625,769.3572998046875,0.0,0.05373820289969444,-6268.798828125,0.05190233141183853,1.0
16384,16,schatten_filtered_cf_branch,0.10687017292636536,0.10424989461898804,0.2620278307377325,0.26202783073772906,0.2620278307377325,3.4416913763379853e-15,0.0,0.0,0.0,0.0,64.1866304447176,0.8728172988583324,-64.66207887961306,0.47544843489546906,64.53305053710938,0.9185550212860107,0.5006930232048035,0.24255689978599548,64.53305053710938,0.9185550212860107,0.0,0.0010521222138777375,-6268.798828125,0.10331571102142334,1.990579386533257
16384,16,trace_residue_minus_0_5,-20.055044069564353,0.005295540206134319,-2006.0339609770488,1183.7775437296918,1183.7775437296916,2.2737367544323206e-13,-0.5,-3189.8115047067404,-3189.8115047067404,0.0,6379.623009413481,2484.659888685817,-8082.68546449421,1703.0624550807288,6379.20703125,2484.3369140625,1688.3907470703125,851.9006958007812,6379.20703125,2484.3369140625,0.0,0.012202643789350986,-6268.798828125,0.00441215792670846,0.08500885811272207
16384,16,trace_residue_plus_0_5,20.178903556823258,0.01277068629860878,2016.613287052465,260.5931503086815,260.59315030868106,4.547473508864641e-13,0.5,1756.020136743784,1756.020136743784,0.0,3512.040273487568,755.5767927718125,-3954.9878657690365,442.9475922814686,3511.94580078125,755.5786743164062,442.6087951660156,225.4820098876953,3511.94580078125,755.5786743164062,0.0,0.20261353254318237,-6268.798828125,0.06582251936197281,1.2681996660165287
16384,16,trace_residue_plus_1_0,37.6689152904334,0.012853258289396763,3765.6062032144,259.54349376367827,259.5434937636784,1.1368683772161603e-13,1.0,3506.0627094507217,3506.0627094507217,0.0,3506.0627094507217,753.0015038241047,-3947.366511471002,441.3038020202803,3505.96875,753.0034790039062,440.9687194824219,224.65440368652344,3505.96875,753.0034790039062,0.0,0.35220760107040405,-6268.798828125,0.06775425374507904,1.3054183097760577
16384,17,ordinary_branch,2.5526303591001898,0.013316153548657894,253.93142055515318,253.93142055515318,253.93142055515318,0.0,0.0,0.0,0.0,0.0,3473.7144718021154,739.1713340195665,-3906.2099700390872,432.4954982369718,3474.41796875,739.5020751953125,432.3855895996094,223.2325897216797,3474.41796875,739.5020751953125,0.0,0.0513404980301857,-6268.798828125,0.05190233886241913,1.0000001435500179
16384,17,cf_branch,2.552630361128315,0.013316153548657894,253.93142075796572,253.93142075796572,253.93142075796572,0.0,0.0,0.0,0.0,0.0,3473.7144731730223,739.1713345599392,-3906.2099717418973,432.49549856887506,3474.41796875,739.5020751953125,432.3855895996094,223.2324676513672,3474.41796875,739.5020751953125,0.0,0.0513404943048954,-6268.798828125,0.05190233141183853,1.0
16384,17,schatten_filtered_cf_branch,0.1069359834022806,0.104385145008564,0.25508383937166057,0.25508383937165746,0.25508383937166057,3.1086244689504383e-15,0.0,0.0,0.0,0.0,64.64354405947961,0.8550074056526604,-65.10796446785024,0.4644204083706285,65.04530334472656,0.922978401184082,0.5050035119056702,0.2718499004840851,65.04530334472656,0.922978401184082,0.0,0.0010089889401569963,-6268.798828125,0.10331571102142334,1.990579386533257
16384,17,trace_residue_minus_0_5,-20.044768995784477,0.005793105345219374,-2005.0562101129694,1207.833771857222,1207.8337718572216,4.547473508864641e-13,-0.5,-3212.889981970191,-3212.889981970191,0.0,6425.779963940382,2520.570639978111,-8158.233454161535,1732.4534902211526,6425.630859375,2520.456787109375,1717.2755126953125,872.6602172851562,6425.630859375,2520.456787109375,0.0,0.014723295345902443,-6268.798828125,0.00441215792670846,0.08500885811272207
16384,17,trace_residue_plus_0_5,19.67233955379249,0.013837548904120922,1965.850200488837,247.6014818173362,247.6014818173362,0.0,0.5,1718.2487186715007,1718.2487186715007,0.0,3436.4974373430014,723.4595876384521,-3859.0219215273773,422.524484184376,3437.199462890625,723.7864379882812,422.4322204589844,218.1761932373047,3437.199462890625,723.7864379882812,0.0,0.197780579328537,-6268.798828125,0.06582251936197281,1.2681996660165287
16384,17,trace_residue_plus_1_0,36.77402955622519,0.01393717247992754,3676.009238374526,246.42729145019712,246.42729145019712,0.0,1.0,3429.581946924329,3429.581946924329,0.0,3429.581946924329,720.5443845669179,-3850.2566647310814,420.6747178067526,3430.28173828125,720.8695068359375,420.5850524902344,217.2393035888672,3430.28173828125,720.8695068359375,0.0,0.3449852764606476,-6268.798828125,0.06775425374507904,1.3054183097760577
16384,18,ordinary_branch,2.438060112384294,0.014180750586092472,242.38793617982014,242.38793617982014,242.38793617982014,0.0,0.0,0.0,0.0,0.0,3405.561450213194,710.4809444471869,-3819.861649418713,414.3001992055192,3405.4833984375,710.4349365234375,413.9799499511719,201.13340759277344,3405.4833984375,710.4349365234375,0.0,0.04908286780118942,-6268.798828125,0.05190233886241913,1.0000001435500179
16384,18,cf_branch,2.4380601143649865,0.014180750586092472,242.3879363778894,242.38793637788967,242.3879363778894,2.8421709430404007e-13,0.0,0.0,0.0,0.0,3405.5614515542984,710.4809449728209,-3819.8616510831525,414.30019952885414,3405.4833984375,710.4349365234375,413.9799499511719,201.13340759277344,3405.4833984375,710.4349365234375,0.0,0.04908286780118942,-6268.798828125,0.05190233141183853,1.0
16384,18,schatten_filtered_cf_branch,0.10611831031999054,0.10363282263278961,0.24854876872009235,0.24854876872009157,0.24854876872009235,7.771561172376096e-16,0.0,0.0,0.0,0.0,65.10668499814346,0.8381836709862369,-65.56070162926666,0.4540166311231957,65.04936218261719,0.8365654945373535,0.4548913836479187,0.021646589040756226,65.04936218261719,0.8365654945373535,0.0,0.0009809457696974277,-6268.798828125,0.10331571102142334,1.990579386533257
16384,18,trace_residue_minus_0_5,-20.033090252368915,0.0061298031359910965,-2003.9220055504907,1227.581734581364,1227.5817345813643,4.547473508864641e-13,-0.5,-3231.503740131855,-3231.503740131855,0.0,6463.00748026371,2549.760839754211,-8219.469919987276,1756.4624397235657,6463.283203125,2549.97509765625,1740.978515625,859.009521484375,6463.283203125,2549.97509765625,0.0,0.01718779094517231,-6268.798828125,0.00441215792670846,0.08500885811272207
16384,18,trace_residue_plus_0_5,19.18154429908881,0.014799626544117928,1916.674467254469,235.3249902017801,235.3249902017804,2.8421709430404007e-13,0.5,1681.3494770526886,1681.3494770526886,0.0,3362.698954105377,692.7562576454309,-3765.8121906045117,403.1132364991345,3362.62109375,692.7105712890625,402.8147888183594,195.6255340576172,3362.62109375,692.7105712890625,0.0,0.19309696555137634,-6268.798828125,0.06582251936197281,1.2681996660165287
16384,18,trace_residue_plus_1_0,35.9029979118283,0.014917257241904736,3588.8080654586397,234.02494901369437,234.0249490136942,1.7053025658242404e-13,1.0,3354.7831164449453,3354.7831164449453,0.0,3354.7831164449453,689.491169574756,-3755.8364701528826,401.0533537079373,3354.705078125,689.44580078125,400.75909423828125,194.61148071289062,3354.705078125,689.44580078125,0.0,0.3379201889038086,-6268.798828125,0.06775425374507904,1.3054183097760577
16384,19,ordinary_branch,2.3305759073555055,0.015233341604471207,231.53425657510343,231.53425657510343,231.5342565751037,2.8421709430404007e-13,0.0,-2.8421709430404007e-13,0.0,2.8421709430404007e-13,3339.5274689793587,683.2229721252603,-3736.6303545172905,397.1028855379318,3338.197265625,682.62841796875,396.46380615234375,203.18295288085938,3338.197265625,682.62841796875,0.0,0.046948716044425964,-6268.798828125,0.05190233886241913,1.0000001435500179
16384,19,cf_branch,2.330575908980918,0.015233341604471207,231.53425673764468,231.53425673764468,231.53425673764468,0.0,0.0,0.0,0.0,0.0,3339.5274698138237,683.2229725160767,-3736.630355604093,397.1028857902693,3338.197265625,682.62841796875,396.46380615234375,203.18295288085938,3338.197265625,682.62841796875,0.0,0.04694870859384537,-6268.798828125,0.05190233141183853,1.0
16384,19,schatten_filtered_cf_branch,0.10661313749819643,0.10418913513422012,0.24240023639763075,0.24240023639762853,0.24240023639763075,2.220446049250313e-15,0.0,0.0,0.0,0.0,65.57486022950616,0.8223025165106691,-66.01906690939853,0.4442066798923747,64.96713256835938,0.7567988634109497,0.40651580691337585,0.7026437520980835,64.96713256835938,0.7567988634109497,0.0,0.000927735585719347,-6268.798828125,0.10331571102142334,1.990579386533257
16384,19,trace_residue_minus_0_5,-20.021698768601727,0.0065262531861662865,-2002.8225021787894,1242.7943587175596,1242.7943587175596,0.0,-0.5,-3245.616860896349,-3245.616860896349,0.0,6491.233721792698,2572.0477380548555,-8266.10916515246,1774.8754433597624,6491.50390625,2572.255615234375,1758.9376220703125,887.8804321289062,6491.50390625,2572.255615234375,0.0,0.01930280774831772,-6268.798828125,0.00441215792670846,0.08500885811272207
16384,19,trace_residue_plus_0_5,18.706419001890566,0.015968671068549156,1869.0450330822018,223.7255198730379,223.7255198730378,1.1368683772161603e-13,0.5,1645.3195132091641,1645.3195132091641,0.0,3290.6390264183283,663.4174113625238,-3675.307752628399,384.6687262100709,3289.31396484375,662.8331298828125,384.05963134765625,196.91482543945312,3289.31396484375,662.8331298828125,0.0,0.1885499507188797,-6268.798828125,0.06582251936197281,1.2681996660165287
16384,19,trace_residue_plus_1_0,35.05574369685988,0.016107723116874695,3503.9635973743,222.29931669149823,222.29931669149795,2.8421709430404007e-13,1.0,3281.664280682802,3281.664280682802,0.0,3281.664280682802,659.7951051917507,-3664.060511817565,382.39623113476273,3280.344970703125,659.2150268554688,381.7941589355469,195.76792907714844,3280.344970703125,659.2150268554688,0.0,0.33100199699401855,-6268.798828125,0.06775425374507904,1.3054183097760577
16384,20,ordinary_branch,2.229395983805423,0.016105543822050095,221.32904399833728,221.32904399833728,221.32904399833717,1.1368683772161603e-13,0.0,1.1368683772161603e-13,0.0,1.1368683772161603e-13,3275.5852564126253,657.3353308535875,-3656.436946428253,380.8516900156278,3277.14208984375,658.0087280273438,381.0558166503906,184.3344268798828,3277.14208984375,658.0087280273438,0.0,0.04494144022464752,-6268.798828125,0.05190233886241913,1.0000001435500179
16384,20,cf_branch,2.2293959889237533,0.016105543822050095,221.32904451017032,221.32904451016998,221.32904451017032,3.410605131648481e-13,0.0,0.0,0.0,0.0,3275.5852593630552,657.3353321166128,-3656.436950182669,380.85169081961385,3277.14208984375,658.0087890625,381.0558166503906,184.3344268798828,3277.14208984375,658.0087890625,0.0,0.04494144022464752,-6268.798828125,0.05190233141183853,1.0
16384,20,schatten_filtered_cf_branch,0.10595777586699155,0.10359152406454086,0.23662518024506862,0.2366251802450705,0.23662518024506862,1.887379141862766e-15,0.0,0.0,0.0,0.0,66.04763672826812,0.8073406036953363,-66.48261044521493,0.4349737169468142,66.97560119628906,0.9690635204315186,0.531112551689148,-0.3904953598976135,66.97560119628906,0.9690635204315186,0.0,0.0009040810982696712,-6268.798828125,0.10331571102142334,1.990579386533257
16384,20,trace_residue_minus_0_5,-20.012361992290217,0.006720499135553837,-2001.908249142577,1253.3965264828912,1253.3965264828903,9.094947017729282e-13,-0.5,-3255.3047756254673,-3255.3047756254673,0.0,6510.609551250935,2587.448254028629,-8298.263156959641,1787.653605708707,6510.41943359375,2587.302734375,1771.1170654296875,874.9284057617188,6510.41943359375,2587.302734375,0.0,0.020912818610668182,-6268.798828125,0.00441215792670846,0.08500885811272207
16384,20,trace_residue_plus_0_5,18.246167381176726,0.01695994846522808,1822.9207432711496,212.76653102729483,212.76653102729472,1.1368683772161603e-13,0.5,1610.154212243855,1610.154212243855,0.0,3220.30842448771,635.3936105579155,-3587.4553740608167,367.14694957310667,3221.857421875,636.0532836914062,367.3629150390625,177.58306884765625,3221.857421875,636.0532836914062,0.0,0.18414580821990967,-6268.798828125,0.06582251936197281,1.2681996660165287
16384,20,trace_residue_plus_1_0,34.2314721794554,0.017120711505413055,3421.4351467949987,211.21477954217153,211.21477954217187,3.410605131648481e-13,1.0,3210.2203672528267,3210.2203672528267,0.0,3210.2203672528267,631.4093022842127,-3574.881264433834,364.6608971810074,3211.76171875,632.0634765625,364.87701416015625,176.36038208007812,3211.76171875,632.0634765625,0.0,0.3242400586605072,-6268.798828125,0.06775425374507904,1.3054183097760577
16384,21,ordinary_branch,2.134500399259532,0.01717270538210869,211.73276938774234,211.73276938774234,211.73276938774234,0.0,0.0,0.0,0.0,0.0,3213.701739370823,632.7561119685245,-3579.1978571378067,365.49611776698384,3214.1591796875,632.9591674804688,365.42474365234375,184.56857299804688,3214.1591796875,632.9591674804688,0.0,0.043043605983257294,-6268.798828125,0.05190233886241913,1.0000001435500179
16384,21,cf_branch,2.1345004036667423,0.01717270538210869,211.73276982846335,211.73276982846346,211.73276982846335,1.1368683772161603e-13,0.0,0.0,0.0,0.0,3213.701742142439,632.7561130905215,-3579.197860612656,365.49611847021697,3214.1591796875,632.9591674804688,365.42474365234375,184.56857299804688,3214.1591796875,632.9591674804688,0.0,0.043043602257966995,-6268.798828125,0.05190233141183853,1.0
16384,21,schatten_filtered_cf_branch,0.1064052084795762,0.10409316420555115,0.23120442740250569,0.2312044274025027,0.23120442740250569,2.9976021664879227e-15,0.0,0.0,0.0,0.0,66.52467947115656,0.793263044955239,-66.95097181791863,0.42629234676206806,66.722412109375,0.774791955947876,0.4121018648147583,0.2674599289894104,66.722412109375,0.774791955947876,0.0,0.0008640381274744868,-6268.798828125,0.10331571102142334,1.990579386533257
16384,21,trace_residue_minus_0_5,-20.005864757750906,0.006947863847017288,-2001.2812621597923,1259.4708399321162,1259.4708399321162,0.0,-0.5,-3260.7521020919085,-3260.7521020919085,0.0,6521.504204183817,2596.1793494327394,-8316.440653280257,1794.93644909644,6521.328125,2596.0390625,1778.2138671875,892.92578125,6521.328125,2596.0390625,0.0,0.021967319771647453,-6268.798828125,0.00441215792670846,0.08500885811272207
16384,21,trace_residue_plus_0_5,17.800768945059453,0.018166327849030495,1778.2602617210423,202.41304328205956,202.41304328205945,1.1368683772161603e-13,0.5,1575.847218438983,1575.847218438983,0.0,3151.694436877966,608.6354814270402,-3502.1994706454784,350.5050337675125,3152.1494140625,608.833984375,350.4526672363281,177.04664611816406,3152.1494140625,608.833984375,0.0,0.1798708736896515,-6268.798828125,0.06582251936197281,1.2681996660165287
16384,21,trace_residue_plus_1_0,33.4301566020407,0.01835249550640583,3341.1804106534287,200.7372188866898,200.7372188866899,1.1368683772161603e-13,1.0,3140.443191766739,3140.443191766739,0.0,3140.443191766739,604.2868749058246,-3488.249150381405,347.805958614666,3140.8955078125,604.4833984375,347.7562255859375,175.69195556640625,3140.8955078125,604.4833984375,0.0,0.31762322783470154,-6268.798828125,0.06775425374507904,1.3054183097760577
16384,22,ordinary_branch,2.0451392719893238,0.01806049421429634,202.70787777750274,202.70787777750274,202.70787777750286,1.1368683772161603e-13,0.0,-1.1368683772161603e-13,0.0,1.1368683772161603e-13,3153.8395778536797,609.4243230521145,-3504.8270081831197,350.98743032944003,3154.309814453125,609.588134765625,350.9051513671875,171.38897705078125,3154.309814453125,609.588134765625,0.0,0.041259005665779114,-6268.798828125,0.05190233886241913,1.0000001435500179
16384,22,cf_branch,2.0451392728402924,0.01806049421429634,202.70787786259962,202.70787786259962,202.70787786259962,0.0,0.0,0.0,0.0,0.0,3153.839578449726,609.4243232790182,-3504.8270089182706,350.9874304685445,3154.309814453125,609.588134765625,350.9051513671875,171.38922119140625,3154.309814453125,609.588134765625,0.0,0.041259001940488815,-6268.798828125,0.05190233141183853,1.0
16384,22,schatten_filtered_cf_branch,0.10594898696317989,0.10368771851062775,0.22612684525521437,0.22612684525520876,0.22612684525521437,5.6066262743570405e-15,0.0,0.0,0.0,0.0,67.00557770091109,0.780055237637862,-67.42372741602063,0.4181497151095357,66.75323486328125,0.6883006691932678,0.3623148500919342,0.25069934129714966,66.75323486328125,0.6883006691932678,0.0,0.0008310048142448068,-6268.798828125,0.10331571102142334,1.990579386533257
16384,22,trace_residue_minus_0_5,-20.00293616769578,0.0069973100908100605,-2000.993347778659,1261.2469743045758,1261.2469743045758,0.0,-0.5,-3262.240322083235,-3262.240322083235,0.0,6524.48064416647,2598.639055581816,-8321.5080996481,1797.0274554816297,6524.32275390625,2598.5146484375,1780.2591552734375,881.6864624023438,6524.32275390625,2598.5146484375,0.0,0.022444220259785652,-6268.798828125,0.00441215792670846,0.08500885811272207
16384,22,trace_residue_plus_0_5,17.369419391666874,0.019195742905139923,1735.0223648761735,192.63166706909988,192.6316670691,1.1368683772161603e-13,0.5,1542.3906978070736,1542.3906978070736,0.0,3084.781395614147,583.0940402561907,-3419.4827788918174,334.7013832776702,3085.24609375,583.2518310546875,334.6375732421875,163.34478759765625,3085.24609375,583.2518310546875,0.0,0.17573098838329315,-6268.798828125,0.06582251936197281,1.2681996660165287
16384,22,trace_residue_plus_1_0,32.65096533777708,0.019407426938414574,3263.1557910838665,190.83401560276138,190.83401560276138,0.0,1.0,3072.321775481105,3072.321775481105,0.0,3072.321775481105,578.3811804573163,-3404.112954284274,331.79117880316926,3072.783203125,578.5372314453125,331.7303161621094,161.9071502685547,3072.783203125,578.5372314453125,0.0,0.3111593723297119,-6268.798828125,0.06775425374507904,1.3054183097760577
16384,23,ordinary_branch,1.9612217797812355,0.019035223871469498,194.2186555909766,194.2186555909766,194.21865559097682,2.2737367544323206e-13,0.0,-2.2737367544323206e-13,0.0,2.2737367544323206e-13,3095.956995949149,587.2798817444282,-3433.2355522641674,337.27855631501825,3096.625244140625,587.55322265625,337.29107666015625,169.68814086914062,3096.625244140625,587.55322265625,0.0,0.039573751389980316,-6268.798828125,0.05190233886241913,1.0000001435500179
16384,23,cf_branch,1.9612217812850987,0.019035223871469498,194.2186557413629,194.2186557413629,194.2186557413629,0.0,0.0,0.0,0.0,0.0,3095.9569972008467,587.2798821671809,-3433.2355537682597,337.27855656741303,3096.625244140625,587.55322265625,337.29107666015625,169.68814086914062,3096.625244140625,587.55322265625,0.0,0.03957374766469002,-6268.798828125,0.05190233141183853,1.0
16384,23,schatten_filtered_cf_branch,0.10612038122643376,0.10390663892030716,0.2213742306126597,0.2213742306126676,0.2213742306126597,7.882583474838611e-15,0.0,0.0,0.0,0.0,67.48998420068529,0.7676784078415377,-67.90050402139303,0.41051982070774784,67.9326171875,0.8605149984359741,0.46718406677246094,-0.06842899322509766,67.9326171875,0.8605149984359741,0.0,0.0008022224064916372,-6268.798828125,0.10331571102142334,1.990579386533257
16384,23,trace_residue_minus_0_5,-20.003441930392757,0.007055053021758795,-2001.0496983414514,1259.0800014698889,1259.080001469888,9.094947017729282e-13,-0.5,-3260.1296998113394,-3260.1296998113394,0.0,6520.259399622679,2595.3757031728223,-8314.627508356214,1794.3681087335353,6520.078125,2595.238525390625,1777.65087890625,892.935302734375,6520.078125,2595.238525390625,0.0,0.022373560816049576,-6268.798828125,0.00441215792670846,0.08500885811272207
16384,23,trace_residue_plus_0_5,16.951988697006854,0.020329603925347328,1693.1659093081507,183.3905457138569,183.39054571385714,2.2737367544323206e-13,0.5,1509.7753635942936,1509.7753635942936,0.0,3019.550727188587,558.7207970414796,-3339.246410727042,319.6956835384549,3020.21337890625,558.9856567382812,319.7245788574219,160.86717224121094,3020.21337890625,558.9856567382812,0.0,0.17171503603458405,-6268.798828125,0.06582251936197281,1.2681996660165287
16384,23,trace_residue_plus_1_0,31.893733859490812,0.020569711923599243,3187.3164147567213,181.47400480324586,181.4740048032461,2.2737367544323206e-13,1.0,3005.842409953475,3005.842409953475,0.0,3005.842409953475,553.6459368744947,-3322.4199054018363,316.57749544836133,3006.5,553.9075927734375,316.6080627441406,159.3065948486328,3006.5,553.9075927734375,0.0,0.30484023690223694,-6268.798828125,0.06775425374507904,1.3054183097760577
16384,24,ordinary_branch,1.8823205599214612,0.020007332786917686,186.23132271345435,186.23132271345435,186.23132271345423,1.1368683772161603e-13,0.0,1.1368683772161603e-13,0.0,1.1368683772161603e-13,3040.009093865752,566.2641649999746,-3364.333446444146,324.3243525783937,3039.59326171875,566.10693359375,324.0845031738281,162.98268127441406,3039.59326171875,566.10693359375,0.0,0.0379842147231102,-6268.798828125,0.05190233886241913,1.0000001435500179
16384,24,cf_branch,1.8823205645741792,0.020007332786917686,186.23132317872614,186.23132317872614,186.23132317872614,0.0,0.0,0.0,0.0,0.0,3040.0090970247984,566.2641662125534,-3364.3334503542615,324.32435332946307,3039.59326171875,566.10693359375,324.0845031738281,162.98268127441406,3039.59326171875,566.10693359375,0.0,0.0379842147231102,-6268.798828125,0.05190233141183853,1.0
16384,24,schatten_filtered_cf_branch,0.10608726537835708,0.10391801595687866,0.21692494214784264,0.2169249421478412,0.21692494214784264,1.4432899320127035e-15,0.0,0.0,0.0,0.0,67.97648693842348,0.756077107871828,-68.37985589432779,0.40336895590431254,68.0195541381836,0.8156992793083191,0.43965351581573486,0.25850778818130493,68.0195541381836,0.8156992793083191,0.0,0.0007706811302341521,-6268.798828125,0.10331571102142334,1.990579386533257
16384,24,trace_residue_minus_0_5,-20.007177023621125,0.006994910538196564,-2001.4171934159322,1253.422545340486,1253.422545340486,0.0,-0.5,-3254.8397387564182,-3254.8397387564182,0.0,6509.6794775128365,2587.05232786735,-8297.185749338674,1787.5062718258378,6509.861328125,2587.194580078125,1771.1761474609375,887.0946655273438,6509.861328125,2587.194580078125,0.0,0.02179245464503765,-6268.798828125,0.00441215792670846,0.08500885811272207
16384,24,trace_residue_plus_0_5,16.547969222248224,0.021468838676810265,1652.6500383571413,174.65935316986133,174.65935316986116,1.7053025658242404e-13,0.5,1477.9906851872802,1477.9906851872802,0.0,2955.9813703745604,535.4679895591448,-3261.430358098304,305.4489877237438,2955.57080078125,535.317138671875,305.2361145019531,153.53578186035156,2955.57080078125,535.317138671875,0.0,0.16782265901565552,-6268.798828125,0.06582251936197281,1.2681996660165287
16384,24,trace_residue_plus_1_0,31.157903456235605,0.021738899871706963,3113.6164556363897,172.62746827996534,172.62746827996523,1.1368683772161603e-13,1.0,2940.9889873564243,2940.9889873564243,0.0,2940.9889873564243,530.0354288118957,-3243.116081714852,302.1270943584277,2940.58203125,529.88671875,301.9194030761719,151.87193298339844,2940.58203125,529.88671875,0.0,0.29866716265678406,-6268.798828125,0.06775425374507904,1.3054183097760577
16384,25,ordinary_branch,1.8081288562332476,0.020989494398236275,178.71393618350112,178.71393618350112,178.71393618350095,1.7053025658242404e-13,0.0,1.7053025658242404e-13,0.0,1.7053025658242404e-13,2985.9479090720415,546.3200555414793,-3298.0294646419943,312.0815555699528,2985.85986328125,546.2813720703125,311.9283142089844,159.3181610107422,2985.85986328125,546.2813720703125,0.0,0.03648462891578674,-6268.798828125,0.05190233886241913,1.0000001435500179
16384,25,cf_branch,1.808128859681367,0.020989494398236275,178.71393652831307,178.7139365283133,178.71393652831307,2.2737367544323206e-13,0.0,0.0,0.0,0.0,2985.9479115754366,546.320056461651,-3298.0294677087522,312.08155613331564,2985.860107421875,546.2813720703125,311.9283142089844,159.3180389404297,2985.860107421875,546.2813720703125,0.0,0.03648462891578674,-6268.798828125,0.05190233141183853,1.0
16384,25,schatten_filtered_cf_branch,0.10625500321579573,0.10412729531526566,0.21277079005300703,0.21277079005300692,0.21277079005300703,1.1102230246251565e-16,0.0,0.0,0.0,0.0,68.46564905205742,0.745245933581145,-68.86233820095137,0.39668914889395523,68.37877655029297,0.7375620603561401,0.39244428277015686,0.26717549562454224,68.37877655029297,0.7375620603561401,0.0,0.0007462006178684533,-6268.798828125,0.10331571102142334,1.990579386533257
16384,25,trace_residue_minus_0_5,-20.013489185756644,0.006862185895442963,-2002.0351371652087,1244.796025183181,1244.796025183181,0.0,-0.5,-3246.8311623483896,-3246.8311623483896,0.0,6493.662324696779,2574.412203922422,-8270.726857394195,1777.0645326974154,6493.6552734375,2574.40673828125,1760.86962890625,886.916015625,6493.6552734375,2574.40673828125,0.0,0.0207673367112875,-6268.798828125,0.00441215792670846,0.08500885811272207
16384,25,trace_residue_plus_0_5,16.15697346363889,0.02263130620121956,1613.434215743767,166.409249518739,166.409249518739,0.0,0.5,1447.024966225028,1447.024966225028,0.0,2894.049932450056,513.2887009399083,-3185.973664050659,291.9237316006029,2893.962890625,513.2513427734375,291.793701171875,149.152099609375,2893.962890625,513.2513427734375,0.0,0.16404904425144196,-6268.798828125,0.06582251936197281,1.2681996660165287
16384,25,trace_residue_plus_1_0,30.44302544368907,0.022933389991521835,3042.009205369755,164.2660920755111,164.2660920755111,0.0,1.0,2877.743113294244,2877.743113294244,0.0,2877.743113294244,507.5046166324464,-3166.146536547408,288.40342325316396,2877.65673828125,507.46783447265625,288.27752685546875,147.37472534179688,2877.65673828125,507.46783447265625,0.0,0.2926374077796936,-6268.798828125,0.06775425374507904,1.3054183097760577
16384,26,ordinary_branch,1.7381923273949633,0.021828558295965195,171.6363769098998,171.6363769098998,171.63637690989975,5.684341886080802e-14,0.0,5.684341886080802e-14,0.0,5.684341886080802e-14,2933.7232424765825,527.3922129116568,-3234.2321097507415,300.508867274159,2935.124755859375,527.9251708984375,300.723388671875,148.5953369140625,2935.124755859375,527.9251708984375,0.0,0.03507261723279953,-6268.798828125,0.05190233886241913,1.0000001435500179
16384,26,cf_branch,1.7381923297162576,0.021828558295965195,171.63637714202923,171.63637714202923,171.63637714202923,0.0,0.0,0.0,0.0,0.0,2933.723244443536,527.3922135671764,-3234.232112108197,300.508867664661,2935.125,527.9251708984375,300.723388671875,148.59521484375,2935.125,527.9251708984375,0.0,0.03507261350750923,-6268.798828125,0.05190233141183853,1.0
16384,26,schatten_filtered_cf_branch,0.10581846170919211,0.1037294790148735,0.20889826943186118,0.20889826943186307,0.20889826943186118,1.887379141862766e-15,0.0,0.0,0.0,0.0,68.95796188805252,0.7351605949561846,-69.3484242073352,0.39046231928267616,69.42245483398438,0.7455967664718628,0.39416807889938354,-0.13748398423194885,69.42245483398438,0.7455967664718628,0.0,0.0007181497057899833,-6268.798828125,0.10331571102142334,1.990579386533257
16384,26,trace_residue_minus_0_5,-20.021566952949993,0.006703221704810858,-2002.8270174654804,1233.758547848217,1233.7585478482165,4.547473508864641e-13,-0.5,-3236.585565313697,-3236.585565313697,0.0,6473.171130627394,2558.2403902521237,-8236.876041990605,1763.704911363211,6472.4775390625,2557.697265625,1747.4036865234375,872.2274780273438,6472.4775390625,2557.697265625,0.0,0.01937256008386612,-6268.798828125,0.00441215792670846,0.08500885811272207
16384,26,trace_residue_plus_0_5,15.7784342079457,0.023650869727134705,1575.4783338218565,158.61284502443027,158.61284502443021,5.684341886080802e-14,0.5,1416.8654887974262,1416.8654887974262,0.0,2833.7309775948524,492.13699762997373,-3112.814737493118,279.0837598982657,2835.11279296875,492.64532470703125,279.30255126953125,137.92715454101562,2835.11279296875,492.64532470703125,0.0,0.16039416193962097,-6268.798828125,0.06582251936197281,1.2681996660165287
16384,26,trace_residue_plus_1_0,29.748457071327685,0.023984622210264206,2972.447244911742,156.36293005878952,156.36293005878923,2.8421709430404007e-13,1.0,2816.084314852953,2816.084314852953,0.0,2816.084314852953,486.00925819534757,-3091.455527605538,275.37121275258505,2817.451171875,486.5089416503906,275.58782958984375,136.08444213867188,2817.451171875,486.5089416503906,0.0,0.28675225377082825,-6268.798828125,0.06775425374507904,1.3054183097760577
16384,27,ordinary_branch,1.6724744848970112,0.022771960124373436,164.97025247726378,164.97025247726378,164.970252477264,2.2737367544323206e-13,0.0,-2.2737367544323206e-13,0.0,2.2737367544323206e-13,2883.282832533121,509.42709302039134,-3172.849726002033,289.566893468912,2882.62890625,509.1766052246094,289.30804443359375,143.99899291992188,2882.62890625,509.1766052246094,0.0,0.0337374173104763,-6268.798828125,0.05190233886241913,1.0000001435500179
16384,27,cf_branch,1.6724744925664856,0.022771960124373436,164.97025324421122,164.97025324421134,164.97025324421122,1.1368683772161603e-13,0.0,0.0,0.0,0.0,2883.2828382104635,509.4270950762347,-3172.8497329350444,289.56689472458083,2882.62890625,509.1766052246094,289.30804443359375,143.99899291992188,2882.62890625,509.1766052246094,0.0,0.033737413585186005,-6268.798828125,0.05190233141183853,1.0
16384,27,schatten_filtered_cf_branch,0.10583215052024536,0.10377930104732513,0.205284947292023,0.20528494729202862,0.205284947292023,5.6066262743570405e-15,0.0,0.0,0.0,0.0,69.45094007160515,0.7257564257142164,-69.83559125371005,0.38465118210490346,69.10828399658203,0.6832159757614136,0.3591846227645874,0.3757173418998718,69.10828399658203,0.6832159757614136,0.0,0.0006899762083776295,-6268.798828125,0.10331571102142334,1.990579386533257
16384,27,trace_residue_minus_0_5,-20.03063038315323,0.006484573241323233,-2003.7114956394553,1220.8785513027779,1220.8785513027788,9.094947017729282e-13,-0.5,-3224.590046942234,-3224.590046942234,0.0,6449.180093884468,2539.3334565131145,-8197.280532367924,1748.100438483456,6449.6044921875,2539.6640625,1732.8765869140625,863.4275512695312,6449.6044921875,2539.6640625,0.0,0.017687516286969185,-6268.798828125,0.00441215792670846,0.08500885811272207
16384,27,trace_residue_plus_0_5,15.412218579875999,0.024790965020656586,1538.7427614855342,151.24415195013808,151.24415195013796,1.1368683772161603e-13,0.5,1387.498609535396,1387.498609535396,0.0,2774.997219070792,471.9680208352295,-3041.891545825365,266.89432675457283,2774.352294921875,471.7296142578125,266.6656188964844,132.7137908935547,2774.352294921875,471.7296142578125,0.0,0.1568492203950882,-6268.798828125,0.06582251936197281,1.2681996660165287
16384,27,trace_residue_plus_1_0,29.07398547965202,0.025159327313303947,2904.8826152338715,148.89236780545457,148.89236780545423,3.410605131648481e-13,1.0,2755.990247428417,2755.990247428417,0.0,2755.990247428417,465.5060198610541,-3018.9867401402084,262.99649271179123,2755.352783203125,465.2720947265625,262.7742614746094,130.7700653076172,2755.352783203125,465.2720947265625,0.0,0.281004935503006,-6268.798828125,0.06775425374507904,1.3054183097760577
16384,28,ordinary_branch,1.6105174634957302,0.023628441616892815,158.68890218788374,158.68890218788374,158.68890218788397,2.2737367544323206e-13,0.0,-2.2737367544323206e-13,0.0,2.2737367544323206e-13,2834.573231190443,492.3732203910923,-3113.7914724860084,279.21824129556535,2834.04296875,492.15777587890625,278.98968505859375,136.37399291992188,2834.04296875,492.15777587890625,0.0,0.03247835487127304,-6268.798828125,0.05190233886241913,1.0000001435500179
16384,28,cf_branch,1.6105174724919322,0.023628441616892815,158.68890308750395,158.68890308750406,158.68890308750395,1.1368683772161603e-13,0.0,0.0,0.0,0.0,2834.5732380598783,492.37322282148466,-3113.7914808339174,279.218242774039,2834.04296875,492.15777587890625,278.98968505859375,136.37399291992188,2834.04296875,492.15777587890625,0.0,0.03247835114598274,-6268.798828125,0.05190233141183853,1.0
16384,28,schatten_filtered_cf_branch,0.10559664218773322,0.10357741266489029,0.2019229522842929,0.20192295228429202,0.2019229522842929,8.881784197001252e-16,0.0,0.0,0.0,0.0,69.94525354378857,0.7170247440059562,-70.32450041232683,0.3792468685382602,69.65646362304688,0.7062773704528809,0.3743073344230652,0.2516716420650482,69.65646362304688,0.7062773704528809,0.0,0.0006652864976786077,-6268.798828125,0.10331571102142334,1.990579386533257
16384,28,trace_residue_minus_0_5,-20.039868734413904,0.006246998906135559,-2004.611573332004,1206.7129973983256,1206.7129973983247,9.094947017729282e-13,-0.5,-3211.3245707303286,-3211.3245707303286,0.0,6422.649141460657,2518.474499133084,-8153.5608073500025,1730.9116658893454,6422.55224609375,2518.40380859375,1715.780517578125,850.0308837890625,6422.55224609375,2518.40380859375,0.0,0.015798170119524002,-6268.798828125,0.00441215792670846,0.08500885811272207
16384,28,trace_residue_plus_0_5,15.057732456665322,0.025847705081105232,1503.1884751584216,144.2785541605042,144.27855416050397,2.2737367544323206e-13,0.5,1358.9099209979177,1358.9099209979177,0.0,2717.8198419958353,452.7381151538369,-2973.141962666225,255.32212067038972,2717.296875,452.5333557128906,255.12242126464844,124.57830047607422,2717.296875,452.5333557128906,0.0,0.15341447293758392,-6268.798828125,0.06582251936197281,1.2681996660165287
16384,28,trace_residue_plus_1_0,28.41892080018869,0.026250889524817467,2839.266991066387,141.83008529489348,141.83008529489348,0.0,1.0,2697.436905771494,2697.436905771494,0.0,2697.436905771494,445.9525764099542,-2948.6835085988187,251.24660282732475,2696.920654296875,445.7521667480469,251.05320739746094,122.56432342529297,2696.920654296875,445.7521667480469,0.0,0.27539685368537903,-6268.798828125,0.06775425374507904,1.3054183097760577
16384,29,ordinary_branch,1.5521719838705326,0.024499136954545975,152.76728469159866,152.76728469159866,152.76728469159855,1.1368683772161603e-13,0.0,1.1368683772161603e-13,0.0,1.1368683772161603e-13,2787.539949312806,476.18114381460805,-3056.9673718031117,269.4274224903056,2788.304931640625,476.4480895996094,269.50469970703125,130.01101684570312,2788.304931640625,476.4480895996094,0.0,0.03128862753510475,-6268.798828125,0.05190233886241913,1.0000001435500179
16384,29,cf_branch,1.5521719933277063,0.024499136954545975,152.76728563731604,152.76728563731626,152.76728563731604,2.2737367544323206e-13,0.0,0.0,0.0,0.0,2787.539956897497,476.18114640982685,-3056.9673809543606,269.4274240568634,2788.30517578125,476.4480895996094,269.50469970703125,130.01089477539062,2788.30517578125,476.4480895996094,0.0,0.03128862753510475,-6268.798828125,0.05190233141183853,1.0
16384,29,schatten_filtered_cf_branch,0.10547243576192022,0.10348448902368546,0.19879467382347715,0.19879467382347826,0.19879467382347715,1.1102230246251565e-15,0.0,0.0,0.0,0.0,70.43943200993817,0.7089185269935878,-70.81365314454014,0.37422113460196726,70.51448822021484,0.6772168874740601,0.3549977242946625,0.09591011703014374,70.51448822021484,0.6772168874740601,0.0,0.0006392250652424991,-6268.798828125,0.10331571102142334,1.990579386533257
16384,29,trace_residue_minus_0_5,-20.048627862837503,0.00598596315830946,-2005.4613825995812,1191.7904810886494,1191.7904810886494,0.0,-0.5,-3197.2518636882305,-3197.2518636882305,0.0,6394.503727376461,2496.41345169862,-8107.272050274334,1712.768322897873,6394.0,2496.02294921875,1697.8087158203125,838.7505493164062,6394.0,2496.02294921875,0.0,0.013788802549242973,-6268.798828125,0.00441215792670846,0.08500885811272207
16384,29,trace_residue_plus_0_5,14.714699609165368,0.026928823441267014,1468.7770785724101,137.69274836381055,137.6927483638106,5.684341886080802e-14,0.5,1331.0843302085996,1331.0843302085996,0.0,2662.168660417199,434.4048743475887,-2906.503900005682,244.3352395884831,2662.916748046875,434.6541748046875,244.4209442138672,117.6769027709961,2662.916748046875,434.6541748046875,0.0,0.1500845104455948,-6268.798828125,0.06582251936197281,1.2681996660165287
16384,29,trace_residue_plus_1_0,27.782886489965612,0.027368411421775818,2775.5518078543837,135.15301099798057,135.15301099798046,1.1368683772161603e-13,1.0,2640.3987968564034,2640.3987968564034,0.0,2640.3987968564034,427.30768022451696,-2880.4889823525573,240.09018549615394,2641.13623046875,427.5513916015625,240.17550659179688,115.59275817871094,2641.13623046875,427.5513916015625,0.0,0.26992395520210266,-6268.798828125,0.06775425374507904,1.3054183097760577
16384,30,ordinary_branch,1.4972133730465067,0.02539403922855854,147.1819333817948,147.1819333817948,147.1819333817948,0.0,0.0,0.0,0.0,0.0,2742.128002822399,460.803545427823,-3002.2888603874453,260.1608575650462,2742.429931640625,460.900390625,260.1420593261719,126.44078063964844,2742.429931640625,460.900390625,0.0,0.030163714662194252,-6268.798828125,0.05190233886241913,1.0000001435500179
16384,30,cf_branch,1.4972133815493134,0.02539403736591339,147.18193441834,147.18193441834023,147.18193441834,2.2737367544323206e-13,0.0,0.0,0.0,0.0,2742.1280111521482,460.8035482717588,-3002.288870433946,260.1608592817979,2742.429931640625,460.900390625,260.1420593261719,126.44078063964844,2742.429931640625,460.900390625,0.0,0.030163712799549103,-6268.798828125,0.05190233141183853,1.0
16384,30,schatten_filtered_cf_branch,0.10551231702337456,0.10355342924594879,0.1958887777425773,0.1958887777425744,0.1958887777425773,2.886579864025407e-15,0.0,0.0,0.0,0.0,70.93332801212091,0.7014127273160794,-71.30288538631494,0.3695573741940308,70.89674377441406,0.6841112971305847,0.3589385449886322,0.17543713748455048,70.89674377441406,0.6841112971305847,0.0,0.0006184687372297049,-6268.798828125,0.10331571102142334,1.990579386533257
16384,30,trace_residue_minus_0_5,-20.056377289857487,0.005727176088839769,-2006.2104465946327,1176.5962311491594,1176.5962311491598,4.547473508864641e-13,-0.5,-3182.8066777437925,-3182.8066777437925,0.0,6365.613355487585,2473.847915046169,-8059.865669278448,1694.252313790863,6365.263671875,2473.58056640625,1679.82421875,831.35791015625,6365.263671875,2473.58056640625,0.0,0.011747315526008606,-6268.798828125,0.00441215792670846,0.08500885811272207
16384,30,trace_residue_plus_0_5,14.382754033399586,0.02804519049823284,1435.4708842901352,131.46470088193473,131.46470088193456,1.7053025658242404e-13,0.5,1304.0061834082007,1304.0061834082007,0.0,2608.0123668164015,416.9272148120791,-2841.9155527394682,233.90318592306676,2608.3056640625,417.0163879394531,233.8992462158203,113.50052642822266,2608.3056640625,417.0163879394531,0.0,0.14685581624507904,-6268.798828125,0.06582251936197281,1.2681996660165287
16384,30,trace_residue_plus_1_0,27.165406874860654,0.02852291241288185,2713.6883962447773,128.83927790774192,128.83927790774203,1.1368683772161603e-13,1.0,2584.849118337035,2584.849118337035,0.0,2584.849118337035,409.531224544745,-2814.34629561126,229.49717727422467,2585.13818359375,409.6182556152344,229.4949951171875,111.32830810546875,2585.13818359375,409.6182556152344,0.0,0.26458391547203064,-6268.798828125,0.06775425374507904,1.3054183097760577
16384,31,ordinary_branch,1.4454482713365224,0.0263394545763731,141.91088167601492,141.91088167601492,141.91088167601492,0.0,0.0,0.0,0.0,0.0,2698.2822462916374,446.19525495424784,-2949.669071510787,251.3868252191496,2697.744873046875,446.0008544921875,251.19931030273438,127.10026550292969,2697.744873046875,446.0008544921875,0.0,0.02909889630973339,-6268.798828125,0.05190233886241913,1.0000001435500179
16384,31,cf_branch,1.4454482795861783,0.02633945271372795,141.91088268724502,141.91088268724502,141.91088268724502,0.0,0.0,0.0,0.0,0.0,2698.282254740596,446.195257759681,-2949.6690816438595,251.38682690326368,2697.744873046875,446.0008544921875,251.19931030273438,127.10026550292969,2697.744873046875,446.0008544921875,0.0,0.02909889444708824,-6268.798828125,0.05190233141183853,1.0
16384,31,schatten_filtered_cf_branch,0.10582808550537852,0.1038961187005043,0.1931966804874221,0.1931966804874179,0.1931966804874221,4.218847493575595e-15,0.0,0.0,0.0,0.0,71.42741456592921,0.6944934005497851,-71.79265902306554,0.3652444571363276,71.26415252685547,0.7045415043830872,0.3714732527732849,0.32347771525382996,71.26415252685547,0.7045415043830872,0.0,0.0006006514304317534,-6268.798828125,0.10331571102142334,1.990579386533257
16384,31,trace_residue_minus_0_5,-20.06276680173217,0.0054893577471375465,-2006.8256159479306,1161.5647101794798,1161.5647101794793,4.547473508864641e-13,-0.5,-3168.39032612741,-3168.39032612741,0.0,6336.78065225482,2451.4134344113018,-8012.66985349136,1675.8892012365404,6337.0244140625,2451.59912109375,1662.241455078125,833.4957275390625,6337.0244140625,2451.59912109375,0.0,0.009763832204043865,-6268.798828125,0.00441215792670846,0.08500885811272207
16384,31,trace_residue_plus_0_5,14.061556635711382,0.029227089136838913,1403.2329546574542,125.57359533645604,125.57359533645607,2.842170943040401e-14,0.5,1277.6593593209982,1277.6593593209982,0.0,2555.3187186419964,400.2654144543885,-2779.3155611611955,223.99684251919916,2554.794677734375,400.0852966308594,223.83856201171875,113.35385131835938,2554.794677734375,400.0852966308594,0.0,0.14372454583644867,-6268.798828125,0.06582251936197281,1.2681996660165287
16384,31,trace_residue_plus_1_0,26.566026592325525,0.029745258390903473,2653.628133393462,122.86818087809843,122.86818087809831,1.1368683772161603e-13,1.0,2530.7599525153637,2530.7599525153637,0.0,2530.7599525153637,392.5843008938242,-2750.198751077052,219.43879856168815,2530.244873046875,392.4090576171875,219.28663635253906,111.06067657470703,2530.244873046875,392.4090576171875,0.0,0.2593736946582794,-6268.798828125,0.06775425374507904,1.3054183097760577
16384,32,ordinary_branch,1.3964787852293739,0.027142805978655815,136.9335979250718,136.9335979250718,136.93359792507198,1.7053025658242404e-13,0.0,-1.7053025658242404e-13,0.0,1.7053025658242404e-13,2655.9477731883526,432.3132748687944,-2899.023195126204,243.0754219378514,2656.30712890625,432.4295654296875,243.08242797851562,120.89253234863281,2656.30712890625,432.4295654296875,0.0,0.028094308450818062,-6268.798828125,0.05190233886241913,1.0000001435500179
16384,32,cf_branch,1.3964787935606051,0.027142804116010666,136.93359894445945,136.9335989444594,136.93359894445945,5.684341886080802e-14,0.0,0.0,0.0,0.0,2655.947781935334,432.3132777233011,-2899.023205579027,243.07542364369283,2656.30712890625,432.4295654296875,243.08242797851562,120.89253234863281,2656.30712890625,432.4295654296875,0.0,0.028094308450818062,-6268.798828125,0.05190233141183853,1.0
16384,32,schatten_filtered_cf_branch,0.10564072858868052,0.10373368114233017,0.19070474463503517,0.19070474463502762,0.19070474463503517,7.549516567451064e-15,0.0,0.0,0.0,0.0,71.92105719679967,0.6881256419570871,-72.28231810778723,0.36126091098756774,72.06529235839844,0.7036496996879578,0.3698795735836029,0.1501421183347702,72.06529235839844,0.7036496996879578,0.0,0.0005770757561549544,-6268.798828125,0.10331571102142334,1.990579386533257
16384,32,trace_residue_minus_0_5,-20.0676911900385,0.0052183023653924465,-2007.2909492403892,1147.0740061550714,1147.074006155071,4.547473508864641e-13,-0.5,-3154.36495539546,-3154.36495539546,0.0,6308.72991079092,2429.6746378018906,-7966.871034508866,1658.1411237179454,6308.43896484375,2429.44921875,1644.5672607421875,820.9191284179688,6308.43896484375,2429.44921875,0.0,0.00793472956866026,-6268.798828125,0.00441215792670846,0.08500885811272207
16384,32,trace_residue_plus_0_5,13.750531964382615,0.030260194092988968,1372.0271770289626,119.99978722692413,119.99978722692396,1.7053025658242404e-13,0.5,1252.0273898020387,1252.0273898020387,0.0,2504.0547796040773,384.3811595547097,-2718.6432353108585,214.58845570678113,2504.40234375,384.48712158203125,214.6073760986328,106.6928482055664,2504.40234375,384.48712158203125,0.0,0.14069128036499023,-6268.798828125,0.06582251936197281,1.2681996660165287
16384,32,trace_residue_plus_1_0,25.984043024599274,0.030817195773124695,2595.322582882615,117.2201321094949,117.22013210949476,1.4210854715202004e-13,1.0,2478.10245077312,2478.10245077312,0.0,2478.10245077312,376.42924225068714,-2687.9899872316746,209.88753645855468,2478.443603515625,376.5322265625,209.90737915039062,104.34931945800781,2478.443603515625,376.5322265625,0.0,0.25429466366767883,-6268.798828125,0.06775425374507904,1.3054183097760577
16384,33,ordinary_branch,1.3503905991923353,0.02808193489909172,132.23086642932435,132.23086642932435,132.23086642932444,8.526512829121202e-14,0.0,-8.526512829121202e-14,0.0,8.526512829121202e-14,2615.0698055028915,419.1166366011396,-2850.268230533601,235.1984250307096,2614.954833984375,419.0779724121094,235.1181640625,120.9522705078125,2614.954833984375,419.0779724121094,0.0,0.027140701189637184,-6268.798828125,0.05190233886241913,1.0000001435500179
16384,33,cf_branch,1.3503906139690043,0.02808193676173687,132.23086772072674,132.2308677207268,132.23086772072674,5.684341886080802e-14,0.0,0.0,0.0,0.0,2615.0698167085648,419.1166402211254,-2850.2682439011146,235.19842719254984,2614.955078125,419.0779724121094,235.1181640625,120.9521484375,2614.955078125,419.0779724121094,0.0,0.027140697464346886,-6268.798828125,0.05190233141183853,1.0
16384,33,schatten_filtered_cf_branch,0.10595301866257459,0.10406897962093353,0.18840390416410524,0.18840390416410457,0.18840390416410524,6.661338147750939e-16,0.0,0.0,0.0,0.0,72.41445761779323,0.6822895478849477,-72.7720510372464,0.3575934194531669,72.25469207763672,0.6687557697296143,0.35037559270858765,0.5759751796722412,72.25469207763672,0.6687557697296143,0.0,0.000553550198674202,-6268.798828125,0.10331571102142334,1.990579386533257
16384,33,trace_residue_minus_0_5,-20.07107211499873,0.004987763706594706,-2007.6059878705325,1133.4419818432743,1133.4419818432746,2.2737367544323206e-13,-0.5,-3141.047969713807,-3141.047969713807,0.0,6282.095939427614,2409.1176357574514,-7923.497239307795,1641.4012998801809,6282.34765625,2409.308349609375,1628.529541015625,821.0006103515625,6282.34765625,2409.308349609375,0.0,0.006386755499988794,-6268.798828125,0.00441215792670846,0.08500885811272207
16384,33,trace_residue_plus_0_5,13.449632221073465,0.03144996613264084,1341.8182254940823,114.7247388721064,114.7247388721064,0.0,0.5,1227.093486621976,1227.093486621976,0.0,2454.186973243952,369.23752493663085,-2659.8385543202194,205.65158107626758,2454.0751953125,369.20196533203125,205.5915985107422,105.9969711303711,2454.0751953125,369.20196533203125,0.0,0.13774777948856354,-6268.798828125,0.06582251936197281,1.2681996660165287
16384,33,trace_residue_plus_1_0,25.419284767525568,0.03204948455095291,2538.7235282974616,111.87660718134816,111.87660718134805,1.1368683772161603e-13,1.0,2426.8469211161137,2426.8469211161137,0.0,2426.8469211161137,361.0296288809069,-2627.6640287477853,200.81710763167166,2426.73681640625,360.9950866699219,200.7604217529297,103.54183197021484,2426.73681640625,360.9950866699219,0.0,0.24933935701847076,-6268.798828125,0.06775425374507904,1.3054183097760577
16384,34,ordinary_branch,1.306685866380617,0.028838153928518295,127.78477124520987,127.78477124520987,127.78477124520998,1.1368683772161603e-13,0.0,-1.1368683772161603e-13,0.0,1.1368683772161603e-13,2575.594386383891,406.5665235592827,-2803.3237068811222,227.72932049723113,2576.374755859375,406.8669738769531,227.8633270263672,114.7198715209961,2576.374755859375,406.8669738769531,0.0,0.026240818202495575,-6268.798828125,0.05190233886241913,1.0000001435500179
16384,34,cf_branch,1.3066858781460327,0.028838153928518295,127.78477242175143,127.78477242175154,127.78477242175143,1.1368683772161603e-13,0.0,0.0,0.0,0.0,2575.5943968892097,406.56652688479767,-2803.3237193642476,227.72932247503786,2576.374755859375,406.866943359375,227.8633270263672,114.7198715209961,2576.374755859375,406.866943359375,0.0,0.026240818202495575,-6268.798828125,0.05190233141183853,1.0
16384,34,schatten_filtered_cf_branch,0.10572998665565377,0.10386711359024048,0.1862873065413292,0.18628730654132397,0.1862873065413292,5.218048215738236e-15,0.0,0.0,0.0,0.0,72.90782958990894,0.676971995459617,-73.26206209585524,0.3542325059462996,73.28759765625,0.7097399234771729,0.37330418825149536,0.2174481451511383,73.28759765625,0.7097399234771729,0.0,0.0005377901252359152,-6268.798828125,0.10331571102142334,1.990579386533257
16384,34,trace_residue_minus_0_5,-20.073076614808528,0.004753117449581623,-2007.782973225811,1120.925990391871,1120.9259903918714,4.547473508864641e-13,-0.5,-3128.7089636176825,-3128.7089636176825,0.0,6257.417927235365,2390.146974375451,-7883.410506793787,1625.9925795584222,6257.88818359375,2390.5048828125,1613.5897216796875,808.5695190429688,6257.88818359375,2390.5048828125,0.0,0.005272469017654657,-6268.798828125,0.00441215792670846,0.08500885811272207
16384,34,trace_residue_plus_0_5,13.15816185439368,0.03244519233703613,1312.5716662056643,109.73098282738488,109.7309828273851,2.2737367544323206e-13,0.5,1202.8406833782792,1202.8406833782792,0.0,2405.6813667565584,354.79902253481583,-2602.8424394329,197.16107267634152,2406.444580078125,355.0751953125,197.2952423095703,99.37967681884766,2406.444580078125,355.0751953125,0.0,0.13489647209644318,-6268.798828125,0.06582251936197281,1.2681996660165287
16384,34,trace_residue_plus_1_0,24.870916113704645,0.03308446332812309,2483.783165037652,106.82010868193743,106.82010868193743,0.0,1.0,2376.963056355715,2376.963056355715,0.0,2376.963056355715,346.3503332585464,-2569.1655031110945,192.2024467553797,2377.7099609375,346.6168212890625,192.33273315429688,96.89024353027344,2377.7099609375,346.6168212890625,0.0,0.2445107400417328,-6268.798828125,0.06775425374507904,1.3054183097760577
16384,35,ordinary_branch,1.2654416447295398,0.029656007885932922,123.57856368436069,123.57856368436069,123.57856368436089,1.9895196601282805e-13,0.0,-1.9895196601282805e-13,0.0,1.9895196601282805e-13,2537.468118995428,394.62606336798194,-2758.1112530956243,220.64313410019622,2537.548095703125,394.6517333984375,220.61122131347656,115.55060577392578,2537.548095703125,394.6517333984375,0.0,0.02538730576634407,-6268.798828125,0.05190233886241913,1.0000001435500179
16384,35,cf_branch,1.265441653569888,0.029656004160642624,123.57856494092454,123.57856494092448,123.57856494092454,5.684341886080802e-14,0.0,0.0,0.0,0.0,2537.4681304097176,394.6260669365415,-2758.11126662726,220.64313621754263,2537.548095703125,394.65179443359375,220.61119079589844,115.55046844482422,2537.548095703125,394.65179443359375,0.0,0.025387302041053772,-6268.798828125,0.05190233141183853,1.0
16384,35,schatten_filtered_cf_branch,0.10588576259953214,0.10404239594936371,0.18433666501684304,0.18433666501685053,0.18433666501684304,7.494005416219807e-15,0.0,0.0,0.0,0.0,73.39927964191884,0.6721165732531484,-73.75042609412044,0.3511464522016041,73.33308410644531,0.655588686466217,0.3410731256008148,0.3657117486000061,73.33308410644531,0.655588686466217,0.0,0.000520971545483917,-6268.798828125,0.10331571102142334,1.990579386533257
16384,35,trace_residue_minus_0_5,-20.073856498622856,0.004577599465847015,-2007.84340980887,1109.7243450409214,1109.7243450409214,0.0,-0.5,-3117.5677548497915,-3117.5677548497915,0.0,6235.135509699583,2373.084759812835,-7847.303474777282,1612.1679650776987,6235.1728515625,2373.112548828125,1599.801513671875,813.9117431640625,6235.1728515625,2373.112548828125,0.0,0.0047387536615133286,-6268.798828125,0.00441215792670846,0.08500885811272207
16384,35,trace_residue_plus_0_5,12.87606004899033,0.03352097421884537,1284.2539074771485,105.00205655176228,105.00205655176242,1.4210854715202004e-13,0.5,1179.251850925386,1179.251850925386,0.0,2358.503701850772,341.0315602518225,-2547.59672248713,189.09302063635823,2358.58056640625,341.0545654296875,189.07618713378906,99.40088653564453,2358.58056640625,341.0545654296875,0.0,0.13213005661964417,-6268.798828125,0.06582251936197281,1.2681996660165287
16384,35,trace_residue_plus_1_0,24.3387434563994,0.03420240432024002,2430.4541052079157,102.03411033212728,102.03411033212728,0.0,1.0,2328.4199948757887,2328.4199948757887,0.0,2328.4199948757887,332.35750211348136,-2512.4396539996974,184.0196591239087,2328.494873046875,332.3796691894531,184.00466918945312,96.80714416503906,2328.494873046875,332.3796691894531,0.0,0.23980185389518738,-6268.798828125,0.06775425374507904,1.3054183097760577
16384,36,ordinary_branch,1.2262515296931862,0.030285069718956947,119.59664599742291,119.59664599742291,119.59664599742277,1.4210854715202004e-13,0.0,1.4210854715202004e-13,0.0,1.4210854715202004e-13,2500.6388252079487,383.2604256955026,-2714.555275428036,213.91645022008743,2500.74267578125,383.2914733886719,213.8915252685547,105.73482513427734,2500.74267578125,383.2914733886719,0.0,0.024580761790275574,-6268.798828125,0.05190233886241913,1.0000001435500179
16384,36,cf_branch,1.22625154312579,0.030285069718956947,119.59664734068332,119.59664734068338,119.59664734068332,5.684341886080802e-14,0.0,0.0,0.0,0.0,2500.638837516308,383.26042951971715,-2714.555290002658,213.91645248634995,2500.74267578125,383.2914733886719,213.8915252685547,105.73482513427734,2500.74267578125,383.2914733886719,0.0,0.024580759927630424,-6268.798828125,0.05190233141183853,1.0
16384,36,schatten_filtered_cf_branch,0.1053505226533512,0.10352517664432526,0.18253460090259432,0.1825346009025992,0.18253460090259432,4.884981308350689e-15,0.0,0.0,0.0,0.0,73.88730811304413,0.6676691751076678,-74.2356130556012,0.34830494255707833,73.92822265625,0.6771279573440552,0.3537808656692505,0.041422903537750244,73.92822265625,0.6771279573440552,0.0,0.0005058422684669495,-6268.798828125,0.10331571102142334,1.990579386533257
16384,36,trace_residue_minus_0_5,-20.073788404474744,0.004356354009360075,-2007.8144758484104,1099.978757784631,1099.978757784631,0.0,-0.5,-3107.7932336330414,-3107.7932336330414,0.0,6215.586467266083,2358.1712071308,-7815.698786601895,1600.1123193358126,6215.490234375,2358.09912109375,1587.9228515625,791.99072265625,6215.490234375,2358.09912109375,0.0,0.0047834753058850765,-6268.798828125,0.00441215792670846,0.08500885811272207
16384,36,trace_residue_plus_0_5,12.602707014655522,0.03438406065106392,1256.8322954004457,100.52246580774136,100.52246580774101,3.410605131648481e-13,0.5,1156.3098295927048,1156.3098295927048,0.0,2312.6196591854095,327.9024706960038,-2494.0443922145823,181.42473302917278,2312.7197265625,327.92999267578125,181.41378784179688,89.57688903808594,2312.7197265625,327.92999267578125,0.0,0.12945008277893066,-6268.798828125,0.06582251936197281,1.2681996660165287
16384,36,trace_residue_plus_1_0,23.821999323583306,0.035103630274534225,2378.689569330877,97.5030218131003,97.50302181310033,2.842170943040401e-14,1.0,2281.1865475177765,2281.1865475177765,0.0,2281.1865475177765,319.0185866050143,-2457.4325518078404,176.24600429006387,2281.2841796875,319.0451354980469,176.2366943359375,87.00677490234375,2281.2841796875,319.0451354980469,0.0,0.23521475493907928,-6268.798828125,0.06775425374507904,1.3054183097760577
16384,37,ordinary_branch,1.1892244382536774,0.030980002135038376,115.8244436118639,115.8244436118639,115.82444361186401,1.1368683772161603e-13,0.0,-1.1368683772161603e-13,0.0,1.1368683772161603e-13,2465.0550608485937,372.43658302272786,-2672.582297114402,207.52723626580837,2464.501953125,372.2471618652344,207.37319946289062,98.22419738769531,2464.501953125,372.2471618652344,0.0,0.023814043030142784,-6268.798828125,0.05190233886241913,1.0000001435500179
16384,37,cf_branch,1.1892244510953272,0.030980002135038376,115.82444489602887,115.82444489602881,115.82444489602887,5.684341886080802e-14,0.0,0.0,0.0,0.0,2465.055072978139,372.4365867064829,-2672.5823114186414,207.52723844050252,2464.501953125,372.24713134765625,207.37319946289062,98.22419738769531,2464.501953125,372.24713134765625,0.0,0.023814039304852486,-6268.798828125,0.05190233141183853,1.0
16384,37,schatten_filtered_cf_branch,0.10502704204463048,0.10321830958127975,0.18087324633507196,0.18087324633507507,0.18087324633507196,3.1086244689504383e-15,0.0,0.0,0.0,0.0,74.37200457649305,0.663612282951459,-74.71770085204885,0.3456962755557953,74.10014343261719,0.647922158241272,0.3367811441421509,0.24092704057693481,74.10014343261719,0.647922158241272,0.0,0.0004931254079565406,-6268.798828125,0.10331571102142334,1.990579386533257
16384,37,trace_residue_minus_0_5,-20.073089292679196,0.004166224040091038,-2007.7255516719288,1091.7786236334377,1091.7786236334377,0.0,-0.5,-3099.5041753053665,-3099.5041753053665,0.0,6199.008350610733,2345.568187513444,-7788.954790220318,1589.9464396095846,6199.0107421875,2345.56982421875,1578.0269775390625,773.9436645507812,6199.0107421875,2345.56982421875,0.0,0.005211671814322472,-6268.798828125,0.00441215792670846,0.08500885811272207
16384,37,trace_residue_plus_0_5,12.338072868720845,0.03532260283827782,1230.2750265882567,96.27762100708037,96.27762100708043,5.684341886080802e-14,0.5,1133.9974055811763,1133.9974055811763,0.0,2267.9948111623526,315.38044988669014,-2442.1294788204136,174.13466765806106,2267.46240234375,315.2116394042969,174.0102996826172,82.0006332397461,2267.46240234375,315.2116394042969,0.0,0.12684930860996246,-6268.798828125,0.06582251936197281,1.2681996660165287
16384,37,trace_residue_plus_1_0,23.32051553097234,0.036082081496715546,2328.4433449475623,93.21213486479269,93.21213486479274,5.684341886080802e-14,1.0,2235.2312100827694,2235.2312100827694,0.0,2235.2312100827694,306.3023081782877,-2404.0910543429986,168.85984426022924,2234.712890625,306.14056396484375,168.74203491210938,79.43278503417969,2234.712890625,306.14056396484375,0.0,0.2307424545288086,-6268.798828125,0.06775425374507904,1.3054183097760577
16384,38,ordinary_branch,1.1544060616254184,0.03192213922739029,112.2483922398028,112.2483922398028,112.2483922398026,1.9895196601282805e-13,0.0,1.9895196601282805e-13,0.0,1.9895196601282805e-13,2430.6667421013117,362.12339515005254,-2632.121601519745,201.45485941843344,2430.07177734375,361.912109375,201.28988647460938,102.69377136230469,2430.07177734375,361.912109375,0.0,0.02308248169720173,-6268.798828125,0.05190233886241913,1.0000001435500179
16384,38,cf_branch,1.1544060777089573,0.03192213922739029,112.2483938481567,112.24839384815664,112.2483938481567,5.684341886080802e-14,0.0,0.0,0.0,0.0,2430.6667575389147,362.1233997847411,-2632.1216196873042,201.45486214838957,2430.07177734375,361.912109375,201.28988647460938,102.69377136230469,2430.07177734375,361.912109375,0.0,0.02308247983455658,-6268.798828125,0.05190233141183853,1.0
16384,38,schatten_filtered_cf_branch,0.10565433699827546,0.10386087745428085,0.17934595439946166,0.17934595439945866,0.17934595439946166,2.9976021664879227e-15,0.0,0.0,0.0,0.0,74.85309950564988,0.6599312310896936,-75.19641013648213,0.34331063083224933,74.39683532714844,0.5793390274047852,0.29634466767311096,0.524843156337738,74.39683532714844,0.5793390274047852,0.0,0.0004787961661349982,-6268.798828125,0.10331571102142334,1.990579386533257
16384,38,trace_residue_minus_0_5,-20.07201130965503,0.004040783736854792,-2007.6052093391881,1085.1673293227677,1085.1673293227686,9.094947017729282e-13,-0.5,-3092.772538661957,-3092.772538661957,0.0,6185.545077323914,2335.3663281421645,-7767.278907311496,1581.7338299875828,6185.3779296875,2335.239013671875,1569.8819580078125,788.3567504882812,6185.3779296875,2335.239013671875,0.0,0.005786472000181675,-6268.798828125,0.00441215792670846,0.08500885811272207
16384,38,trace_residue_plus_0_5,12.082065027878334,0.03655248135328293,1204.5512546525051,92.25380568957826,92.25380568957814,1.1368683772161603e-13,0.5,1112.2974489629269,1112.2974489629269,0.0,2224.5948979258537,303.4355817842128,-2391.797313766393,167.2024158405393,2224.02197265625,303.2476806640625,167.06854248046875,85.43795776367188,2224.02197265625,303.2476806640625,0.0,0.12432221323251724,-6268.798828125,0.06582251936197281,1.2681996660165287
16384,38,trace_residue_plus_1_0,22.834058206234122,0.03735872730612755,2279.6699478927994,89.14758777655561,89.14758777655584,2.2737367544323206e-13,1.0,2190.5223601162434,2190.5223601162434,0.0,2190.5223601162434,294.17867042713686,-2352.362980410544,161.8406202943006,2189.96533203125,293.9992370605469,161.71417236328125,82.72354125976562,2189.96533203125,293.9992370605469,0.0,0.2263794243335724,-6268.798828125,0.06775425374507904,1.3054183097760577
16384,39,ordinary_branch,1.1210027213154126,0.032443687319755554,108.8559033995657,108.8559033995657,108.85590339956562,8.526512829121202e-14,0.0,8.526512829121202e-14,0.0,8.526512829121202e-14,2397.4256034493446,352.2916280054795,-2593.1056687869077,195.68006533756306,2397.380615234375,352.2895812988281,195.64700317382812,92.66053771972656,2397.380615234375,352.2895812988281,0.0,0.022393841296434402,-6268.798828125,0.05190233886241913,1.0000001435500179
16384,39,cf_branch,1.1210027372279536,0.032443687319755554,108.8559049908198,108.85590499081991,108.8559049908198,1.1368683772161603e-13,0.0,0.0,0.0,0.0,2397.4256190657616,352.29163261805945,-2593.1056871122555,195.68006804649394,2397.380615234375,352.2895812988281,195.6470184326172,92.6605453491211,2397.380615234375,352.2895812988281,0.0,0.022393839433789253,-6268.798828125,0.05190233141183853,1.0
16384,39,schatten_filtered_cf_branch,0.10497683821184822,0.1031973585486412,0.1779479663207013,0.1779479663207013,0.1779479663207013,0.0,0.0,0.0,0.0,0.0,75.33168845064938,0.6566186533843676,-75.67283029229316,0.3411418416437755,75.38629913330078,0.65406334400177,0.3391833007335663,0.06764386594295502,75.38629913330078,0.65406334400177,0.0,0.0004626114678103477,-6268.798828125,0.10331571102142334,1.990579386533257
16384,39,trace_residue_minus_0_5,-20.070855264740764,0.003932912368327379,-2007.478817710909,1080.1446780615715,1080.144678061572,4.547473508864641e-13,-0.5,-3087.623495772481,-3087.623495772481,0.0,6175.246991544962,2327.586747639926,-7750.729902038587,1575.4829104936252,6175.1650390625,2327.52392578125,1563.80908203125,768.228759765625,6175.1650390625,2327.52392578125,0.0,0.00635020574554801,-6268.798828125,0.00441215792670846,0.08500885811272207
16384,39,trace_residue_plus_0_5,11.833617995093455,0.03730669617652893,1179.6311298916926,88.43813316625256,88.43813316625267,1.1368683772161603e-13,0.5,1091.19299672544,1091.19299672544,0.0,2182.38599345088,292.0393221748227,-2342.994657171368,160.60866372048804,2182.347412109375,292.039306640625,160.5909881591797,75.60054779052734,2182.347412109375,292.039306640625,0.0,0.12187661975622177,-6268.798828125,0.06582251936197281,1.2681996660165287
16384,39,trace_residue_plus_1_0,22.361396970774372,0.03814953193068504,2232.3247438843687,85.29632641629746,85.29632641629763,1.7053025658242404e-13,1.0,2147.028417468071,2147.028417468071,0.0,2147.028417468071,282.61895392000633,-2302.19723874358,155.1688212755089,2146.99072265625,282.6187438964844,155.15277099609375,72.95590209960938,2146.99072265625,282.6187438964844,0.0,0.22213344275951385,-6268.798828125,0.06775425374507904,1.3054183097760577
16384,40,ordinary_branch,1.0895443469591146,0.03319242596626282,105.63519209928518,105.63519209928518,105.63519209928518,0.0,0.0,0.0,0.0,0.0,2365.284180536866,342.91355308612475,-2555.4688964097368,190.18471587287058,2365.134765625,342.86456298828125,190.12477111816406,91.69031524658203,2365.134765625,342.86456298828125,0.0,0.021735696122050285,-6268.798828125,0.05190233886241913,1.0000001435500179
16384,40,cf_branch,1.0895443616433937,0.03319242596626282,105.63519356771309,105.63519356771326,105.63519356771309,1.7053025658242404e-13,0.0,0.0,0.0,0.0,2365.284195199609,342.91355736193464,-2555.468913577982,190.18471837837342,2365.134765625,342.8646240234375,190.12477111816406,91.69031524658203,2365.134765625,342.8646240234375,0.0,0.021735694259405136,-6268.798828125,0.05190233141183853,1.0
16384,40,schatten_filtered_cf_branch,0.10509332420595341,0.1033267080783844,0.17666161275690145,0.1766616127569023,0.17666161275690145,8.326672684688674e-16,0.0,0.0,0.0,0.0,75.80489612836391,0.6536139205574503,-76.14405357601262,0.33915744764871647,75.72293090820312,0.6434804201126099,0.33242329955101013,0.10485987365245819,75.72293090820312,0.6434804201126099,0.0,0.000452319101896137,-6268.798828125,0.10331571102142334,1.990579386533257
16384,40,trace_residue_minus_0_5,-20.069815132490074,0.0038539126981049776,-2007.3669045188178,1076.672547691252,1076.6725476912509,1.1368683772161603e-12,-0.5,-3084.0394522100687,-3084.0394522100687,0.0,6168.078904420137,2322.188396911494,-7739.232399805024,1571.1534953848868,6168.05419921875,2322.169677734375,1559.6016845703125,770.5596313476562,6168.05419921875,2322.169677734375,0.0,0.0068127610720694065,-6268.798828125,0.00441215792670846,0.08500885811272207
16384,40,trace_residue_plus_0_5,11.593181631879379,0.03832536190748215,1155.4856269971897,84.81847546039717,84.81847546039714,2.842170943040401e-14,0.5,1070.6671515367925,1070.6671515367925,0.0,2141.334303073585,281.16438759442167,-2295.6694047398905,154.3351016663055,2141.1923828125,281.1220703125,154.29344177246094,74.10179901123047,2141.1923828125,281.1220703125,0.0,0.11949978768825531,-6268.798828125,0.06582251936197281,1.2681996660165287
16384,40,trace_residue_plus_1_0,21.902849000096026,0.03921085596084595,2186.363814413518,81.64604774114514,81.6460477411452,5.684341886080802e-14,1.0,2104.717766672373,2104.717766672373,0.0,2104.717766672373,271.5956483426295,-2253.5436849880425,148.8259183156697,2104.580322265625,271.55548095703125,148.78733825683594,71.39842987060547,2104.580322265625,271.55548095703125,0.0,0.21799194812774658,-6268.798828125,0.06775425374507904,1.3054183097760577
16384,41,ordinary_branch,1.059749369935787,0.0339961051940918,102.57532647416951,102.57532647416951,102.57532647416943,8.526512829121202e-14,0.0,8.526512829121202e-14,0.0,8.526512829121202e-14,2334.1968763917685,333.96317906398167,-2519.1487775011683,184.95190110939984,2334.36669921875,334.00457763671875,184.9466552734375,92.32806396484375,2334.36669921875,334.00457763671875,0.0,0.021108560264110565,-6268.798828125,0.05190233886241913,1.0000001435500179
16384,41,cf_branch,1.0597493848876787,0.0339961051940918,102.57532796935868,102.57532796935857,102.57532796935868,1.1368683772161603e-13,0.0,0.0,0.0,0.0,2334.1968917399645,333.9631834509946,-2519.1487954103795,184.95190367041505,2334.36669921875,334.00457763671875,184.9466552734375,92.32806396484375,2334.36669921875,334.00457763671875,0.0,0.021108556538820267,-6268.798828125,0.05190233141183853,1.0
16384,41,schatten_filtered_cf_branch,0.10538006276741071,0.10362523794174194,0.17548248256687693,0.1754824825668777,0.17548248256687693,7.771561172376096e-16,0.0,0.0,0.0,0.0,76.27334287995473,0.6509097989783477,-76.6106944879011,0.3373516079463741,76.12091064453125,0.6112408638000488,0.3145379424095154,0.30284544825553894,76.12091064453125,0.6112408638000488,0.0,0.00043574467417784035,-6268.798828125,0.10331571102142334,1.990579386533257
16384,41,trace_residue_minus_0_5,-20.069028769084657,0.003813419956713915,-2007.284218904137,1074.6800973447566,1074.6800973447566,0.0,-0.5,-3081.9643162488937,-3081.9643162488937,0.0,6163.9286324977875,2319.07530602491,-7732.591587155571,1568.6629546577833,6163.9169921875,2319.06689453125,1557.1688232421875,778.0795288085938,6163.9169921875,2319.06689453125,0.0,0.007134720683097839,-6268.798828125,0.00441215792670846,0.08500885811272207
16384,41,trace_residue_plus_0_5,11.360277199782118,0.039410024881362915,1132.0867174900754,81.38344793391093,81.38344793391082,1.1368683772161603e-13,0.5,1050.7032695561647,1050.7032695561647,0.0,2101.4065391123295,270.7848024633456,-2249.770966291385,148.36442717905538,2101.5625,270.8182373046875,148.36769104003906,74.06092071533203,2101.5625,270.8182373046875,0.0,0.11719216406345367,-6268.798828125,0.06582251936197281,1.2681996660165287
16384,41,trace_residue_plus_1_0,21.457781719639087,0.040339864790439606,2141.744185484865,78.18517506859575,78.1851750685957,5.684341886080802e-14,1.0,2063.5590104162693,2063.5590104162693,0.0,2063.5590104162693,261.0824724003603,-2206.353362214431,142.79435179816164,2063.7099609375,261.1143798828125,142.79840087890625,71.27713012695312,2063.7099609375,261.1143798828125,0.0,0.2139553278684616,-6268.798828125,0.06775425374507904,1.3054183097760577
16384,42,ordinary_branch,1.031351750612571,0.03469037264585495,99.66613779667159,99.66613779667159,99.66613779667162,2.842170943040401e-14,0.0,-2.842170943040401e-14,0.0,2.842170943040401e-14,2304.119669139385,325.416072126618,-2484.0854805749605,179.96581143557523,2303.580078125,325.24993896484375,179.84149169921875,91.64669799804688,2303.580078125,325.24993896484375,0.0,0.020513340830802917,-6268.798828125,0.05190233886241913,1.0000001435500179
16384,42,cf_branch,1.0313517624314579,0.03469036892056465,99.66613935108933,99.66613935108944,99.66613935108933,1.1368683772161603e-13,0.0,0.0,0.0,0.0,2304.119685187936,325.41607668998444,-2484.085499286572,179.9658140986362,2303.580078125,325.24993896484375,179.84149169921875,91.64669799804688,2303.580078125,325.24993896484375,0.0,0.020513338968157768,-6268.798828125,0.05190233141183853,1.0
16384,42,schatten_filtered_cf_branch,0.10544652378717544,0.10370241850614548,0.1744105281029964,0.17441052810299595,0.1744105281029964,4.440892098500626e-16,0.0,0.0,0.0,0.0,76.73821376566775,0.6485135910917588,-77.07394016183682,0.33572639616906486,76.64046478271484,0.6429945230484009,0.332637220621109,0.2437111884355545,76.64046478271484,0.6429945230484009,0.0,0.00042755246977321804,-6268.798828125,0.10331571102142334,1.990579386533257
16384,42,trace_residue_minus_0_5,-20.068625164775675,0.003769858041778207,-2007.2395022817452,1074.0689313552784,1074.0689313552778,6.821210263296962e-13,-0.5,-3081.308433637023,-3081.308433637023,0.0,6162.616867274046,2318.1043497984283,-7730.509423932106,1567.8925566580601,6162.4462890625,2317.974853515625,1556.3167724609375,782.1063842773438,6162.4462890625,2317.974853515625,0.0,0.007301222998648882,-6268.798828125,0.00441215792670846,0.08500885811272207
16384,42,trace_residue_plus_0_5,11.134449464211803,0.04037652164697647,1109.4072942564826,78.12235682258415,78.12235682258415,0.0,0.5,1031.2849374338984,1031.2849374338984,0.0,2062.569874867797,260.8758282237198,-2205.250156106875,142.68028123907789,2062.06103515625,260.7350158691406,142.5851593017578,72.8509292602539,2062.06103515625,260.7350158691406,0.0,0.11495347321033478,-6268.798828125,0.06582251936197281,1.2681996660165287
16384,42,trace_residue_plus_1_0,21.02558599346735,0.04134812206029892,2098.423787140705,74.9028129665628,74.9028129665628,0.0,1.0,2023.520974174142,2023.5209741741419,2.2737367544323206e-13,2023.5209741741419,251.05432506951198,-2160.578454744567,137.057480570425,2023.02978515625,250.921142578125,136.96856689453125,70.00881958007812,2023.02978515625,250.921142578125,0.0,0.21002279222011566,-6268.798828125,0.06775425374507904,1.3054183097760577
16384,43,ordinary_branch,1.0041335916342586,0.03515208512544632,96.89815065088123,96.89815065088123,96.89815065088106,1.7053025658242404e-13,0.0,1.7053025658242404e-13,0.0,1.7053025658242404e-13,2275.0099904239178,317.2492293052346,-2450.221632589377,175.21164216545912,2275.046875,317.242431640625,175.18142700195312,83.30433654785156,2275.046875,317.242431640625,0.0,0.01994951255619526,-6268.798828125,0.05190233886241913,1.0000001435500179
16384,43,cf_branch,1.004133607907769,0.03515208512544632,96.89815227823226,96.89815227823237,96.89815227823226,1.1368683772161603e-13,0.0,0.0,0.0,0.0,2275.010007530451,317.2492341055079,-2450.221652490618,175.21164496016718,2275.046875,317.24249267578125,175.18142700195312,83.30433654785156,2275.046875,317.24249267578125,0.0,0.01994951069355011,-6268.798828125,0.05190233141183853,1.0
16384,43,schatten_filtered_cf_branch,0.10486353866476733,0.10312916338443756,0.17343752803297707,0.17343752803297718,0.17343752803297707,1.1102230246251565e-16,0.0,0.0,0.0,0.0,77.19957173219882,0.6464021348032253,-77.53383985886201,0.33426812666318995,77.10723876953125,0.6344178915023804,0.32796576619148254,-0.07504986226558685,77.10723876953125,0.6344178915023804,0.0,0.0004171334148850292,-6268.798828125,0.10331571102142334,1.990579386533257
16384,43,trace_residue_minus_0_5,-20.068613495507726,0.0037449789233505726,-2007.2358474431076,1074.717587113615,1074.717587113615,0.0,-0.5,-3081.9534345567226,-3081.9534345567226,0.0,6163.906869113445,2319.0924538635104,-7732.600032177374,1568.6931630639283,6164.044921875,2319.19677734375,1557.284912109375,767.4271240234375,6164.044921875,2319.19677734375,0.0,0.007311205379664898,-6268.798828125,0.00441215792670846,0.08500885811272207
16384,43,trace_residue_plus_0_5,10.915285016697386,0.04107356444001198,1087.4211452257373,75.02515621748944,75.02515621748938,5.684341886080802e-14,0.5,1012.3959890082479,1012.3959890082479,0.0,2024.7919780164957,251.4139141228647,-2162.0591768020477,137.26719878555195,2024.8211669921875,251.40582275390625,137.24896240234375,64.80227661132812,2024.8211669921875,251.40582275390625,0.0,0.11278317868709564,-6268.798828125,0.06582251936197281,1.2681996660165287
16384,43,trace_residue_plus_1_0,20.60569513851096,0.042080286890268326,2056.361485162069,71.78870932130985,71.78870932130971,1.4210854715202004e-13,1.0,1984.5727758407595,1984.5727758407593,2.2737367544323206e-13,1984.5727758407593,241.487252247851,-2116.172317326954,131.59954148619454,1984.6014404296875,241.48007202148438,131.5834197998047,62.048118591308594,1984.6014404296875,241.48007202148438,0.0,0.2061939239501953,-6268.798828125,0.06775425374507904,1.3054183097760577
16384,44,ordinary_branch,0.9786579861360679,0.03603281080722809,94.26251753288398,94.26251753288398,94.2625175328838,1.7053025658242404e-13,0.0,1.7053025658242404e-13,0.0,1.7053025658242404e-13,2246.8265133351088,309.440947995938,-2417.502013866673,170.67550053156447,2246.67919921875,309.3995666503906,170.62905883789062,87.84016418457031,2246.67919921875,309.3995666503906,0.0,0.0194056686013937,-6268.798828125,0.05190233886241913,1.0000001435500179
16384,44,cf_branch,0.9786580016771899,0.03603281080722809,94.26251908699618,94.26251908699624,94.26251908699618,5.684341886080802e-14,0.0,0.0,0.0,0.0,2246.8265301138163,309.44095261233247,-2417.5020333237403,170.67550320992405,2246.679443359375,309.3995361328125,170.62905883789062,87.84016418457031,2246.679443359375,309.3995361328125,0.0,0.0194056686013937,-6268.798828125,0.05190233141183853,1.0
16384,44,schatten_filtered_cf_branch,0.10546259722596871,0.10373713821172714,0.17254590142415693,0.17254590142415793,0.17254590142415693,9.992007221626409e-16,0.0,0.0,0.0,0.0,77.65471542649902,0.644514090925525,-77.98765957666646,0.3329441501674353,77.60600280761719,0.640834391117096,0.3303097188472748,0.33004897832870483,77.60600280761719,0.640834391117096,0.0,0.00039997760904952884,-6268.798828125,0.10331571102142334,1.990579386533257
16384,44,trace_residue_minus_0_5,-20.068913908814118,0.0038008028641343117,-2007.271471167825,1076.4877389716876,1076.487738971688,4.547473508864641e-13,-0.5,-3083.759210139513,-3083.759210139513,0.0,6167.518420279026,2321.82674520366,-7738.411591979882,1570.8931717008563,6167.39501953125,2321.732421875,1559.2828369140625,786.6900024414062,6167.39501953125,2321.732421875,0.0,0.007169111631810665,-6268.798828125,0.00441215792670846,0.08500885811272207
16384,44,trace_residue_plus_0_5,10.703286886365902,0.042257748544216156,1066.1029137821686,72.08240729587192,72.08240729587197,5.684341886080802e-14,0.5,994.0205064862967,994.0205064862967,0.0,1988.0410129725933,242.3766455403885,-2120.1515731105637,132.11056013797042,1987.90478515625,242.34271240234375,132.0805206298828,68.2742691040039,1987.90478515625,242.34271240234375,0.0,0.11066990345716476,-6268.798828125,0.06582251936197281,1.2681996660165287
16384,44,trace_residue_plus_1_0,20.19848206648482,0.04331137239933014,2015.517069408549,68.83321749593142,68.8332174959314,2.842170943040401e-14,1.0,1946.6838519126177,1946.6838519126177,0.0,1946.6838519126177,232.35840552236203,-2073.089458367536,126.40560645491814,1946.552734375,232.32647705078125,126.3780517578125,65.37725830078125,1946.552734375,232.32647705078125,0.0,0.202456995844841,-6268.798828125,0.06775425374507904,1.3054183097760577
16384,45,ordinary_branch,0.9540243226516077,0.03651374578475952,91.75105768668482,91.75105768668482,91.75105768668496,1.4210854715202004e-13,0.0,-1.4210854715202004e-13,0.0,1.4210854715202004e-13,2219.5300290882587,301.97099962109036,-2385.874519661539,166.34449057328038,2219.76025390625,302.0226745605469,166.35235595703125,81.28640747070312,2219.76025390625,302.0226745605469,0.0,0.018892643973231316,-6268.798828125,0.05190233886241913,1.0000001435500179
16384,45,cf_branch,0.954024338326048,0.03651374578475952,91.75105925412885,91.7510592541289,91.75105925412885,5.684341886080802e-14,0.0,0.0,0.0,0.0,2219.530046135187,301.9710042834266,-2385.874539411572,166.34449327638504,2219.76025390625,302.0226745605469,166.35235595703125,81.28640747070312,2219.76025390625,302.0226745605469,0.0,0.018892643973231316,-6268.798828125,0.05190233141183853,1.0
16384,45,schatten_filtered_cf_branch,0.1050468405756154,0.10332950949668884,0.17173310789265606,0.17173310789265628,0.17173310789265606,2.220446049250313e-16,0.0,0.0,0.0,0.0,78.10376082127914,0.6428439793318399,-78.4355115781935,0.33175075691436007,78.13105773925781,0.6335865259170532,0.326109379529953,-0.02613140642642975,78.13105773925781,0.6335865259170532,0.0,0.0003976546577177942,-6268.798828125,0.10331571102142334,1.990579386533257
16384,45,trace_residue_minus_0_5,-20.069611328882765,0.0037963204085826874,-2007.3407649291348,1079.2277059214512,1079.227705921452,9.094947017729282e-13,-0.5,-3086.568470850587,-3086.568470850587,0.0,6173.136941701174,2326.070795028473,-7747.440150791595,1574.3032090904217,6173.27490234375,2326.1748046875,1562.77978515625,776.74169921875,6173.27490234375,2326.1748046875,0.0,0.006894722115248442,-6268.798828125,0.00441215792670846,0.08500885811272207
16384,45,trace_residue_plus_0_5,10.497262853295172,0.04298076033592224,1045.428209295925,69.28526009475831,69.28526009475831,0.0,0.5,976.1429492011666,976.1429492011666,0.0,1952.2858984023333,233.74275574831063,-2079.4824784225707,127.19658002023743,1952.494384765625,233.78309631347656,127.20899963378906,61.93189239501953,1952.494384765625,233.78309631347656,0.0,0.1086227297782898,-6268.798828125,0.06582251936197281,1.2681996660165287
16384,45,trace_residue_plus_1_0,19.80258377316725,0.044069722294807434,1975.8514050872443,66.02727216793278,66.02727216793284,5.684341886080802e-14,1.0,1909.8241329193115,1909.8241329193115,0.0,1909.8241329193115,223.64603713706128,-2031.2856944606988,121.46156154138725,1910.025390625,223.68431091308594,121.47406005859375,59.104461669921875,1910.025390625,223.68431091308594,0.0,0.19882042706012726,-6268.798828125,0.06775425374507904,1.3054183097760577
16384,46,ordinary_branch,0.9308028394651092,0.03724174574017525,89.35610937249339,89.35610937249339,89.35610937249322,1.7053025658242404e-13,0.0,1.7053025658242404e-13,0.0,1.7053025658242404e-13,2193.0823768526316,294.8202525007099,-2355.2888542715664,162.2064774189348,2192.19873046875,294.5740051269531,162.0441436767578,82.8477554321289,2192.19873046875,294.5740051269531,0.0,0.018399318680167198,-6268.798828125,0.05190233886241913,1.0000001435500179
16384,46,cf_branch,0.9308028552183294,0.03724174574017525,89.35611094781541,89.35611094781552,89.35611094781541,1.1368683772161603e-13,0.0,0.0,0.0,0.0,2193.082394465804,294.8202572189621,-2355.2888746108865,162.20648014508242,2192.19873046875,294.5740051269531,162.0441436767578,82.8477554321289,2192.19873046875,294.5740051269531,0.0,0.0183993149548769,-6268.798828125,0.05190233141183853,1.0
16384,46,schatten_filtered_cf_branch,0.10531953844499069,0.1036096140742302,0.1709924370760494,0.17099243707604472,0.1709924370760494,4.6629367034256575e-15,0.0,0.0,0.0,0.0,78.54670351417735,0.641373982954776,-78.8773805705696,0.330677056392247,78.36852264404297,0.6798688769340515,0.354087769985199,0.25403591990470886,78.36852264404297,0.6798688769340515,0.0,0.0003841323486994952,-6268.798828125,0.10331571102142334,1.990579386533257
16384,46,trace_residue_minus_0_5,-20.070503375616322,0.003852452617138624,-2007.435582823346,1082.7756627879644,1082.775662787964,4.547473508864641e-13,-0.5,-3090.21124561131,-3090.21124561131,0.0,6180.42249122262,2331.5705914408027,-7759.143019261624,1578.7205280390044,6180.001953125,2331.251708984375,1566.7740478515625,787.7302856445312,6180.001953125,2331.251708984375,0.0,0.006501041818410158,-6268.798828125,0.00441215792670846,0.08500885811272207
16384,46,trace_residue_plus_0_5,10.297728025189482,0.04399363324046135,1025.373439194902,66.6253961345991,66.62539613459911,1.4210854715202004e-14,0.5,958.7480430603028,958.7480430603027,1.1368683772161603e-13,1917.4960861206055,225.4920143582579,-2040.0083130206297,122.51222690002419,1916.68408203125,225.29376220703125,122.3907699584961,62.8053092956543,1916.68408203125,225.29376220703125,0.0,0.10663077980279922,-6268.798828125,0.06582251936197281,1.2681996660165287
16384,46,trace_residue_plus_1_0,19.41838796361594,0.04512500762939453,1937.3262955986547,63.36234427174804,63.36234427174806,1.4210854715202004e-14,1.0,1873.9639513269067,1873.9639513269067,0.0,1873.9639513269067,215.329426459026,-1990.7179993203695,116.75404799346279,1873.185546875,215.14390563964844,116.64132690429688,59.88847351074219,1873.185546875,215.14390563964844,0.0,0.19527322053909302,-6268.798828125,0.06775425374507904,1.3054183097760577
16384,47,ordinary_branch,0.9083558774430549,0.037650156766176224,87.07057206768786,87.07057206768786,87.07057206768786,0.0,0.0,0.0,0.0,0.0,2167.4472761526704,287.97084129685055,-2325.6974496222338,158.25017346956338,2168.45751953125,288.26336669921875,158.40380859375,74.9134521484375,2168.45751953125,288.26336669921875,0.0,0.017932232469320297,-6268.798828125,0.05190233886241913,1.0000001435500179
16384,47,cf_branch,0.9083558932248684,0.037650156766176224,87.07057364586922,87.07057364586922,87.07057364586922,0.0,0.0,0.0,0.0,0.0,2167.4472941085696,287.97084604439044,-2325.69747031525,158.2501762066804,2168.45751953125,288.26336669921875,158.40382385253906,74.91345977783203,2168.45751953125,288.26336669921875,0.0,0.017932232469320297,-6268.798828125,0.05190233141183853,1.0
16384,47,schatten_filtered_cf_branch,0.10477145952702564,0.1030682697892189,0.1703189737806744,0.17031897378067384,0.1703189737806744,5.551115123125783e-16,0.0,0.0,0.0,0.0,78.98349853325635,0.6400895189103654,-79.31321319713118,0.3297146638748245,79.58177185058594,0.6738620400428772,0.34743180871009827,-0.3604866862297058,79.58177185058594,0.6738620400428772,0.0,0.0003740227548405528,-6268.798828125,0.10331571102142334,1.990579386533257
16384,47,trace_residue_minus_0_5,-20.071560768869563,0.003903693053871393,-2007.5464461923434,1086.9636904417684,1086.963690441768,4.547473508864641e-13,-0.5,-3094.5101366341114,-3094.5101366341114,0.0,6189.020273268223,2338.061716367237,-7772.954683190408,1583.9344099221853,6189.4033203125,2338.35205078125,1572.3624267578125,775.8538208007812,6189.4033203125,2338.35205078125,0.0,0.006011755205690861,-6268.798828125,0.00441215792670846,0.08500885811272207
16384,47,trace_residue_plus_0_5,10.103790933900925,0.044631872326135635,1005.915906157479,64.09501284001817,64.09501284001794,2.2737367544323206e-13,0.5,941.820893317461,941.820893317461,0.0,1883.641786634922,217.60523465163524,-2001.6869992542433,118.04521261932132,1884.57177734375,217.84120178222656,118.17313385009766,55.32033157348633,1884.57177734375,217.84120178222656,0.0,0.10469938069581985,-6268.798828125,0.06582251936197281,1.2681996660165287
16384,47,trace_residue_plus_1_0,19.044841772098586,0.04579572752118111,1899.9046044577403,60.830418676559475,60.830418676559475,0.0,1.0,1839.0741857811809,1839.0741857811809,0.0,1839.0741857811809,207.38886883684876,-1951.3446265388893,112.27044075770846,1839.96337890625,207.608642578125,112.38961029052734,52.53220748901367,1839.96337890625,207.608642578125,0.0,0.19182023406028748,-6268.798828125,0.06775425374507904,1.3054183097760577
16384,48,ordinary_branch,0.887334627856585,0.03845662996172905,84.8877997894856,84.8877997894856,84.88779978948554,5.684341886080802e-14,0.0,5.684341886080802e-14,0.0,5.684341886080802e-14,2142.589564807713,281.40589510684526,-2297.0545330709156,154.46496826320254,2141.841552734375,281.19677734375,154.3265838623047,78.86531829833984,2141.841552734375,281.19677734375,0.0,0.01748019829392433,-6268.798828125,0.05190233886241913,1.0000001435500179
16384,48,cf_branch,0.8873346426585227,0.03845662623643875,84.88780164220839,84.88780164220839,84.88780164220839,0.0,0.0,0.0,0.0,0.0,2142.589585967362,281.40590068312827,-2297.0545574445932,154.4649714772313,2141.841552734375,281.1968078613281,154.3265838623047,78.86531829833984,2141.841552734375,281.1968078613281,0.0,0.017480196431279182,-6268.798828125,0.05190233141183853,1.0
16384,48,schatten_filtered_cf_branch,0.10528664998748406,0.10358960181474686,0.16970481727372022,0.16970481727371833,0.16970481727372022,1.887379141862766e-15,0.0,0.0,0.0,0.0,79.41305192140862,0.6389646922251094,-79.74190130343722,0.3288493820285936,79.16050720214844,0.6448233127593994,0.3334091901779175,0.3905128836631775,79.16050720214844,0.6448233127593994,0.0,0.00036118627758696675,-6268.798828125,0.10331571102142334,1.990579386533257
16384,48,trace_residue_minus_0_5,-20.072634655676257,0.004002302419394255,-2007.663695809565,1091.6227851685653,1091.6227851685662,9.094947017729282e-13,-0.5,-3099.2864809781313,-3099.2864809781313,0.0,6198.572961956263,2345.27794226283,-7788.305695845551,1589.7327338892883,6198.29052734375,2345.0625,1577.6434326171875,793.0170288085938,6198.29052734375,2345.0625,0.0,0.005448001436889172,-6268.798828125,0.00441215792670846,0.08500885811272207
16384,48,trace_residue_plus_0_5,9.916074741128675,0.045737773180007935,987.0336967948667,61.68677939659278,61.686779396592755,2.842170943040401e-14,0.5,925.346917398274,925.346917398274,0.0,1850.693834796548,210.06419037877535,-1964.4777658289754,113.78393103242752,1850.0108642578125,209.89854431152344,113.68267822265625,58.329071044921875,1850.0108642578125,209.89854431152344,0.0,0.10281755030155182,-6268.798828125,0.06582251936197281,1.2681996660165287
16384,48,trace_residue_plus_1_0,18.68244764295655,0.046945955604314804,1863.5501687352235,58.423957576292196,58.42395757629231,1.1368683772161603e-13,1.0,1805.1262111589313,1805.1262111589313,0.0,1805.1262111589313,199.80561655047043,-1913.1250118052703,107.99880064633908,1804.474365234375,199.6516876220703,107.90555572509766,55.39802932739258,1804.474365234375,199.6516876220703,0.0,0.1884499192237854,-6268.798828125,0.06775425374507904,1.3054183097760577
16384,49,ordinary_branch,0.8670495934801534,0.03903310000896454,82.80164934711888,82.80164934711888,82.80164934711891,2.842170943040401e-14,0.0,-2.842170943040401e-14,0.0,2.842170943040401e-14,2118.476064763963,275.10971916742255,-2269.3170880456482,150.841023281685,2118.1884765625,275.04302978515625,150.78775024414062,76.48835754394531,2118.1884765625,275.04302978515625,0.0,0.017050864174962044,-6268.798828125,0.05190233886241913,1.0000001435500179
16384,49,cf_branch,0.8670496125817053,0.03903310000896454,82.80165125727407,82.80165125727399,82.80165125727407,8.526512829121202e-14,0.0,0.0,0.0,0.0,2118.4760867133737,275.10972492440214,-2269.31711331097,150.84102659759628,2118.1884765625,275.04302978515625,150.78775024414062,76.48835754394531,2118.1884765625,275.04302978515625,0.0,0.017050862312316895,-6268.798828125,0.05190233141183853,1.0
16384,49,schatten_filtered_cf_branch,0.1052553265800103,0.10356377065181732,0.1691555928192976,0.16915559281929404,0.1691555928192976,3.552713678800501e-15,0.0,0.0,0.0,0.0,79.8373313981574,0.6380254713728575,-80.16542487206078,0.3280934739033796,79.63563537597656,0.6296759843826294,0.3238089680671692,0.33147159218788147,79.63563537597656,0.6296759843826294,0.0,0.0003512825642246753,-6268.798828125,0.10331571102142334,1.990579386533257
16384,49,trace_residue_minus_0_5,-20.073711201427713,0.004073265474289656,-2007.7784466902003,1096.5860058059716,1096.5860058059707,9.094947017729282e-13,-0.5,-3104.364452496171,-3104.364452496171,0.0,6208.728904992342,2352.9568230519717,-7804.635085138834,1595.9061801464923,6208.39111328125,2352.700439453125,1583.6588134765625,794.6563110351562,6208.39111328125,2352.700439453125,0.0,0.00483913067728281,-6268.798828125,0.00441215792670846,0.08500885811272207
16384,49,trace_residue_plus_0_5,9.73363271297606,0.046574950218200684,968.705776275786,59.39382320428115,59.39382320428116,1.4210854715202004e-14,0.5,909.3119530715048,909.3119530715048,0.0,1818.6239061430097,202.85162115654347,-1928.341354707464,109.71744856445434,1818.368896484375,202.80125427246094,109.6833267211914,55.7881965637207,1818.368896484375,202.80125427246094,0.0,0.10099110752344131,-6268.798828125,0.06582251936197281,1.2681996660165287
16384,49,trace_residue_plus_1_0,18.330099398731388,0.04782010242342949,1828.2279296307956,56.135881432810834,56.135881432810834,0.0,1.0,1772.0920481979847,1772.0920481979847,0.0,1772.0920481979847,192.56186904911533,-1876.0199039801707,103.92785578218604,1771.8482666015625,192.5147705078125,103.89653778076172,52.86745834350586,1771.8482666015625,192.5147705078125,0.0,0.18516775965690613,-6268.798828125,0.06775425374507904,1.3054183097760577
16384,50,ordinary_branch,0.8476376617775259,0.039573922753334045,80.80637390241918,80.80637390241918,80.80637390241907,1.1368683772161603e-13,0.0,1.1368683772161603e-13,0.0,1.1368683772161603e-13,2095.074764557183,269.067515063884,-2242.4438640936187,147.3690995364359,2095.67333984375,269.2284240722656,147.44760131835938,73.67143249511719,2095.67333984375,269.2284240722656,0.0,0.01664031110703945,-6268.798828125,0.05190233886241913,1.0000001435500179
16384,50,cf_branch,0.8476376793418774,0.039573922753334045,80.80637565885434,80.80637565885445,80.80637565885434,1.1368683772161603e-13,0.0,0.0,0.0,0.0,2095.0747852399945,269.0675203892507,-2242.443887834662,147.3691025946673,2095.67333984375,269.2284240722656,147.44761657714844,73.67131805419922,2095.67333984375,269.2284240722656,0.0,0.01664031110703945,-6268.798828125,0.05190233141183853,1.0
16384,50,schatten_filtered_cf_branch,0.10517516485917584,0.103488489985466,0.16866748737098347,0.16866748737098192,0.16866748737098347,1.5543122344752192e-15,0.0,0.0,0.0,0.0,80.25634963344783,0.6372615737424903,-80.58379033488112,0.3274407014332894,80.48009490966797,0.6520087718963623,0.3357756733894348,0.10246196389198303,80.48009490966797,0.6520087718963623,0.0,0.00034271585172973573,-6268.798828125,0.10331571102142334,1.990579386533257
16384,50,trace_residue_minus_0_5,-20.07469422303325,0.004139309283345938,-2007.8833532316596,1101.6907385008421,1101.6907385008424,2.2737367544323206e-13,-0.5,-3109.574091732502,-3109.574091732502,0.0,6219.148183465004,2360.8437853112946,-7821.399465883221,1602.2512824182168,6219.3095703125,2360.966064453125,1590.1722412109375,795.4638061523438,6219.3095703125,2360.966064453125,0.0,0.004213535226881504,-6268.798828125,0.00441215792670846,0.08500885811272207
16384,50,trace_residue_plus_0_5,9.55648999347145,0.04737135022878647,950.9118643242663,57.20968759318646,57.20968759318646,0.0,0.5,893.7021767310798,893.7021767310798,0.0,1787.4043534621596,195.9511458485773,-1893.239796680347,105.83544321818727,1787.945068359375,196.07571411132812,105.9003677368164,52.8952522277832,1787.945068359375,196.07571411132812,0.0,0.09921589493751526,-6268.798828125,0.06582251936197281,1.2681996660165287
16384,50,trace_residue_plus_1_0,17.987690028887773,0.04865194857120514,1793.9038080316566,53.95953310696109,53.95953310696105,4.263256414560601e-14,1.0,1739.9442749246955,1739.9442749246955,0.0,1739.9442749246955,185.6407070953165,-1839.9912271019384,100.04695217724293,1740.45849609375,185.75587463378906,100.107177734375,50.004150390625,1740.45849609375,185.75587463378906,0.0,0.18196901679039001,-6268.798828125,0.06775425374507904,1.3054183097760577
16384,51,ordinary_branch,0.8292316478092857,0.040265463292598724,78.8966184516687,78.8966184516687,78.89661845166873,2.842170943040401e-14,0.0,-2.842170943040401e-14,0.0,2.842170943040401e-14,2072.3550581112504,263.2653977326372,-2216.3956170761344,144.04055896488399,2072.3603515625,263.28521728515625,144.04000854492188,76.18540954589844,2072.3603515625,263.28521728515625,0.0,0.01624486595392227,-6268.798828125,0.05190233886241913,1.0000001435500179
16384,51,cf_branch,0.8292316664573269,0.040265463292598724,78.89662031647282,78.89662031647276,78.89662031647282,5.684341886080802e-14,0.0,0.0,0.0,0.0,2072.35508043319,263.2654034077269,-2216.395642651062,144.04056221787232,2072.3603515625,263.28521728515625,144.04000854492188,76.18540954589844,2072.3603515625,263.28521728515625,0.0,0.016244864091277122,-6268.798828125,0.05190233141183853,1.0
16384,51,schatten_filtered_cf_branch,0.10553336585062516,0.10385101288557053,0.16823529650546343,0.16823529650546476,0.16823529650546343,1.3322676295501878e-15,0.0,0.0,0.0,0.0,80.67002930212766,0.6366571566655684,-80.99691133976498,0.3268820376373185,80.53485870361328,0.5946563482284546,0.302287757396698,0.3234651982784271,80.53485870361328,0.5946563482284546,0.0,0.0003408018674235791,-6268.798828125,0.10331571102142334,1.990579386533257
16384,51,trace_residue_minus_0_5,-20.07548093293297,0.004249740391969681,-2007.9730673324937,1106.7836387860898,1106.78363878609,2.2737367544323206e-13,-0.5,-3114.7567061185837,-3114.7567061185837,0.0,6229.513412237167,2368.700061332931,-7838.090102863462,1608.5766906262943,6229.29833984375,2368.53662109375,1596.1416015625,810.708251953125,6229.29833984375,2368.53662109375,0.0,0.0035996169317513704,-6268.798828125,0.00441215792670846,0.08500885811272207
16384,51,trace_residue_plus_0_5,9.384674039494858,0.04834960773587227,933.6324431758985,55.12830992905947,55.12830992905947,0.0,0.5,878.504133246839,878.504133246839,0.0,1757.008266493678,189.347233863405,-1859.1364443408552,102.12817784717708,1757.021728515625,189.36526489257812,102.1343994140625,54.59368896484375,1757.021728515625,189.36526489257812,0.0,0.09748778492212296,-6268.798828125,0.06582251936197281,1.2681996660165287
16384,51,trace_residue_plus_1_0,17.655117567983,0.04967017471790314,1760.5447393265097,51.88865550425942,51.88865550425939,2.842170943040401e-14,1.0,1708.6560838222504,1708.6560838222504,0.0,1708.6560838222504,179.02606424892497,-1805.0021105053354,96.34602668308503,1708.667236328125,179.0419464111328,96.35167694091797,51.606502532958984,1708.667236328125,179.0419464111328,0.0,0.17884890735149384,-6268.798828125,0.06775425374507904,1.3054183097760577
16384,52,ordinary_branch,0.8112296106357417,0.040555521845817566,77.06740887899241,77.06740887899241,77.06740887899238,2.842170943040401e-14,0.0,2.842170943040401e-14,0.0,2.842170943040401e-14,2050.2879138812423,257.6903914501422,-2191.135268011676,140.8473541304338,2050.79541015625,257.80841064453125,140.9010467529297,67.16451263427734,2050.79541015625,257.80841064453125,0.0,0.015870507806539536,-6268.798828125,0.05190233886241913,1.0000001435500179
16384,52,cf_branch,0.8112296282387155,0.040555521845817566,77.06741063928979,77.06741063928985,77.06741063928979,5.684341886080802e-14,0.0,0.0,0.0,0.0,2050.2879352122545,257.6903968213601,-2191.1352924174116,140.8473572051571,2050.79541015625,257.80841064453125,140.9010467529297,67.16451263427734,2050.79541015625,257.80841064453125,0.0,0.015870505943894386,-6268.798828125,0.05190233141183853,1.0
16384,52,schatten_filtered_cf_branch,0.1048340353394903,0.1031554713845253,0.16785639549650055,0.1678563954964929,0.16785639549650055,7.66053886991358e-15,0.0,0.0,0.0,0.0,81.07866521179676,0.636206854031212,-81.40507889537908,0.3264136835823166,81.23284912109375,0.6695798635482788,0.34730976819992065,0.05738672614097595,81.23284912109375,0.6695798635482788,0.0,0.00032520724926143885,-6268.798828125,0.10331571102142334,1.990579386533257
16384,52,trace_residue_minus_0_5,-20.076143345916257,0.004300922155380249,-2008.0444268071637,1111.7225713795442,1111.7225713795438,4.547473508864641e-13,-0.5,-3119.7669981867075,-3119.7669981867075,0.0,6239.533996373415,2376.305816229828,-7854.239631626075,1614.7056352526597,6239.81396484375,2376.51904296875,1602.4410400390625,791.2490844726562,6239.81396484375,2376.51904296875,0.0,0.003044891869649291,-6268.798828125,0.00441215792670846,0.08500885811272207
16384,52,trace_residue_plus_0_5,9.217328816636092,0.04884103685617447,916.8487779779917,53.14400213049714,53.14400213049713,1.4210854715202004e-14,0.5,863.7047758474946,863.7047758474946,0.0,1727.4095516949892,183.0251808875435,-1825.9960284061717,98.58647671118251,1727.857177734375,183.11209106445312,98.62986755371094,46.54741668701172,1727.857177734375,183.11209106445312,0.0,0.0958116427063942,-6268.798828125,0.06582251936197281,1.2681996660165287
16384,52,trace_residue_plus_1_0,17.331374791959288,0.050187766551971436,1728.1187025407316,49.91736980024598,49.91736980024601,2.842170943040401e-14,1.0,1678.2013327404857,1678.2013327404857,0.0,1678.2013327404857,172.70269688217718,-1771.0169126691294,92.81557992864373,1678.626708984375,172.783203125,92.85608673095703,43.739444732666016,1678.626708984375,172.783203125,0.0,0.17581196129322052,-6268.798828125,0.06775425374507904,1.3054183097760577
16384,53,ordinary_branch,0.7942709958508135,0.04113031551241875,75.31406803383948,75.31406803383948,75.31406803383948,0.0,0.0,0.0,0.0,0.0,2028.845107898116,252.33019915926056,-2166.6269971610573,137.78188926294115,2028.88671875,252.33705139160156,137.77325439453125,67.30313110351562,2028.88671875,252.33705139160156,0.0,0.015508100390434265,-6268.798828125,0.05190233886241913,1.0000001435500179
16384,53,cf_branch,0.7942710159718734,0.04113031551241875,75.31407004594547,75.3140700459453,75.31407004594547,1.7053025658242404e-13,0.0,0.0,0.0,0.0,2028.845132611692,252.33020531718114,-2166.627025394444,137.78189278275204,2028.88671875,252.33706665039062,137.77325439453125,67.30325317382812,2028.88671875,252.33706665039062,0.0,0.01550809945911169,-6268.798828125,0.05190233141183853,1.0
16384,53,schatten_filtered_cf_branch,0.10495083077209558,0.1032755896449089,0.16752411271866718,0.16752411271866663,0.16752411271866718,5.551115123125783e-16,0.0,0.0,0.0,0.0,81.48108624434099,0.6358866350593353,-81.80710928304148,0.3260230387004981,81.30379486083984,0.6149101257324219,0.31461143493652344,0.21960735321044922,81.30379486083984,0.6149101257324219,0.0,0.0003216886834707111,-6268.798828125,0.10331571102142334,1.990579386533257
16384,53,trace_residue_minus_0_5,-20.07657422206841,0.00439028674736619,-2008.0964508815773,1116.380636213803,1116.3806362138025,4.547473508864641e-13,-0.5,-3124.47708709538,-3124.47708709538,0.0,6248.95417419076,2383.46630530713,-7869.435081834921,1620.4809076441616,6248.9560546875,2383.4677734375,1607.9287109375,798.71826171875,6248.9560546875,2383.4677734375,0.0,0.002585063222795725,-6268.798828125,0.00441215792670846,0.08500885811272207
16384,53,trace_residue_plus_0_5,9.055106753213073,0.04967891797423363,900.5427835238838,51.25141461842895,51.25141461842895,0.0,0.5,849.2913689054549,849.2913689054549,0.0,1698.5827378109097,176.9710284274451,-1793.7844092187715,95.2016714078618,1698.6177978515625,176.97518920898438,95.19947052001953,46.281192779541016,1698.6177978515625,176.97518920898438,0.0,0.09417779743671417,-6268.798828125,0.06582251936197281,1.2681996660165287
16384,53,trace_residue_plus_1_0,17.01700691517582,0.051060788333415985,1696.5946126842405,48.04014689861799,48.040146898617905,8.526512829121202e-14,1.0,1648.5544657856226,1648.5544657856226,0.0,1648.5544657856226,166.65612893394297,-1738.0011018224839,89.44663603686126,1648.5877685546875,166.66006469726562,89.4450912475586,43.43976974487305,1648.5877685546875,166.66006469726562,0.0,0.1728477030992508,-6268.798828125,0.06775425374507904,1.3054183097760577
16384,54,ordinary_branch,0.7779971545945591,0.041674479842185974,73.63226747523731,73.63226747523731,73.63226747523726,5.684341886080802e-14,0.0,5.684341886080802e-14,0.0,5.684341886080802e-14,2008.0001386031508,247.1733866610663,-2142.837257094434,134.83711849128304,2007.7598876953125,247.1112518310547,134.7898406982422,67.18904876708984,2007.7598876953125,247.1112518310547,0.0,0.01516048051416874,-6268.798828125,0.05190233886241913,1.0000001435500179
16384,54,cf_branch,0.7779971746063384,0.041674479842185974,73.63226947641525,73.63226947641533,73.63226947641525,8.526512829121202e-14,0.0,0.0,0.0,0.0,2008.0001635327935,247.17339280616437,-2142.8372855307057,134.83712199791216,2007.7598876953125,247.1112518310547,134.7898406982422,67.18904876708984,2007.7598876953125,247.1112518310547,0.0,0.01516047865152359,-6268.798828125,0.05190233141183853,1.0
16384,54,schatten_filtered_cf_branch,0.10502027297028894,0.10334791243076324,0.16723605395257063,0.16723605395256413,0.16723605395257063,6.494804694057166e-15,0.0,0.0,0.0,0.0,81.87759669357911,0.6356912979825087,-82.20330322837134,0.3257065347922321,81.56105041503906,0.5986750721931458,0.3053695857524872,0.2500549554824829,81.56105041503906,0.5986750721931458,0.0,0.00031338169355876744,-6268.798828125,0.10331571102142334,1.990579386533257
16384,54,trace_residue_minus_0_5,-20.07680737516339,0.004493219777941704,-2008.130059494133,1120.648293735032,1120.648293735032,0.0,-0.5,-3128.778353229165,-3128.778353229165,0.0,6257.55670645833,2390.0148976077644,-7883.32410491259,1625.7673984542598,6257.439453125,2389.92578125,1613.032470703125,805.6856689453125,6257.439453125,2389.92578125,0.0,0.002270391909405589,-6268.798828125,0.00441215792670846,0.08500885811272207
16384,54,trace_residue_plus_0_5,8.897451606880189,0.050480231642723083,884.6971375237465,49.445529867267624,49.44552986726768,5.684341886080802e-14,0.5,835.2516076564789,835.2516076564789,0.0,1670.5032153129578,171.1715752735971,-1762.4688142001505,91.96559888719275,1670.289794921875,171.12490844726562,91.93545532226562,45.80091857910156,1670.289794921875,171.12490844726562,0.0,0.0925883799791336,-6268.798828125,0.06582251936197281,1.2681996660165287
16384,54,trace_residue_plus_1_0,16.711319926737424,0.05189571529626846,1665.9424211441155,46.25179248886059,46.25179248886073,1.4210854715202004e-13,1.0,1619.6906286552548,1619.6906286552548,0.0,1619.6906286552548,160.8726374349522,-1705.9213544645936,86.23072580933876,1619.48876953125,160.83001708984375,86.20365142822266,42.93849563598633,1619.48876953125,160.83001708984375,0.0,0.16995783150196075,-6268.798828125,0.06775425374507904,1.3054183097760577
16384,55,ordinary_branch,0.7622712068954229,0.04209154471755028,72.01796621778726,72.01796621778726,72.0179662177872,5.684341886080802e-14,0.0,5.684341886080802e-14,0.0,5.684341886080802e-14,1987.727703936398,242.20921597021902,-2119.7341488247052,132.00644488830721,1986.6629638671875,241.939453125,131.84136962890625,64.34292602539062,1986.6629638671875,241.939453125,0.0,0.014828004874289036,-6268.798828125,0.05190233886241913,1.0000001435500179
16384,55,cf_branch,0.7622712265087666,0.04209154471755028,72.01796817912162,72.01796817912168,72.01796817912162,5.684341886080802e-14,0.0,0.0,0.0,0.0,1987.7277287319303,242.20922201176296,-2119.734177062392,132.0064483304618,1986.6629638671875,241.93946838378906,131.84136962890625,64.34298706054688,1986.6629638671875,241.93946838378906,0.0,0.014828003011643887,-6268.798828125,0.05190233141183853,1.0
16384,55,schatten_filtered_cf_branch,0.10478268655596897,0.1031128317117691,0.16698548441998612,0.16698548441998895,0.16698548441998612,2.831068712794149e-15,0.0,0.0,0.0,0.0,82.26745622395538,0.6355972383816288,-82.59290785213466,0.3254516281792803,81.99174499511719,0.6573770046234131,0.33884570002555847,0.24663232266902924,81.99174499511719,0.6573770046234131,0.0,0.00030162412440404296,-6268.798828125,0.10331571102142334,1.990579386533257
16384,55,trace_residue_minus_0_5,-20.076910324212275,0.004566577263176441,-2008.147690147545,1124.4340703930593,1124.4340703930595,2.2737367544323206e-13,-0.5,-3132.5817605406046,-3132.5817605406046,0.0,6265.163521081209,2395.8138427352587,-7895.616366702481,1630.452845621272,6265.09326171875,2395.76025390625,1617.6470947265625,802.6963500976562,6265.09326171875,2395.76025390625,0.0,0.002135109854862094,-6268.798828125,0.00441215792670846,0.08500885811272207
16384,55,trace_residue_plus_0_5,8.744077839118402,0.051125939935445786,869.2951899182956,47.72163415448483,47.721634154484775,5.684341886080802e-14,0.5,821.5735557638109,821.5735557638109,0.0,1643.1471115276217,165.61431559638248,-1732.017670899091,88.8705593714692,1642.2110595703125,165.41769409179688,88.75730895996094,43.09551239013672,1642.2110595703125,165.41769409179688,0.0,0.09104292839765549,-6268.798828125,0.06582251936197281,1.2681996660165287
16384,55,trace_residue_plus_1_0,16.4139006073201,0.052570097148418427,1636.1330510171683,44.54742389345495,44.54742389345492,2.842170943040401e-14,1.0,1591.5856271237135,1591.5856271237135,0.0,1591.5856271237135,155.33920820447685,-1674.7454812661722,83.1598541424587,1590.7044677734375,155.16018676757812,83.05743408203125,40.276641845703125,1590.7044677734375,155.16018676757812,0.0,0.16714106500148773,-6268.798828125,0.06775425374507904,1.3054183097760577
16384,56,ordinary_branch,0.747355521957511,0.04268169030547142,70.46738316520396,70.46738316520396,70.4673831652039,5.684341886080802e-14,0.0,5.684341886080802e-14,0.0,5.684341886080802e-14,1968.0035592392087,237.4275795868811,-2097.2872370484965,129.28367780928784,1968.041015625,237.427734375,129.27291870117188,65.35508728027344,1968.041015625,237.427734375,0.0,0.0145065663382411,-6268.798828125,0.05190233886241913,1.0000001435500179
16384,56,cf_branch,0.7473555386296465,0.04268168658018112,70.46738520494654,70.4673852049466,70.46738520494654,5.684341886080802e-14,0.0,0.0,0.0,0.0,1968.0035852119327,237.42758587911436,-2097.2872666035755,129.28368139164286,1968.041015625,237.427734375,129.27294921875,65.3551025390625,1968.041015625,237.427734375,0.0,0.014506565406918526,-6268.798828125,0.05190233141183853,1.0
16384,56,schatten_filtered_cf_branch,0.10503095191370757,0.10336329787969589,0.1667654034011673,0.16676540340117185,0.1667654034011673,4.551914400963142e-15,0.0,0.0,0.0,0.0,82.64968227501959,0.6355791137705107,-82.9749273263132,0.3252450512936207,82.65739440917969,0.6528600454330444,0.3358180820941925,0.12434901297092438,82.65739440917969,0.6528600454330444,0.0,0.0002979754062835127,-6268.798828125,0.10331571102142334,1.990579386533257
16384,56,trace_residue_minus_0_5,-20.076889864889228,0.004638121463358402,-2008.1527986352585,1127.6685669596054,1127.6685669596054,0.0,-0.5,-3135.821365594864,-3135.821365594864,0.0,6271.642731189728,2400.7599833466493,-7906.0953550222275,1634.4526238324997,6271.68408203125,2400.79150390625,1621.6292724609375,814.0409545898438,6271.68408203125,2400.79150390625,0.0,0.0021606332156807184,-6268.798828125,0.00441215792670846,0.08500885811272207
16384,56,trace_residue_plus_0_5,8.59519274027956,0.05198345333337784,854.3209286946181,46.07529699237398,46.07529699237389,8.526512829121202e-14,0.5,808.2456317022443,808.2456317022443,0.0,1616.4912634044886,160.28739929461216,-1702.4005507094316,85.90928730494306,1616.518798828125,160.28579711914062,85.90482330322266,43.52833938598633,1616.518798828125,160.28579711914062,0.0,0.08953657746315002,-6268.798828125,0.06582251936197281,1.2681996660165287
16384,56,trace_residue_plus_1_0,16.124845309011704,0.05346166342496872,1607.1383645586734,42.922450078285124,42.92245007828518,5.684341886080802e-14,1.0,1564.2159144803882,1564.2159144803882,0.0,1564.2159144803882,150.04349914827458,-1644.4423868102133,80.22647232982513,1564.2427978515625,150.04248046875,80.22298431396484,40.67564010620117,1564.2427978515625,150.04248046875,0.0,0.16439221799373627,-6268.798828125,0.06775425374507904,1.3054183097760577
16384,57,ordinary_branch,0.7331369857946652,0.0433669313788414,68.97700544158238,68.97700544158238,68.97700544158232,5.684341886080802e-14,0.0,5.684341886080802e-14,0.0,5.684341886080802e-14,1948.8048319220543,232.81904451043582,-2075.467884883834,126.66305296177961,1948.896240234375,232.8468017578125,126.67012023925781,67.0950698852539,1948.896240234375,232.8468017578125,0.0,0.014195547439157963,-6268.798828125,0.05190233886241913,1.0000001435500179
16384,57,cf_branch,0.7331370069241285,0.0433669313788414,68.97700755452871,68.97700755452888,68.97700755452871,1.7053025658242404e-13,0.0,0.0,0.0,0.0,1948.8048593774438,232.81905105754893,-2075.467916058429,126.66305668098539,1948.896240234375,232.8468017578125,126.67012023925781,67.0950698852539,1948.896240234375,232.8468017578125,0.0,0.014195544645190239,-6268.798828125,0.05190233141183853,1.0
16384,57,schatten_filtered_cf_branch,0.10544314856925587,0.10377742350101471,0.16657250682411595,0.16657250682411728,0.16657250682411595,1.3322676295501878e-15,0.0,0.0,0.0,0.0,83.02444684854709,0.6356274426323498,-83.34952807429498,0.3250812257478941,83.11492919921875,0.6326785683631897,0.3227004110813141,0.3111380934715271,83.11492919921875,0.6326785683631897,0.0,0.00029221337172202766,-6268.798828125,0.10331571102142334,1.990579386533257
16384,57,trace_residue_minus_0_5,-20.076784709566205,0.004708528518676758,-2008.1493238084881,1130.3028561002634,1130.3028561002643,9.094947017729282e-13,-0.5,-3138.4521799087524,-3138.4521799087524,0.0,6276.904359817505,2404.7818606821684,-7914.611944005911,1637.7075841884061,6277.029296875,2404.87744140625,1624.865478515625,824.3280029296875,6277.029296875,2404.87744140625,0.0,0.0022882716730237007,-6268.798828125,0.00441215792670846,0.08500885811272207
16384,57,trace_residue_plus_0_5,8.450536070779213,0.052946027368307114,839.7590043410906,44.50235820713135,44.50235820713132,2.842170943040401e-14,0.5,795.2566461339593,795.2566461339593,0.0,1590.5132922679186,155.17961461003267,-1673.5882275756596,83.07493530774104,1590.5948486328125,155.2003936767578,83.08413696289062,44.61311340332031,1590.5948486328125,155.2003936767578,0.0,0.08806891739368439,-6268.798828125,0.06582251936197281,1.2681996660165287
16384,57,trace_residue_plus_1_0,15.843772770703437,0.054460905492305756,1578.931186521113,41.3725558162331,41.372555816233145,4.263256414560601e-14,1.0,1537.5586307048798,1537.5586307048798,0.0,1537.5586307048798,144.9738146648177,-1614.9820878267653,77.42345712188558,1537.634521484375,144.99234008789062,77.43181610107422,41.68343734741211,1537.634521484375,144.99234008789062,0.0,0.1617102175951004,-6268.798828125,0.06775425374507904,1.3054183097760577
16384,58,ordinary_branch,0.718963796415851,0.043528225272893906,67.54355711429571,67.54355711429571,67.54355711429571,0.0,0.0,0.0,0.0,0.0,1930.1097645908594,228.37476845191915,-2054.2489458323716,124.13918124151223,1930.93408203125,228.58056640625,124.2481460571289,58.89616775512695,1930.93408203125,228.58056640625,0.0,0.013902549631893635,-6268.798828125,0.05190233886241913,1.0000001435500179
16384,58,cf_branch,0.7189638167591315,0.043528225272893906,67.54355914862376,67.5435591486239,67.54355914862376,1.4210854715202004e-13,0.0,0.0,0.0,0.0,1930.1097913980484,228.3747747747285,-2054.2489762258747,124.13918482782628,1930.93408203125,228.58058166503906,124.24815368652344,58.89617156982422,1930.93408203125,228.58058166503906,0.0,0.01390254870057106,-6268.798828125,0.05190233141183853,1.0
16384,58,schatten_filtered_cf_branch,0.10469332717695086,0.10302916169166565,0.166416548528521,0.16641654852851673,0.166416548528521,4.274358644806853e-15,0.0,0.0,0.0,0.0,83.39415355026722,0.6357828558607961,-83.71913369310778,0.324980142840559,83.78790283203125,0.6540411710739136,0.3347351849079132,-0.12159191071987152,83.78790283203125,0.6540411710739136,0.0,0.0002828096621669829,-6268.798828125,0.10331571102142334,1.990579386533257
16384,58,trace_residue_minus_0_5,-20.076697688368913,0.00471424451097846,-2008.1411932879892,1132.3110639577908,1132.3110639577899,9.094947017729282e-13,-0.5,-3140.452257245779,-3140.452257245779,0.0,6280.904514491558,2407.843242984671,-7921.0915917218135,1640.1870772302555,6280.919921875,2407.85498046875,1627.2257080078125,804.3589477539062,6280.919921875,2407.85498046875,0.0,0.0024525464978069067,-6268.798828125,0.00441215792670846,0.08500885811272207
16384,58,trace_residue_plus_0_5,8.309223787081145,0.0532769113779068,825.5946875703238,42.99890927269098,42.99890927269091,7.105427357601002e-14,0.5,782.5957782976329,782.5957782976329,0.0,1565.1915565952659,150.28034929296047,-1645.5526035332055,80.36104693793959,1565.90625,150.426025390625,80.4398193359375,37.579345703125,1565.90625,150.426025390625,0.0,0.08664495497941971,-6268.798828125,0.06582251936197281,1.2681996660165287
16384,58,trace_residue_plus_1_0,15.56966232588813,0.05480962246656418,1551.4852703421566,39.89368440799433,39.89368440799444,1.1368683772161603e-13,1.0,1511.5915859341621,1511.5915859341621,0.0,1511.5915859341621,140.1190724348607,-1586.3356722433884,74.7440863092263,1512.260009765625,140.25035095214844,74.81499481201172,34.86788558959961,1512.260009765625,140.25035095214844,0.0,0.1590992659330368,-6268.798828125,0.06775425374507904,1.3054183097760577
16384,59,ordinary_branch,0.7056575691553553,0.0440182089805603,66.1639360174795,66.1639360174795,66.16393601747919,3.126388037344441e-13,0.0,3.126388037344441e-13,0.0,3.126388037344441e-13,1911.8971485123038,224.0863239177216,-2033.604091875889,121.7069433635852,1911.733154296875,224.02780151367188,121.66346740722656,59.53730010986328,1911.733154296875,224.02780151367188,0.0,0.013616504147648811,-6268.798828125,0.05190233886241913,1.0000001435500179
16384,59,cf_branch,0.7056575906447927,0.0440182089805603,66.16393816642324,66.16393816642335,66.16393816642324,1.1368683772161603e-13,0.0,0.0,0.0,0.0,1911.897177092731,224.08633060887377,-2033.6041242480937,121.70694715536274,1911.7332763671875,224.02783203125,121.66346740722656,59.53730010986328,1911.7332763671875,224.02783203125,0.0,0.013616503216326237,-6268.798828125,0.05190233141183853,1.0
16384,59,schatten_filtered_cf_branch,0.10476539214729928,0.10310249775648117,0.16628943908181076,0.16628943908181526,0.16628943908181076,4.496403249731884e-15,0.0,0.0,0.0,0.0,83.75751484651119,0.6360156433539905,-84.08244118942899,0.32492634291780575,83.53868865966797,0.6145167350769043,0.3134307861328125,0.15336990356445312,83.53868865966797,0.6145167350769043,0.0,0.0002806613047141582,-6268.798828125,0.10331571102142334,1.990579386533257
16384,59,trace_residue_minus_0_5,-20.07653814935618,0.004780965857207775,-2008.1319115213387,1133.6877573677066,1133.687757367707,4.547473508864641e-13,-0.5,-3141.8196688890457,-3141.8196688890457,0.0,6283.639337778091,2409.938783696316,-7925.524919373765,1641.885581595674,6283.7021484375,2409.987060546875,1628.9163818359375,810.8854370117188,6283.7021484375,2409.987060546875,0.0,0.0026095323264598846,-6268.798828125,0.00441215792670846,0.08500885811272207
16384,59,trace_residue_plus_0_5,8.17214679409095,0.05400912091135979,811.813767317959,41.56126769659761,41.561267696597554,5.684341886080802e-14,0.5,770.2524996213615,770.2524996213615,0.0,1540.504999242723,145.57952859946468,-1618.2665159707572,77.76151672803417,1540.3529052734375,145.53517150878906,77.7335433959961,37.82001876831055,1540.3529052734375,145.53517150878906,0.0,0.0852544978260994,-6268.798828125,0.06582251936197281,1.2681996660165287
16384,59,trace_residue_plus_1_0,15.303322494970072,0.0555705763399601,1524.775191863011,38.482016322146706,38.482016322146706,0.0,1.0,1486.2931755408645,1486.2931755408645,0.0,1486.2931755408645,135.4687556958911,-1558.4751820972845,72.18200655641999,1486.1533203125,135.42977905273438,72.15776062011719,35.073020935058594,1486.1533203125,135.42977905273438,0.0,0.15654869377613068,-6268.798828125,0.06775425374507904,1.3054183097760577
16384,60,ordinary_branch,0.6931904729978748,0.044837746769189835,64.8352726228685,64.8352726228685,64.83527262286856,5.684341886080802e-14,0.0,-5.684341886080802e-14,0.0,5.684341886080802e-14,1894.1472017392516,219.94589025295866,-2013.5087980734945,119.3615963342429,1894.095703125,219.93182373046875,119.34548950195312,63.92103576660156,1894.095703125,219.93182373046875,0.0,0.013336937874555588,-6268.798828125,0.05190233886241913,1.0000001435500179
16384,60,cf_branch,0.6931904955325726,0.044837746769189835,64.83527487633827,64.83527487633819,64.83527487633827,8.526512829121202e-14,0.0,0.0,0.0,0.0,1894.1472321599722,219.94589729189528,-2013.5088324767644,119.36160031679219,1894.095703125,219.93182373046875,119.34548950195312,63.92103576660156,1894.095703125,219.93182373046875,0.0,0.013336936943233013,-6268.798828125,0.05190233141183853,1.0
16384,60,schatten_filtered_cf_branch,0.10552229581980643,0.10386049002408981,0.1661805795716625,0.16618057957165888,0.1661805795716625,3.608224830031759e-15,0.0,0.0,0.0,0.0,84.11284270347096,0.6362866400158166,-84.43774222361444,0.32489952014347523,84.01029968261719,0.6269542574882507,0.32010701298713684,0.498211145401001,84.01029968261719,0.6269542574882507,0.0,0.000272478413535282,-6268.798828125,0.10331571102142334,1.990579386533257
16384,60,trace_residue_minus_0_5,-20.07641539943995,0.004827104974538088,-2008.1242504414488,1134.4481852207014,1134.4481852207016,2.2737367544323206e-13,-0.5,-3142.5724356621504,-3142.5724356621504,0.0,6285.144871324301,2411.094124944688,-7927.967765803257,1642.8228944789562,6285.1787109375,2411.12060546875,1629.8157958984375,827.9982299804688,6285.1787109375,2411.12060546875,0.0,0.0027265974786132574,-6268.798828125,0.00441215792670846,0.08500885811272207
16384,60,trace_residue_plus_0_5,8.039156686386299,0.05513016879558563,798.4026517590712,40.18597605286345,40.18597605286348,2.842170943040401e-14,0.5,758.2166757062078,758.2166757062078,0.0,1516.4333514124155,141.06762986864578,-1591.703945036084,75.27059362366845,1516.3883056640625,141.05752563476562,75.26277923583984,41.05491256713867,1516.3883056640625,141.05752563476562,0.0,0.083896704018116,-6268.798828125,0.06582251936197281,1.2681996660165287
16384,60,trace_residue_plus_1_0,15.044495895200457,0.05673130229115486,1498.7764592909302,37.13396178866299,37.13396178866297,1.4210854715202004e-14,1.0,1461.6424975022674,1461.6424975022674,0.0,1461.6424975022674,131.01290830897852,-1531.3737231345035,69.73122563223615,1461.6005859375,131.00392150878906,69.72451782226562,38.15254211425781,1461.6005859375,131.00392150878906,0.0,0.1540571004152298,-6268.798828125,0.06775425374507904,1.3054183097760577
16384,61,ordinary_branch,0.6804252969437471,0.04487624764442444,63.55490492993226,63.55490492993226,63.554904929932206,5.684341886080802e-14,0.0,5.684341886080802e-14,0.0,5.684341886080802e-14,1876.8413297459483,215.94618476023555,-1993.9400616601065,117.09873191415818,1876.162353515625,215.78134155273438,116.99732208251953,55.637149810791016,1876.162353515625,215.78134155273438,0.0,0.013076265342533588,-6268.798828125,0.05190233886241913,1.0000001435500179
16384,61,cf_branch,0.6804253164082933,0.04487624391913414,63.55490724891591,63.554907248915924,63.55490724891591,1.4210854715202004e-14,0.0,0.0,0.0,0.0,1876.8413612991571,215.94619201587568,-1993.9400973150646,117.09873601590743,1876.16259765625,215.78134155273438,116.99732208251953,55.637027740478516,1876.16259765625,215.78134155273438,0.0,0.01307626347988844,-6268.798828125,0.05190233141183853,1.0
16384,61,schatten_filtered_cf_branch,0.10461881156570402,0.10295777767896652,0.16610338867374919,0.16610338867374708,0.16610338867374919,2.1094237467877974e-15,0.0,0.0,0.0,0.0,84.4632857835386,0.6366501614259124,-84.78821249119727,0.32492670765867615,84.10427856445312,0.6131502389907837,0.3115443289279938,0.15716834366321564,84.10427856445312,0.6131502389907837,0.0,0.0002697707386687398,-6268.798828125,0.10331571102142334,1.990579386533257
16384,61,trace_residue_minus_0_5,-20.076413543291768,0.004787172190845013,-2008.1200715482612,1134.6284381270025,1134.6284381270032,6.821210263296962e-13,-0.5,-3142.7485096752644,-3142.7485096752644,0.0,6285.497019350529,2411.3659865896216,-7928.541285012279,1643.0442656617506,6285.646484375,2411.47998046875,1630.1019287109375,804.1386108398438,6285.646484375,2411.47998046875,0.0,0.0027848363388329744,-6268.798828125,0.00441215792670846,0.08500885811272207
16384,61,trace_residue_plus_0_5,7.908791321137853,0.05530804395675659,785.3483277181097,38.869786343903115,38.869786343903144,2.842170943040401e-14,0.5,746.4785413742065,746.4785413742065,0.0,1492.957082748413,136.7356482115876,-1565.8399403570083,72.88285760859526,1492.38037109375,136.62353515625,72.81878662109375,34.153717041015625,1492.38037109375,136.62353515625,0.0,0.08258090913295746,-6268.798828125,0.06582251936197281,1.2681996660165287
16384,61,trace_residue_plus_1_0,14.79157507956809,0.05692049115896225,1473.4654588409128,35.84614525068423,35.84614525068423,0.0,1.0,1437.6193135902286,1437.6193135902286,0.0,1437.6193135902286,126.74210157679465,-1505.0054030207393,67.38608943051076,1437.0833740234375,126.64204406738281,67.32935333251953,31.481876373291016,1437.0833740234375,126.64204406738281,0.0,0.1516328901052475,-6268.798828125,0.06775425374507904,1.3054183097760577
16384,62,ordinary_branch,0.6685971842277081,0.04539432376623154,62.32028604614766,62.32028604614766,62.32028604614763,2.842170943040401e-14,0.0,2.842170943040401e-14,0.0,2.842170943040401e-14,1859.9611625149846,212.08019316768792,-1974.8752813664564,114.91411885147181,1859.717529296875,212.00457763671875,114.86236572265625,55.758148193359375,1859.717529296875,212.00457763671875,0.0,0.012819207273423672,-6268.798828125,0.05190233886241913,1.0000001435500179
16384,62,cf_branch,0.6685972059138626,0.04539432376623154,62.32028821476311,62.32028821476297,62.32028821476311,1.4210854715202004e-13,0.0,0.0,0.0,0.0,1859.9611925706267,212.0801999783372,-1974.8753152650647,114.91412269443799,1859.717529296875,212.00457763671875,114.86236572265625,55.758148193359375,1859.717529296875,212.00457763671875,0.0,0.012819204479455948,-6268.798828125,0.05190233141183853,1.0
16384,62,schatten_filtered_cf_branch,0.10476660542175445,0.10310612618923187,0.16604792325225765,0.16604792325225048,0.16604792325225765,7.16093850883226e-15,0.0,0.0,0.0,0.0,84.8072815539781,0.6370698059947258,-85.13227048931807,0.32498893533997375,84.53247833251953,0.6058011054992676,0.3077709376811981,0.2574354410171509,84.53247833251953,0.6058011054992676,0.0,0.00026113365311175585,-6268.798828125,0.10331571102142334,1.990579386533257
16384,62,trace_residue_minus_0_5,-20.07638731265359,0.004815659020096064,-2008.1202971673688,1134.277133014134,1134.2771330141345,4.547473508864641e-13,-0.5,-3142.3974301815033,-3142.3974301815033,0.0,6284.794860363007,2410.829433166966,-7927.404967466982,1642.6101071039757,6284.7060546875,2410.761474609375,1629.5328369140625,808.6868286132812,6284.7060546875,2410.761474609375,0.0,0.0027853059582412243,-6268.798828125,0.00441215792670846,0.08500885811272207
16384,62,trace_residue_plus_0_5,7.782446695246566,0.056064531207084656,772.6382164039481,37.60963253088494,37.60963253088484,9.947598300641403e-14,0.5,735.0285838730633,735.0285838730633,0.0,1470.0571677461267,132.575023261877,-1540.6503425813116,70.59317483518498,1469.839111328125,132.52035522460938,70.56023406982422,33.97640609741211,1469.839111328125,132.52035522460938,0.0,0.08129385113716125,-6268.798828125,0.06582251936197281,1.2681996660165287
16384,62,trace_residue_plus_1_0,14.545897979248933,0.05770474299788475,1448.8193236251047,34.61538551344188,34.61538551344198,9.947598300641403e-14,1.0,1414.2039381116629,1414.2039381116629,0.0,1414.2039381116629,122.64738595932994,-1479.3451890021033,65.14125089044046,1414.003662109375,122.59962463378906,65.1128158569336,31.295543670654297,1414.003662109375,122.59962463378906,0.0,0.14926272630691528,-6268.798828125,0.06775425374507904,1.3054183097760577
16384,63,ordinary_branch,0.6571872813510435,0.04589659720659256,61.1290684144451,61.1290684144451,61.12906841444499,1.1368683772161603e-13,0.0,1.1368683772161603e-13,0.0,1.1368683772161603e-13,1843.4896855652332,208.34143404787073,-1956.2935377212252,112.80385215599199,1842.7529296875,208.17010498046875,112.70018005371094,57.17302703857422,1842.7529296875,208.17010498046875,0.0,0.01257164217531681,-6268.798828125,0.05190233886241913,1.0000001435500179
16384,63,cf_branch,0.6571873013703919,0.04589659348130226,61.12907078890896,61.12907078890896,61.12907078890896,0.0,0.0,0.0,0.0,0.0,1843.48971850425,208.34144150470905,-1956.293574867868,112.80385636361802,1842.7530517578125,208.17010498046875,112.70018005371094,57.17296600341797,1842.7530517578125,208.17010498046875,0.0,0.012571639381349087,-6268.798828125,0.05190233141183853,1.0
16384,63,schatten_filtered_cf_branch,0.10495531520476269,0.10329519957304001,0.1660115631722679,0.16601156317227606,0.1660115631722679,8.1601392309949e-15,0.0,0.0,0.0,0.0,85.14440325601026,0.6375361233139394,-85.46948451093422,0.32508125492395834,84.892822265625,0.6480870246887207,0.33121952414512634,0.2790665030479431,84.892822265625,0.6480870246887207,0.0,0.0002563390298746526,-6268.798828125,0.10331571102142334,1.990579386533257
16384,63,trace_residue_minus_0_5,-20.076447453590816,0.004802369512617588,-2008.1249823103433,1133.4570367952097,1133.4570367952103,6.821210263296962e-13,-0.5,-3141.5820191055536,-3141.5820191055536,0.0,6283.164038211107,2409.5804129260155,-7924.762061348002,1641.5980231368949,6283.3232421875,2409.7021484375,1628.6927490234375,816.1539916992188,6283.3232421875,2409.7021484375,0.0,0.002723535057157278,-6268.798828125,0.00441215792670846,0.08500885811272207
16384,63,trace_residue_plus_0_5,7.659411103058598,0.05680803954601288,760.2603063512585,36.40263577960343,36.40263577960343,0.0,0.5,723.857670571655,723.857670571655,0.0,1447.71534114331,128.57766899612642,-1516.1120519343485,68.39671079103846,1447.0970458984375,128.4644317626953,68.33280181884766,34.82686233520508,1447.0970458984375,128.4644317626953,0.0,0.08003921061754227,-6268.798828125,0.06582251936197281,1.2681996660165287
16384,63,trace_residue_plus_1_0,14.306635262236906,0.058474812656641006,1424.8160449580264,33.43869134196757,33.438691341967484,8.526512829121202e-14,1.0,1391.3773536160588,1391.3773536160588,0.0,1391.3773536160588,118.7202908624117,-1454.3690197583187,62.991666142259874,1390.8043212890625,118.61961364746094,62.935245513916016,32.094635009765625,1390.8043212890625,118.61961364746094,0.0,0.14694927632808685,-6268.798828125,0.06775425374507904,1.3054183097760577
16384,64,ordinary_branch,0.6459036402605307,0.04611309990286827,59.97905403576624,59.97905403576624,59.97905403576621,2.842170943040401e-14,0.0,2.842170943040401e-14,0.0,2.842170943040401e-14,1827.4107544496655,204.7238170428762,-1938.1750235874333,110.76426913776777,1827.7723388671875,204.8057403564453,110.80404663085938,52.70713806152344,1827.7723388671875,204.8057403564453,0.0,0.012335451319813728,-6268.798828125,0.05190233886241913,1.0000001435500179
16384,64,cf_branch,0.645903660173856,0.04611309617757797,59.97905639962781,59.979056399627666,59.97905639962781,1.4210854715202004e-13,0.0,0.0,0.0,0.0,1827.410787679255,204.72382448670925,-1938.175061011592,110.7642733323371,1827.7724609375,204.80575561523438,110.80404663085938,52.70707702636719,1827.7724609375,204.80575561523438,0.0,0.012335450388491154,-6268.798828125,0.05190233141183853,1.0
16384,64,schatten_filtered_cf_branch,0.10453349607156762,0.10287357866764069,0.16599174039269282,0.16599174039269116,0.16599174039269282,1.6653345369377348e-15,0.0,0.0,0.0,0.0,85.47502879612148,0.6380412338766562,-85.80022797458805,0.3251991784665762,85.57237243652344,0.6460609436035156,0.330121248960495,-0.156609907746315,85.57237243652344,0.6460609436035156,0.0,0.0002572065859567374,-6268.798828125,0.10331571102142334,1.990579386533257
16384,64,trace_residue_minus_0_5,-20.076571212502085,0.004763570614159107,-2008.1334783116245,1132.2404505780078,1132.2404505780078,0.0,-0.5,-3140.373928889632,-3140.373928889632,0.0,6280.747857779264,2407.7288428990755,-7920.845018254902,1640.0971604756378,6280.673828125,2407.672607421875,1627.0833740234375,806.1369018554688,6280.673828125,2407.672607421875,0.0,0.002604252425953746,-6268.798828125,0.00441215792670846,0.08500885811272207
16384,64,trace_residue_plus_0_5,7.539228086657438,0.0571974441409111,748.2030642516527,35.24608485396834,35.24608485396834,0.0,0.5,712.9569793976843,712.9569793976843,0.0,1425.9139587953687,124.73592321965336,-1492.2028575690942,66.28889877372558,1426.214111328125,124.78883361816406,66.31645202636719,31.023094177246094,1426.214111328125,124.78883361816406,0.0,0.07881833612918854,-6268.798828125,0.06582251936197281,1.2681996660165287
16384,64,trace_residue_plus_1_0,14.073223774718548,0.05887971073389053,1401.4344063984656,32.3132468821907,32.31324688219067,2.842170943040401e-14,1.0,1369.121159516275,1369.121159516275,0.0,1369.121159516275,114.95279076142174,-1430.053731638875,60.93257212260005,1369.3988037109375,114.99980163574219,60.95711898803711,28.445051193237305,1369.3988037109375,114.99980163574219,0.0,0.14469341933727264,-6268.798828125,0.06775425374507904,1.3054183097760577
16384,65,ordinary_branch,0.6353285770452294,0.04664694517850876,58.868163186672064,58.868163186672064,58.86816318667215,8.526512829121202e-14,0.0,-8.526512829121202e-14,0.0,8.526512829121202e-14,1811.7087400704622,201.2215502828539,-1920.5006356918784,108.79189562141619,1812.679931640625,201.46359252929688,108.92440032958984,52.29069137573242,1812.679931640625,201.46359252929688,0.0,0.01210300624370575,-6268.798828125,0.05190233886241913,1.0000001435500179
16384,65,cf_branch,0.6353285998806425,0.04664694517850876,58.86816547021337,58.8681654702134,58.86816547021337,2.842170943040401e-14,0.0,0.0,0.0,0.0,1811.708772495389,201.22155748742992,-1920.5006721726754,108.79189967728644,1812.68017578125,201.46359252929688,108.92440032958984,52.29056930541992,1812.68017578125,201.46359252929688,0.0,0.0121030043810606,-6268.798828125,0.05190233141183853,1.0
16384,65,schatten_filtered_cf_branch,0.10472811885779607,0.10306832194328308,0.1659796914512986,0.1659796914512981,0.1659796914512986,4.996003610813204e-16,0.0,0.0,0.0,0.0,85.79781399178319,0.6385530352623263,-86.1231399674041,0.32532597562091325,86.23652648925781,0.6590451002120972,0.3360697627067566,-0.11763635277748108,86.23652648925781,0.6590451002120972,0.0,0.00024852450587786734,-6268.798828125,0.10331571102142334,1.990579386533257
16384,65,trace_residue_minus_0_5,-20.076699587438064,0.004746889695525169,-2008.1446477133588,1130.7065673809693,1130.706567380969,2.2737367544323206e-13,-0.5,-3138.851215094328,-3138.851215094328,0.0,6277.702430188656,2405.3947540077625,-7915.907446146261,1638.2050159576047,6277.65087890625,2405.355224609375,1625.2451171875,806.634033203125,6277.65087890625,2405.355224609375,0.0,0.0024361824616789818,-6268.798828125,0.00441215792670846,0.08500885811272207
16384,65,trace_residue_plus_0_5,7.422515326206602,0.0579613596200943,736.4553966586508,34.137423972509055,34.1374239725091,4.263256414560601e-14,0.5,702.3179726861417,702.3179726861417,0.0,1404.6359453722835,121.04251886310206,-1468.9013664830934,64.26542111080994,1405.454833984375,121.20266723632812,64.3530502319336,30.463146209716797,1405.454833984375,121.20266723632812,0.0,0.07762458175420761,-6268.798828125,0.06582251936197281,1.2681996660165287
16384,65,trace_residue_plus_1_0,13.846209115649497,0.059669990092515945,1378.653912555698,31.236398812655125,31.236398812655125,0.0,1.0,1347.417513743043,1347.417513743043,0.0,1347.417513743043,111.33727481963098,-1406.3769804375065,58.95946669446357,1348.17041015625,111.47769165039062,59.03602981567383,27.889352798461914,1348.17041015625,111.47769165039062,0.0,0.142488032579422,-6268.798828125,0.06775425374507904,1.3054183097760577
16384,66,ordinary_branch,0.6252855355090173,0.04734087735414505,57.79446581548723,57.79446581548723,57.7944658154872,2.842170943040401e-14,0.0,2.842170943040401e-14,0.0,2.842170943040401e-14,1796.3689961507916,197.82924252000458,-1903.2524987838347,106.88350263304301,1796.025146484375,197.75730895996094,106.8377914428711,57.53425216674805,1796.025146484375,197.75730895996094,0.0,0.011877181939780712,-6268.798828125,0.05190233886241913,1.0000001435500179
16384,66,cf_branch,0.6252855587277611,0.04734087735414505,57.794468137361605,57.794468137361605,57.794468137361605,0.0,0.0,0.0,0.0,0.0,1796.3690296784043,197.82924987206707,-1903.2525364429196,106.88350676451523,1796.025146484375,197.75732421875,106.83779907226562,57.53425598144531,1796.025146484375,197.75732421875,0.0,0.011877180077135563,-6268.798828125,0.05190233141183853,1.0
16384,66,schatten_filtered_cf_branch,0.10536235619404297,0.10370251536369324,0.16598408303497358,0.16598408303497791,0.16598408303497358,4.3298697960381105e-15,0.0,0.0,0.0,0.0,86.11459731427021,0.6391060950804919,-86.44007629526607,0.3254789809958538,86.07635498046875,0.6288090348243713,0.3190740644931793,0.3030688166618347,86.07635498046875,0.6288090348243713,0.0,0.00024637297610752285,-6268.798828125,0.10331571102142334,1.990579386533257
16384,66,trace_residue_minus_0_5,-20.07682157788648,0.004749581217765808,-2008.1571159104246,1128.9391792824126,1128.939179282413,4.547473508864641e-13,-0.5,-3137.0962951928377,-3137.0962951928377,0.0,6274.192590385675,2402.705002010399,-7910.2172796494615,1636.024689263786,6274.25390625,2402.752197265625,1623.180419921875,825.3187255859375,6274.25390625,2402.752197265625,0.0,0.0022335052490234375,-6268.798828125,0.00441215792670846,0.08500885811272207
16384,66,trace_residue_plus_0_5,7.309000697150944,0.058933839201927185,725.0066857949017,33.074249071639656,33.07424907163964,1.4210854715202004e-14,0.5,691.9324367232621,691.9324367232621,0.0,1383.8648734465241,117.49058177574662,-1446.1870787363036,62.322205289779504,1383.5843505859375,117.44589233398438,62.29682922363281,34.327308654785156,1383.5843505859375,117.44589233398438,0.0,0.07645861804485321,-6268.798828125,0.06582251936197281,1.2681996660165287
16384,66,trace_residue_plus_1_0,13.625222540625796,0.06067412719130516,1356.454841343449,30.2056500443681,30.20565004436814,4.263256414560601e-14,1.0,1326.2491912990808,1326.2491912990808,0.0,1326.2491912990808,107.86653736949376,-1383.3172917357906,57.068100436709756,1325.98974609375,107.82675170898438,57.045719146728516,31.564180374145508,1325.98974609375,107.82675170898438,0.0,0.14033319056034088,-6268.798828125,0.06775425374507904,1.3054183097760577
16384,67,ordinary_branch,0.6150657497412033,0.04750410467386246,56.75616450673408,56.75616450673408,56.75616450673412,4.263256414560601e-14,0.0,-4.263256414560601e-14,0.0,4.263256414560601e-14,1781.3778264671564,194.54186243042096,-1886.4139063819446,105.03607991478816,1781.5283203125,194.5805206298828,105.05287170410156,52.06708526611328,1781.5283203125,194.5805206298828,0.0,0.011664001271128654,-6268.798828125,0.05190233886241913,1.0000001435500179
16384,67,cf_branch,0.615065772582119,0.04750410467386246,56.75616679082566,56.756166790825546,56.75616679082566,1.1368683772161603e-13,0.0,0.0,0.0,0.0,1781.37785962224,194.54186966819054,-1886.4139436027208,105.03608398048073,1781.5283203125,194.5805206298828,105.0528793334961,52.06708908081055,1781.5283203125,194.5805206298828,0.0,0.011663999408483505,-6268.798828125,0.05190233141183853,1.0
16384,67,schatten_filtered_cf_branch,0.10483311106190574,0.10317304730415344,0.16600637577523003,0.16600637577522548,0.16600637577523003,4.551914400963142e-15,0.0,0.0,0.0,0.0,86.42633555270731,0.63970782970981,-86.75199710225141,0.325661549544094,86.53672790527344,0.6392797231674194,0.3249872326850891,0.0768841803073883,86.53672790527344,0.6392797231674194,0.0,0.00023425734252668917,-6268.798828125,0.10331571102142334,1.990579386533257
16384,67,trace_residue_minus_0_5,-20.077000449417035,0.004694645293056965,-2008.1695094710092,1127.0210194731258,1127.0210194731255,2.2737367544323206e-13,-0.5,-3135.1905289441347,-3135.1905289441347,0.0,6270.381057888269,2399.7848259695184,-7904.039029589844,1633.6579717015748,6270.3291015625,2399.7451171875,1620.7958984375,809.196533203125,6270.3291015625,2399.7451171875,0.0,0.0020010722801089287,-6268.798828125,0.00441215792670846,0.08500885811272207
16384,67,trace_residue_plus_0_5,7.197711464010418,0.05924389511346817,713.8467568896949,32.05429544227718,32.05429544227713,4.973799150320701e-14,0.5,681.7924614474177,681.7924614474177,0.0,1363.5849228948355,114.07360085934796,-1424.0403275239032,60.45540462906774,1363.7103271484375,114.09873962402344,60.468318939208984,29.875822067260742,1363.7103271484375,114.09873962402344,0.0,0.07532567530870438,-6268.798828125,0.06582251936197281,1.2681996660165287
16384,67,trace_residue_plus_1_0,13.409177696838247,0.060995690524578094,1334.8182006313668,29.218648536430464,29.21864853643048,1.4210854715202004e-14,1.0,1305.5995520949364,1305.5995520949364,0.0,1305.5995520949364,104.53375162808774,-1360.8540114612567,55.25445936632036,1305.7138671875,104.55551147460938,55.265682220458984,27.293363571166992,1305.7138671875,104.55551147460938,0.0,0.1382332444190979,-6268.798828125,0.06775425374507904,1.3054183097760577
16384,68,ordinary_branch,0.605248980001918,0.04773363098502159,55.75153490168964,55.75153490168964,55.75153490168972,8.526512829121202e-14,0.0,-8.526512829121202e-14,0.0,8.526512829121202e-14,1766.7216692268848,191.35455346762103,-1869.9684001615146,103.2467309346298,1766.7637939453125,191.36712646484375,103.24890899658203,47.803287506103516,1766.7637939453125,191.36712646484375,0.0,0.011456605978310108,-6268.798828125,0.05190233886241913,1.0000001435500179
16384,68,cf_branch,0.6052490025215629,0.04773363098502159,55.75153715365413,55.751537153654226,55.75153715365413,9.947598300641403e-14,0.0,0.0,0.0,0.0,1766.7217024043202,191.35456062653034,-1869.9684373539526,103.24673494963235,1766.7637939453125,191.36712646484375,103.24890899658203,47.803287506103516,1766.7637939453125,191.36712646484375,0.0,0.011456605046987534,-6268.798828125,0.05190233141183853,1.0
16384,68,schatten_filtered_cf_branch,0.10446994049656895,0.10280950367450714,0.16604368220618082,0.1660436822061797,0.16604368220618082,1.1102230246251565e-15,0.0,0.0,0.0,0.0,86.73244540696032,0.6403472064306779,-87.05831344921776,0.32586804225744004,86.756591796875,0.6494609117507935,0.33141836524009705,-0.05123646557331085,86.756591796875,0.6494609117507935,0.0,0.00023600614804308861,-6268.798828125,0.10331571102142334,1.990579386533257
16384,68,trace_residue_minus_0_5,-20.07717995043499,0.004626269452273846,-2008.1806219887262,1125.0316377658123,1125.0316377658123,0.0,-0.5,-3133.2122597545385,-3133.2122597545385,0.0,6266.424519509077,2396.7547437337666,-7897.6272970988475,1631.2027775897704,6266.42333984375,2396.75390625,1618.424072265625,795.2425537109375,6266.42333984375,2396.75390625,0.0,0.0017565316520631313,-6268.798828125,0.00441215792670846,0.08500885811272207
16384,68,trace_residue_plus_0_5,7.089288491725783,0.05963058024644852,702.9657911479334,31.07542331589866,31.075423315898597,6.394884621840902e-14,0.5,671.8903678320348,671.8903678320348,0.0,1343.7807356640697,110.7853885004995,-1402.4421100575,58.66137439343038,1343.815673828125,110.7935791015625,58.66500473022461,26.431379318237305,1343.815673828125,110.7935791015625,0.0,0.07421916723251343,-6268.798828125,0.06582251936197281,1.2681996660165287
16384,68,trace_residue_plus_1_0,13.198651804339818,0.061395592987537384,1313.725621135228,28.27317468195463,28.273174681954643,1.4210854715202004e-14,1.0,1285.4524464532733,1285.4524464532733,0.0,1285.4524464532733,101.33243691250775,-1338.967191008383,53.5147445551097,1285.483642578125,101.33938598632812,53.51789093017578,23.98050308227539,1285.483642578125,101.33938598632812,0.0,0.13618136942386627,-6268.798828125,0.06775425374507904,1.3054183097760577
16384,69,ordinary_branch,0.5963397531370425,0.048550114035606384,54.7789639101436,54.7789639101436,54.7789639101437,9.947598300641403e-14,0.0,-9.947598300641403e-14,0.0,9.947598300641403e-14,1752.3876986652613,188.2627590884154,-1853.9004407890893,101.51274212382805,1752.696044921875,188.3306884765625,101.54598999023438,54.34904479980469,1752.696044921875,188.3306884765625,0.0,0.011249926872551441,-6268.798828125,0.05190233886241913,1.0000001435500179
16384,69,cf_branch,0.5963397760947021,0.048550114035606384,54.77896620590957,54.77896620590957,54.77896620590957,0.0,0.0,0.0,0.0,0.0,1752.387732706964,188.26276639456248,-1853.9004789261007,101.51274621913672,1752.696044921875,188.3306884765625,101.54598999023438,54.34904479980469,1752.696044921875,188.3306884765625,0.0,0.011249925941228867,-6268.798828125,0.05190233141183853,1.0
16384,69,schatten_filtered_cf_branch,0.10535290675323146,0.10369192063808441,0.1660986115147043,0.1660986115147054,0.1660986115147043,1.1102230246251565e-15,0.0,0.0,0.0,0.0,87.03371835383587,0.6410363427526798,-87.35982250507477,0.32610415123890846,87.09683227539062,0.6279348134994507,0.3187105059623718,0.42422112822532654,87.09683227539062,0.6279348134994507,0.0,0.0002250659599667415,-6268.798828125,0.10331571102142334,1.990579386533257
16384,69,trace_residue_minus_0_5,-20.077238279637093,0.0046573723666369915,-2008.189565200373,1123.0451284311566,1123.0451284311569,2.2737367544323206e-13,-0.5,-3131.23469363153,-3131.23469363153,0.0,6262.46938726306,2393.727208811285,-7891.219775040816,1628.7503877777563,6262.41357421875,2393.6845703125,1615.9913330078125,820.8836059570312,6262.41357421875,2393.6845703125,0.0,0.001520237303338945,-6268.798828125,0.00441215792670846,0.08500885811272207
16384,69,trace_residue_plus_0_5,6.984290949759981,0.06074722856283188,692.354372119715,30.135615686138635,30.13561568613858,5.684341886080802e-14,0.5,662.2187564335763,662.2187564335763,0.0,1324.4375128671527,107.62008167140311,-1381.3741830735858,56.936670206433064,1324.686767578125,107.66163635253906,56.95841598510742,31.18599510192871,1324.686767578125,107.66163635253906,0.0,0.07313404977321625,-6268.798828125,0.06582251936197281,1.2681996660165287
16384,69,trace_residue_plus_1_0,12.994140881401076,0.06254667043685913,1293.1594210964217,27.36713709948208,27.367137099482036,4.263256414560601e-14,1.0,1265.7922839969397,1265.7922839969397,0.0,1265.7922839969397,98.25645342292742,-1317.6376509524844,51.845366955544705,1266.0205078125,98.29276275634766,51.86439895629883,28.518320083618164,1266.0205078125,98.29276275634766,0.0,0.13417206704616547,-6268.798828125,0.06775425374507904,1.3054183097760577
16384,70,ordinary_branch,0.5869550257058143,0.04858529195189476,53.83697337539195,53.83697337539195,53.836973375392006,5.684341886080802e-14,0.0,-5.684341886080802e-14,0.0,5.684341886080802e-14,1738.364269219339,185.2623032467279,-1838.1958957919385,99.83162657259959,1738.40478515625,185.27243041992188,99.83287048339844,47.85430145263672,1738.40478515625,185.27243041992188,0.0,0.01105743832886219,-6268.798828125,0.05190233886241913,1.0000001435500179
16384,70,cf_branch,0.5869550488293251,0.04858529195189476,53.836975687743035,53.836975687743006,53.836975687743035,2.842170943040401e-14,0.0,0.0,0.0,0.0,1738.364303894341,185.26231062120308,-1838.1959345961773,99.83163070183627,1738.40478515625,185.27243041992188,99.83287048339844,47.85430145263672,1738.40478515625,185.27243041992188,0.0,0.011057437397539616,-6268.798828125,0.05190233141183853,1.0
16384,70,schatten_filtered_cf_branch,0.10463823966052398,0.10297653079032898,0.1661708870194999,0.16617088701950422,0.1661708870194999,4.3298697960381105e-15,0.0,0.0,0.0,0.0,87.3304335179273,0.6417740659186097,-87.65680283145042,0.3263693135231165,87.53187561035156,0.6752452254295349,0.3449117839336395,-0.006052866578102112,87.53187561035156,0.6752452254295349,0.0,0.0002243551571154967,-6268.798828125,0.10331571102142334,1.990579386533257
16384,70,trace_residue_minus_0_5,-20.077375274110608,0.004583113361150026,-2008.195838747176,1121.128257381169,1121.1282573811686,4.547473508864641e-13,-0.5,-3129.3240961283445,-3129.3240961283445,0.0,6258.648192256689,2390.8038078931136,-7885.031350813545,1626.383158556856,6258.68017578125,2390.828125,1613.7279052734375,799.3036499023438,6258.68017578125,2390.828125,0.0,0.0013006881345063448,-6268.798828125,0.00441215792670846,0.08500885811272207
16384,70,trace_residue_plus_0_5,6.880926593761311,0.060891393572092056,682.0035200189219,29.23297517703645,29.23297517703635,9.947598300641403e-14,0.5,652.7705448418856,652.7705448418856,0.0,1305.5410896837711,104.57213905820049,-1360.8191341708557,55.27804448708457,1305.5767822265625,104.57920837402344,55.28120803833008,26.09488868713379,1305.5767822265625,104.57920837402344,0.0,0.072081059217453,-6268.798828125,0.06582251936197281,1.2681996660165287
16384,70,trace_residue_plus_1_0,12.793721711132855,0.06269556283950806,1273.1026148293347,26.498566070589504,26.498566070589504,0.0,1.0,1246.6040487587452,1246.6040487587452,0.0,1246.6040487587452,95.29998833759733,-1296.8469864422718,50.242937683526634,1246.6370849609375,95.30610656738281,50.24573516845703,23.644779205322266,1246.6370849609375,95.30610656738281,0.0,0.13221514225006104,-6268.798828125,0.06775425374507904,1.3054183097760577
16384,71,ordinary_branch,0.57808029404423,0.04883904755115509,52.92412464930749,52.92412464930749,52.9241246493076,1.1368683772161603e-13,0.0,-1.1368683772161603e-13,0.0,1.1368683772161603e-13,1724.6395981609821,182.3490935384542,-1822.8405539548708,98.20095579388862,1725.1090087890625,182.45184326171875,98.25424194335938,45.92698669433594,1725.1090087890625,182.45184326171875,0.0,0.010869068093597889,-6268.798828125,0.05190233886241913,1.0000001435500179
16384,71,cf_branch,0.5780803166320938,0.04883904755115509,52.92412690809387,52.924126908093854,52.92412690809387,1.4210854715202004e-14,0.0,0.0,0.0,0.0,1724.6396324634552,182.34910076098237,-1822.8405922962459,98.20095983279066,1725.1090087890625,182.45184326171875,98.25424194335938,45.92698669433594,1725.1090087890625,182.45184326171875,0.0,0.01086906623095274,-6268.798828125,0.05190233141183853,1.0
16384,71,schatten_filtered_cf_branch,0.10442517792959968,0.10276265442371368,0.16625235058859977,0.1662523505886,0.16625235058859977,2.220446049250313e-16,0.0,0.0,0.0,0.0,87.62108840816654,0.6425299850425952,-87.94773622223472,0.3266478140681812,87.80258178710938,0.6509745717048645,0.331275075674057,-0.13552136719226837,87.80258178710938,0.6509745717048645,0.0,0.00022036941663827747,-6268.798828125,0.10331571102142334,1.990579386533257
16384,71,trace_residue_minus_0_5,-20.07745428860744,0.004538958892226219,-2008.1993247499668,1119.3392718950308,1119.3392718950308,0.0,-0.5,-3127.5385966449976,-3127.5385966449976,0.0,6255.077193289995,2388.073437076562,-7879.250241496275,1624.1730482062794,6255.0361328125,2388.0419921875,1611.5208740234375,795.7782592773438,6255.0361328125,2388.0419921875,0.0,0.0011213405523449183,-6268.798828125,0.00441215792670846,0.08500885811272207
16384,71,trace_residue_plus_0_5,6.780356612566772,0.061311252415180206,671.9045360151591,28.36570398769402,28.36570398769406,4.263256414560601e-14,0.5,643.5388320274651,643.5388320274651,0.0,1287.0776640549302,101.63628117702879,-1340.7600758766112,53.682411821680944,1287.453125,101.69793701171875,53.71526336669922,24.44393539428711,1287.453125,101.69793701171875,0.0,0.07105099409818649,-6268.798828125,0.06582251936197281,1.2681996660165287
16384,71,trace_residue_plus_1_0,12.598515237460429,0.06312761455774307,1253.5387622902686,25.66560025909496,25.665600259094916,4.263256414560601e-14,1.0,1227.8731620311737,1227.8731620311737,0.0,1227.8731620311737,92.45751862780531,-1276.5774078162394,48.70424578506572,1228.2154541015625,92.51101684570312,48.73271942138672,22.07925033569336,1228.2154541015625,92.51101684570312,0.0,0.1303010880947113,-6268.798828125,0.06775425374507904,1.3054183097760577
16384,72,ordinary_branch,0.5700408465357134,0.04965004324913025,52.039080328658315,52.039080328658315,52.0390803286584,8.526512829121202e-14,0.0,-8.526512829121202e-14,0.0,8.526512829121202e-14,1711.202724456787,179.5193202455643,-1807.821195044365,96.6184705875778,1710.8714599609375,179.43930053710938,96.56861877441406,52.71625518798828,1710.8714599609375,179.43930053710938,0.0,0.010680589824914932,-6268.798828125,0.05190233886241913,1.0000001435500179
16384,72,cf_branch,0.5700408686539514,0.04965004324913025,52.03908254048211,52.03908254048201,52.03908254048211,9.947598300641403e-14,0.0,0.0,0.0,0.0,1711.2027583494782,179.51932732950425,-1807.8212328952127,96.61847454573444,1710.8714599609375,179.43930053710938,96.56861877441406,52.71625518798828,1710.8714599609375,179.43930053710938,0.0,0.010680588893592358,-6268.798828125,0.05190233141183853,1.0
16384,72,schatten_filtered_cf_branch,0.10532553115748178,0.10366219282150269,0.1663338335979087,0.16633383359791054,0.1663338335979087,1.8318679906315083e-15,0.0,0.0,0.0,0.0,87.90429212991148,0.6432692515894551,-88.23121392575732,0.32692179584583414,87.69357299804688,0.6143643856048584,0.31067997217178345,0.5294740200042725,87.69357299804688,0.6143643856048584,0.0,0.0002124518359778449,-6268.798828125,0.10331571102142334,1.990579386533257
16384,72,trace_residue_minus_0_5,-20.07746401905311,0.0045384434051811695,-2008.200246245829,1117.7260167140084,1117.726016714009,4.547473508864641e-13,-0.5,-3125.926262959838,-3125.926262959838,0.0,6251.852525919676,2385.6093875790866,-7874.031799619903,1622.179273700227,6251.8544921875,2385.610595703125,1609.5953369140625,820.5076293945312,6251.8544921875,2385.610595703125,0.0,0.0009997310116887093,-6268.798828125,0.00441215792670846,0.08500885811272207
16384,72,trace_residue_plus_0_5,6.682908305764625,0.06241737678647041,662.0490928978154,27.53210696731287,27.532106967312927,5.684341886080802e-14,0.5,634.5169859305024,634.5169859305024,0.0,1269.0339718610048,98.80750684720957,-1321.1808282040622,52.14685634305738,1268.764404296875,98.75837707519531,52.11906051635742,29.35506248474121,1268.764404296875,98.75837707519531,0.0,0.07004029303789139,-6268.798828125,0.06582251936197281,1.2681996660165287
16384,72,trace_residue_plus_1_0,12.408786632310257,0.06426610797643661,1234.452052433382,24.866484601388947,24.86648460138894,7.105427357601002e-15,1.0,1209.585567831993,1209.585567831993,0.0,1209.585567831993,89.72381068888639,-1256.8118241010566,47.22625626906347,1209.341796875,89.68179321289062,47.20270919799805,26.737768173217773,1209.341796875,89.68179321289062,0.0,0.12842603027820587,-6268.798828125,0.06775425374507904,1.3054183097760577
16384,73,ordinary_branch,0.5616839581197973,0.049877818673849106,51.180613944594825,51.180613944594825,51.180613944594725,9.947598300641403e-14,0.0,9.947598300641403e-14,0.0,9.947598300641403e-14,1698.0436689332128,176.7694887836397,-1793.1257677335557,95.08209880034292,1697.783203125,176.7002410888672,95.0380630493164,48.2219123840332,1697.783203125,176.7002410888672,0.0,0.01050264947116375,-6268.798828125,0.05190233886241913,1.0000001435500179
16384,73,cf_branch,0.5616839801747904,0.049877818673849106,51.180616150094124,51.180616150094124,51.180616150094124,0.0,0.0,0.0,0.0,0.0,1698.0437029749155,176.769495857047,-1793.125805724817,95.08210274990142,1697.7833251953125,176.70025634765625,95.0380630493164,48.22185134887695,1697.7833251953125,176.70025634765625,0.0,0.010502648539841175,-6268.798828125,0.05190233141183853,1.0
16384,73,schatten_filtered_cf_branch,0.10500188932670462,0.10333762317895889,0.16642661477457232,0.166426614774565,0.16642661477457232,7.327471962526033e-15,0.0,0.0,0.0,0.0,88.1829016667325,0.6440365215720223,-88.51011537695234,0.32721371021983714,87.88237762451172,0.6149691343307495,0.31153547763824463,0.4340079426765442,87.88237762451172,0.6149691343307495,0.0,0.0002112669317284599,-6268.798828125,0.10331571102142334,1.990579386533257
16384,73,trace_residue_minus_0_5,-20.077499211081438,0.004491783678531647,-2008.199099475997,1116.3254707208698,1116.32547072087,2.2737367544323206e-13,-0.5,-3124.524570196867,-3124.524570196867,0.0,6249.049140393734,2383.4685798038045,-7869.496854801864,1620.4477144081302,6249.03955078125,2383.46142578125,1607.89404296875,804.87548828125,6249.03955078125,2383.46142578125,0.0,0.0009453450329601765,-6268.798828125,0.00441215792670846,0.08500885811272207
16384,73,trace_residue_plus_0_5,6.587074619866747,0.06278213858604431,652.4292481280702,26.730588145537922,26.730588145537936,1.4210854715202004e-14,0.5,625.6986599825323,625.6986599825323,0.0,1251.3973199650645,96.08108718387172,-1302.0659469384955,50.668626973430946,1251.181396484375,96.03768920898438,50.64381790161133,25.873666763305664,1251.181396484375,96.03768920898438,0.0,0.06905738264322281,-6268.798828125,0.06582251936197281,1.2681996660165287
16384,73,trace_residue_plus_1_0,12.222913987354273,0.06464099138975143,1215.8272995964521,24.099564762496357,24.09956476249637,1.4210854715202004e-14,1.0,1191.7277348339558,1191.7277348339558,0.0,1191.7277348339558,87.09390777749203,-1237.5338364929007,45.806101658944954,1191.5340576171875,87.05734252929688,45.7854118347168,23.39972496032715,1191.5340576171875,87.05734252929688,0.0,0.126597598195076,-6268.798828125,0.06775425374507904,1.3054183097760577
16384,74,ordinary_branch,0.5536664404767498,0.05019111558794975,50.347532488880006,50.347532488880006,50.34753248887996,4.263256414560601e-14,0.0,4.263256414560601e-14,0.0,4.263256414560601e-14,1685.1523381620646,174.09617676108775,-1778.742156334767,93.58981817270251,1685.527587890625,174.1766357421875,93.63094329833984,47.51530075073242,1685.527587890625,174.1766357421875,0.0,0.010329830460250378,-6268.798828125,0.05190233886241913,1.0000001435500179
16384,74,cf_branch,0.5536664588851637,0.050191111862659454,50.34753470225043,50.347534702250414,50.34753470225043,1.4210854715202004e-14,0.0,0.0,0.0,0.0,1685.152372740209,174.09618387555878,-1778.7421948809672,93.58982214075809,1685.527587890625,174.17665100097656,93.6309585571289,47.51530838012695,1685.527587890625,174.17665100097656,0.0,0.010329827666282654,-6268.798828125,0.05190233141183853,1.0
16384,74,schatten_filtered_cf_branch,0.10494113581161767,0.10327579081058502,0.1665345001032641,0.16653450010326054,0.1665345001032641,3.552713678800501e-15,0.0,0.0,0.0,0.0,88.45745756663382,0.6448477853981214,-88.78498895803476,0.3275313914009388,88.51090240478516,0.6323419809341431,0.32047760486602783,0.24220138788223267,88.51090240478516,0.6323419809341431,0.0,0.00020695984130725265,-6268.798828125,0.10331571102142334,1.990579386533257
16384,74,trace_residue_minus_0_5,-20.07749401223745,0.00447147898375988,-2008.196549122121,1115.1657657279716,1115.165765727971,6.821210263296962e-13,-0.5,-3123.362314850092,-3123.362314850092,0.0,6246.724629700184,2381.69455859818,-7865.738000981376,1619.0133712811921,6246.79833984375,2381.75048828125,1606.5400390625,806.32470703125,6246.79833984375,2381.75048828125,0.0,0.0009463620372116566,-6268.798828125,0.00441215792670846,0.08500885811272207
16384,74,trace_residue_plus_0_5,6.493642549503615,0.06326944380998611,643.037310569363,25.959634448217344,25.959634448217415,7.105427357601002e-14,0.5,617.0776761211455,617.0776761211455,0.0,1234.155352242291,93.45251616032314,-1283.4004613132668,49.245109070975786,1234.450927734375,93.49887084960938,49.269630432128906,25.141040802001953,1234.450927734375,93.49887084960938,0.0,0.06809629499912262,-6268.798828125,0.06582251936197281,1.2681996660165287
16384,74,trace_residue_plus_1_0,12.041639143533391,0.06514091789722443,1197.6498225636167,23.36327678778605,23.36327678778604,7.105427357601002e-15,1.0,1174.2865457758307,1174.2865457758307,0.0,1174.2865457758307,84.56310062007088,-1218.7276103191803,44.44106454334951,1174.5543212890625,84.60301971435547,44.46217346191406,22.71717071533203,1174.5543212890625,84.60301971435547,0.0,0.1248093694448471,-6268.798828125,0.06775425374507904,1.3054183097760577
16384,75,ordinary_branch,0.5460211344670176,0.050633929669857025,49.53872047971606,49.53872047971606,49.538720479716005,5.684341886080802e-14,0.0,5.684341886080802e-14,0.0,5.684341886080802e-14,1672.5193159282207,171.49618132206248,-1764.6590528945565,92.1397369663357,1672.52001953125,171.48875427246094,92.13125610351562,48.42066955566406,1672.52001953125,171.48875427246094,0.0,0.01016045268625021,-6268.798828125,0.05190233886241913,1.0000001435500179
16384,75,cf_branch,0.5460211496538817,0.05063392221927643,49.538722743460525,49.53872274346054,49.538722743460525,1.4210854715202004e-14,0.0,0.0,0.0,0.0,1672.519351810217,171.49618862070818,-1764.6590928411852,92.13974103096825,1672.52001953125,171.48875427246094,92.13126373291016,48.42067337036133,1672.52001953125,171.48875427246094,0.0,0.01016045082360506,-6268.798828125,0.05190233141183853,1.0
16384,75,schatten_filtered_cf_branch,0.1051320406876273,0.10346551239490509,0.16665282927222103,0.16665282927222336,0.16665282927222103,2.3314683517128287e-15,0.0,0.0,0.0,0.0,88.72738742246293,0.6456854603911115,-89.05525322504616,0.32786580258323283,88.64903259277344,0.6363605856895447,0.322931706905365,0.3620884120464325,88.64903259277344,0.6363605856895447,0.0,0.00020644492178689688,-6268.798828125,0.10331571102142334,1.990579386533257
16384,75,trace_residue_minus_0_5,-20.077479552297255,0.004453608766198158,-2008.1933161063453,1114.261604751799,1114.2616047517995,4.547473508864641e-13,-0.5,-3122.4549208581448,-3122.4549208581448,0.0,6244.9098417162895,2380.3103979305824,-7862.804506743693,1617.8946650274038,6244.890625,2380.2958984375,1605.3892822265625,811.0798950195312,6244.890625,2380.2958984375,0.0,0.0009824696462601423,-6268.798828125,0.00441215792670846,0.08500885811272207
16384,75,trace_residue_plus_0_5,6.402569179593788,0.0639100968837738,633.8659082710013,25.217816612051365,25.217816612051458,9.237055564881302e-14,0.5,608.6480916589499,608.6480916589499,0.0,1217.2961833178997,90.91751904388516,-1265.1700109333547,47.87382761545496,1217.292236328125,90.9119644165039,47.86997985839844,25.65801239013672,1217.292236328125,90.9119644165039,0.0,0.06715589761734009,-6268.798828125,0.06582251936197281,1.2681996660165287
16384,75,trace_residue_plus_1_0,11.864853279687159,0.06579847633838654,1179.9054803348772,22.656143451451726,22.656143451451612,1.1368683772161603e-13,1.0,1157.2493368834257,1157.2493368834257,0.0,1157.2493368834257,82.12692050645295,-1200.3779092727964,43.128572389370675,1157.24755859375,82.12269592285156,43.12567901611328,23.19589614868164,1157.24755859375,82.12269592285156,0.0,0.12305986136198044,-6268.798828125,0.06775425374507904,1.3054183097760577
16384,76,ordinary_branch,0.5383656570528649,0.050834327936172485,48.75313291166924,48.75313291166924,48.75313291166921,2.842170943040401e-14,0.0,2.842170943040401e-14,0.0,2.842170943040401e-14,1660.1357134580612,168.96649529854932,-1750.8657944638207,90.73008100575953,1659.507568359375,168.82168579101562,90.64456939697266,45.75777053833008,1659.507568359375,168.82168579101562,0.0,0.009998268447816372,-6268.798828125,0.05190233886241913,1.0000001435500179
16384,76,cf_branch,0.5383656796852834,0.050834327936172485,48.75313517491108,48.753135174910994,48.75313517491108,8.526512829121202e-14,0.0,0.0,0.0,0.0,1660.135749451816,168.96650259855517,-1750.8658345221038,90.73008507028771,1659.5078125,168.82168579101562,90.64457702636719,45.757652282714844,1659.5078125,168.82168579101562,0.0,0.009998267516493797,-6268.798828125,0.05190233141183853,1.0
16384,76,schatten_filtered_cf_branch,0.10484328788883918,0.10317549109458923,0.1667796794249944,0.16677967942499805,0.1667796794249944,3.6637359812630166e-15,0.0,0.0,0.0,0.0,88.992664282443,0.6465431063136159,-89.32087772002342,0.3282134375804162,88.71426391601562,0.6276834011077881,0.3179306387901306,0.3230888545513153,88.71426391601562,0.6276834011077881,0.0,0.0002013449848163873,-6268.798828125,0.10331571102142334,1.990579386533257
16384,76,trace_residue_minus_0_5,-20.077480449467448,0.004420356824994087,-2008.1900806292442,1113.6179429576255,1113.617942957625,4.547473508864641e-13,-0.5,-3121.8080235868692,-3121.8080235868692,0.0,6243.6160471737385,2379.324243023845,-7860.714000081084,1617.0979529073456,6243.5888671875,2379.30322265625,1604.6041259765625,802.3901977539062,6243.5888671875,2379.30322265625,0.0,0.001034013694152236,-6268.798828125,0.00441215792670846,0.08500885811272207
16384,76,trace_residue_plus_0_5,6.31332392710721,0.06424424052238464,624.9079686584826,24.50378425744725,24.503784257447307,5.684341886080802e-14,0.5,600.4041844010353,600.4041844010353,0.0,1200.8083688020706,88.4720398080774,-1247.3608081020602,46.5524392999896,1200.308837890625,88.38752746582031,46.505706787109375,23.595809936523438,1200.308837890625,88.38752746582031,0.0,0.06623849272727966,-6268.798828125,0.06582251936197281,1.2681996660165287
16384,76,trace_residue_plus_1_0,11.691946575556184,0.06613989919424057,1162.5806676361942,21.976769967773066,21.976769967773052,1.4210854715202004e-14,1.0,1140.6038976684213,1140.6038976684213,0.0,1140.6038976684213,79.78112932327411,-1182.4700886000082,41.86619093158697,1140.1552734375,79.70960998535156,41.82692337036133,21.222604751586914,1140.1552734375,79.70960998535156,0.0,0.1213507205247879,-6268.798828125,0.06775425374507904,1.3054183097760577
16384,77,ordinary_branch,0.5310581603280775,0.05116046220064163,47.98976981274359,47.98976981274359,47.98976981274356,2.842170943040401e-14,0.0,2.842170943040401e-14,0.0,2.842170943040401e-14,1647.992848612368,166.5042295337497,-1737.3519978477368,89.3591492353687,1648.820068359375,166.67945861816406,89.45378112792969,44.694969177246094,1648.820068359375,166.67945861816406,0.0,0.009839368052780628,-6268.798828125,0.05190233886241913,1.0000001435500179
16384,77,cf_branch,0.5310581829396015,0.05116046220064163,47.98977207389598,47.989772073896006,47.98977207389598,2.842170943040401e-14,0.0,0.0,0.0,0.0,1647.9928849935532,166.5042368427147,-1737.3520382940676,89.35915330051444,1648.820068359375,166.67947387695312,89.45378112792969,44.694969177246094,1648.820068359375,166.67947387695312,0.0,0.009839366190135479,-6268.798828125,0.05190233141183853,1.0
16384,77,schatten_filtered_cf_branch,0.1048357782271376,0.1031666100025177,0.16691682246199085,0.16691682246199946,0.16691682246199085,8.604228440844963e-15,0.0,0.0,0.0,0.0,89.25381276244298,0.6474282553489036,-89.58239072342741,0.3285779609844326,89.43580627441406,0.6466103792190552,0.32801714539527893,0.05394311249256134,89.43580627441406,0.6466103792190552,0.0,0.00020181943546049297,-6268.798828125,0.10331571102142334,1.990579386533257
16384,77,trace_residue_minus_0_5,-20.077459278768504,0.004414984490722418,-2008.1874263259226,1113.2294485149328,1113.229448514933,2.2737367544323206e-13,-0.5,-3121.4168748408556,-3121.4168748408556,0.0,6242.833749681711,2378.7284397396897,-7859.450593077137,1616.6168433954253,6242.85791015625,2378.74658203125,1604.164306640625,803.5931396484375,6242.85791015625,2378.74658203125,0.0,0.0010792163666337729,-6268.798828125,0.00441215792670846,0.08500885811272207
16384,77,trace_residue_plus_0_5,6.226303685230056,0.06473688036203384,616.1566804868022,23.816258739385944,23.816258739385972,2.842170943040401e-14,0.5,592.3404217474163,592.3404217474163,0.0,1184.6808434948325,86.11222119981713,-1229.9595640724153,45.27872057758282,1185.322265625,86.21026611328125,45.33134078979492,22.61696434020996,1185.322265625,86.21026611328125,0.0,0.06534046679735184,-6268.798828125,0.06582251936197281,1.2681996660165287
16384,77,trace_residue_plus_1_0,11.52326648169677,0.06664396077394485,1145.6622520922824,21.323837207178713,21.323837207178634,7.815970093361102e-14,1.0,1124.3384148851037,1124.3384148851037,0.0,1124.3384148851037,77.52170083762506,-1164.9900277674537,40.65161288235004,1124.916015625,77.60526275634766,40.69632339477539,20.318376541137695,1124.916015625,77.60526275634766,0.0,0.11967800557613373,-6268.798828125,0.06775425374507904,1.3054183097760577
16384,78,ordinary_branch,0.523966477422548,0.05148952454328537,47.24769528792626,47.24769528792626,47.24769528792632,5.684341886080802e-14,0.0,-5.684341886080802e-14,0.0,5.684341886080802e-14,1636.0825838595629,164.1066763354845,-1724.1079323608888,88.02534850132588,1635.9921875,164.07110595703125,88.00093078613281,43.870338439941406,1635.9921875,164.07110595703125,0.0,0.009684545919299126,-6268.798828125,0.05190233886241913,1.0000001435500179
16384,78,cf_branch,0.5239664997747797,0.05148952454328537,47.24769752314944,47.24769752314944,47.24769752314944,0.0,0.0,0.0,0.0,0.0,1636.082620061934,164.10668356937487,-1724.1079725842235,88.0253525222895,1635.9921875,164.07110595703125,88.00093078613281,43.870399475097656,1635.9921875,164.07110595703125,0.0,0.009684545919299126,-6268.798828125,0.05190233141183853,1.0
16384,78,schatten_filtered_cf_branch,0.1048026739135918,0.10313209146261215,0.16705824509796507,0.1670582450979623,0.16705824509796507,2.7755575615628914e-15,0.0,0.0,0.0,0.0,89.50987948966213,0.648318329668345,-89.83882722991412,0.3289477402519907,89.42218017578125,0.6369296312332153,0.3229500353336334,0.2415531426668167,89.42218017578125,0.6369296312332153,0.0,0.0001962659298442304,-6268.798828125,0.10331571102142334,1.990579386533257
16384,78,trace_residue_minus_0_5,-20.07745496624206,0.004402725957334042,-2008.1857692199392,1113.0829208893138,1113.0829208893138,0.0,-0.5,-3121.268690109253,-3121.268690109253,0.0,6242.537380218506,2378.503169791436,-7858.972541516843,1616.4351612983373,6242.5517578125,2378.51416015625,1603.9805908203125,800.7844848632812,6242.5517578125,2378.51416015625,0.0,0.0011085636215284467,-6268.798828125,0.00441215792670846,0.08500885811272207
16384,78,trace_residue_plus_0_5,6.1412787360208085,0.06522368639707565,607.6055049623733,23.154030727911504,23.154030727911447,5.684341886080802e-14,0.5,584.4514742344618,584.4514742344618,0.0,1168.9029484689236,83.83440027698946,-1212.9535127261038,44.05056425718021,1168.8193359375,83.8113021850586,44.037071228027344,21.942729949951172,1168.8193359375,83.8113021850586,0.0,0.06446221470832825,-6268.798828125,0.06582251936197281,1.2681996660165287
16384,78,trace_residue_plus_1_0,11.358517817817527,0.06714183837175369,1129.1375979445772,20.696098696430226,20.696098696430205,2.1316282072803006e-14,1.0,1108.441499248147,1108.441499248147,0.0,1108.441499248147,75.3448145753544,-1147.924152788597,39.482653540449974,1108.3701171875,75.32630920410156,39.47196578979492,19.65486717224121,1108.3701171875,75.32630920410156,0.0,0.11804170161485672,-6268.798828125,0.06775425374507904,1.3054183097760577
16384,79,ordinary_branch,0.5171625864258942,0.05190233886241913,46.52602475634751,46.52602475634751,46.52602475634741,9.947598300641403e-14,0.0,9.947598300641403e-14,0.0,9.947598300641403e-14,1624.3971307724714,161.77126926053984,-1711.124301683032,86.72717091056052,1624.027099609375,161.70370483398438,86.68712615966797,45.214046478271484,1624.027099609375,161.70370483398438,0.0,0.009533489122986794,-6268.798828125,0.05190233886241913,1.0000001435500179
16384,79,cf_branch,0.5171626020293044,0.05190233141183853,46.52602706174659,46.526027061746504,46.52602706174659,8.526512829121202e-14,0.0,0.0,0.0,0.0,1624.3971684202552,161.77127673253625,-1711.124343481074,86.72717506081881,1624.027099609375,161.70372009277344,86.68712615966797,45.214107513427734,1624.027099609375,161.70372009277344,0.0,0.009533488191664219,-6268.798828125,0.05190233141183853,1.0
16384,79,schatten_filtered_cf_branch,0.10498778433908552,0.10331571102142334,0.16720733176621883,0.16720733176622105,0.16720733176621883,2.220446049250313e-15,0.0,0.0,0.0,0.0,89.76163417194039,0.6492268014248277,-90.0909637081875,0.3293295362471156,89.71461486816406,0.6576436758041382,0.33365458250045776,0.29677876830101013,89.71461486816406,0.6576436758041382,0.0,0.0001936897897394374,-6268.798828125,0.10331571102142334,1.990579386533257
16384,79,trace_residue_minus_0_5,-20.077441219350252,0.00441215792670846,-2008.1853377276962,1113.1588916426595,1113.1588916426595,0.0,-0.5,-3121.3442293703556,-3121.3442293703556,0.0,6242.688458740711,2378.618880054217,-7859.217378578193,1616.5289198374821,6242.58740234375,2378.54150390625,1604.0025634765625,808.4929809570312,6242.58740234375,2378.54150390625,0.0,0.0011150733334943652,-6268.798828125,0.00441215792670846,0.08500885811272207
16384,79,trace_residue_plus_0_5,6.058304106993876,0.06582251936197281,599.2481587631903,22.515955734094177,22.51595573409419,1.4210854715202004e-14,0.5,576.7322030290961,576.7322030290961,0.0,1153.4644060581923,81.63509662322636,-1196.3303782736807,42.865972215488455,1153.1875,81.5999526977539,42.846920013427734,22.758115768432617,1153.1875,81.5999526977539,0.0,0.06360256671905518,-6268.798828125,0.06582251936197281,1.2681996660165287
16384,79,trace_residue_plus_1_0,11.19769950231129,0.06775425374507904,1112.994524856621,20.09237549971931,20.092375499719246,6.394884621840902e-14,1.0,1092.9021493569016,1092.9021493569016,0.0,1092.9021493569016,73.24684193575156,-1131.2593916934602,38.357242336558556,1092.6512451171875,73.21635437011719,38.3408088684082,20.42925453186035,1092.6512451171875,73.21635437011719,0.0,0.11644013971090317,-6268.798828125,0.06775425374507904,1.3054183097760577
