dimension,epoch,arm,total_loss,mse_loss,kl_penalty,trace,t2,grad_norm,sv_0,sv_1,sv_2
256,0,pixel_naive,-0.3771227300167084,2.7825542654654487e-15,-37.71227264404297,153.5439201593399,92.28675322917866,0.03669128939509392,,,
256,0,pixel_cf,-0.3771227300167084,2.7825542654654487e-15,-37.71227264404297,153.5439201593399,92.28675322917866,0.03669128939509392,,,
256,0,vae_latent,0.35101068019866943,0.35144853591918945,-0.04378485679626465,2.428565918467939,0.4270401465913073,0.005124567804583419,1.030454397201538,0.7286412715911865,0.5949330925941467
256,0,vae_isometric,0.2197382152080536,0.2796681523323059,-5.99299430847168,30.855961740016937,14.876412107834255,0.010928868316113949,,,
256,1,pixel_naive,-0.3895125687122345,4.513911699177697e-05,-38.955772399902344,155.21682220697403,94.30085473127318,0.037195950746536255,,,
256,1,pixel_cf,-0.3895125687122345,4.513911699177697e-05,-38.955772399902344,155.21682220697403,94.30085473127318,0.037195950746536255,,,
256,1,vae_latent,0.35008105635643005,0.35079139471054077,-0.07103395462036133,2.613837174139917,0.4937375098996777,0.007046132782660606,1.0612341165542603,0.7483802437782288,0.6130741238594055
256,1,vae_isometric,0.2192218154668808,0.27671971917152405,-5.749790191650391,31.301229864358902,15.308887090642475,0.011030084453523159,,,
256,2,pixel_naive,-0.3838644325733185,0.00018143909983336926,-38.40458679199219,156.8712722659111,96.3141770740938,0.0371573343873024,,,
256,2,pixel_cf,-0.3838644325733185,0.00018143909983336926,-38.40458679199219,156.8712722659111,96.3141770740938,0.0371573343873024,,,
256,2,vae_latent,0.3578903377056122,0.3581664562225342,-0.027611732482910156,2.814225936308503,0.571732636810234,0.007387579157394122,1.093269944190979,0.7696532607078552,0.631809651851654
256,2,vae_isometric,0.22817584872245789,0.2811143398284912,-5.293849945068359,31.740518152713776,15.74166484271402,0.010829136706888676,,,
256,3,pixel_naive,-0.4226074516773224,0.0003915706474799663,-42.299903869628906,158.51234805583954,98.33223445490421,0.03838319331407547,,,
256,3,pixel_cf,-0.4226074516773224,0.0003915706474799663,-42.299903869628906,158.51234805583954,98.33223445490421,0.03838319331407547,,,
256,3,vae_latent,0.3445572257041931,0.34624776244163513,-0.16905415058135986,3.030504323542118,0.6625354244535641,0.008652208090857389,1.1264939308166504,0.792076051235199,0.6511261463165283
256,3,vae_isometric,0.21263805031776428,0.26889151334762573,-5.625347137451172,32.17999681830406,16.180669182110318,0.010914729908108711,,,
256,4,pixel_naive,-0.44988730549812317,0.0006759855314157903,-45.05632781982422,160.14170306921005,100.35662221550366,0.03914829343557358,,,
256,4,pixel_cf,-0.44988730549812317,0.0006759855314157903,-45.05632781982422,160.14170306921005,100.35662221550366,0.03914829343557358,,,
256,4,vae_latent,0.33698341250419617,0.3392186760902405,-0.22352612018585205,3.2636554669588804,0.7677890811066024,0.011125769616353465,1.160728931427002,0.8155537843704224,0.6709815263748169
256,4,vae_isometric,0.20129746198654175,0.2655465602874756,-6.424910545349121,32.619321793317795,16.625548801352362,0.011385434307157993,,,
256,5,pixel_naive,-0.4791555404663086,0.0010222084820270538,-48.01777648925781,161.7591033577919,102.38654584773013,0.040363479405641556,,,
256,5,pixel_cf,-0.4791555404663086,0.0010222084820270538,-48.01777648925781,161.7591033577919,102.38654584773013,0.040363479405641556,,,
256,5,vae_latent,0.32838743925094604,0.3330309987068176,-0.4643564224243164,3.5129819689318538,0.8870421843077279,0.017444675231328016,1.1949691772460938,0.839449942111969,0.6915942430496216
256,5,vae_isometric,0.19031940400600433,0.26010939478874207,-6.978999137878418,33.059794485569,17.077632709990727,0.011623041704297066,,,
256,6,pixel_naive,-0.4517858028411865,0.0015421236166730523,-45.332794189453125,163.36160016059875,104.41786046648505,0.03941581770777702,,,
256,6,pixel_cf,-0.4517858028411865,0.0015421236166730523,-45.332794189453125,163.36160016059875,104.41786046648505,0.03941581770777702,,,
256,6,vae_latent,0.3444027006626129,0.3481602370738983,-0.375752329826355,3.7818968798965216,1.024961352288416,0.021144012679899765,1.2302199602127075,0.8645326495170593,0.7129220366477966
256,6,vae_isometric,0.21197324991226196,0.2702779769897461,-5.830472946166992,33.49849545955658,17.53391072536502,0.011168524622917175,,,
256,7,pixel_naive,-0.46894097328186035,0.002076525241136551,-47.10175323486328,164.9495724439621,106.45053396726333,0.03998452052474022,,,
256,7,pixel_cf,-0.46894097328186035,0.002076525241136551,-47.10175323486328,164.9495724439621,106.45053396726333,0.03998452052474022,,,
256,7,vae_latent,0.34207937121391296,0.3447650671005249,-0.2685706615447998,4.072763961739838,1.1856452608114338,0.02395938154775036,1.2669527530670166,0.890745997428894,0.7350786328315735
256,7,vae_isometric,0.2117379903793335,0.2639303505420685,-5.219236373901367,33.935364842414856,17.99425240257724,0.010755500756204128,,,
256,8,pixel_naive,-0.47476327419281006,0.0027075568214058876,-47.74708557128906,166.5225047469139,108.48333752565426,0.04030260816216469,,,
256,8,pixel_cf,-0.47476327419281006,0.0027075568214058876,-47.74708557128906,166.5225047469139,108.48333752565426,0.04030260816216469,,,
256,8,vae_latent,0.341726690530777,0.3481178879737854,-0.6391201019287109,4.382955722510815,1.3645717152692967,0.04930536603172884,1.3025062084197998,0.9180569648742676,0.7581207752227783
256,8,vae_isometric,0.20754224061965942,0.27234500646591187,-6.480276107788086,34.37108105421066,18.459312562865033,0.01157030463218689,,,
256,9,pixel_naive,-0.5106449723243713,0.003309283871203661,-51.39543151855469,168.0813733935356,110.51693832422816,0.041473258286714554,,,
256,9,pixel_cf,-0.5106449723243713,0.003309283871203661,-51.39543151855469,168.0813733935356,110.51693832422816,0.041473258286714554,,,
256,9,vae_latent,0.3332883417606354,0.3369392156600952,-0.36508655548095703,4.690825941041112,1.5190790720761562,0.07711244889520713,1.3379355669021606,0.9465997219085693,0.7815244197845459
256,9,vae_isometric,0.19287490844726562,0.26496052742004395,-7.208562850952148,34.805811524391174,18.929230696666913,0.012076308950781822,,,
256,10,pixel_naive,-0.5280428528785706,0.004035854246467352,-53.20787048339844,169.62598526477814,112.55058919176051,0.04211200773715973,,,
256,10,pixel_cf,-0.5280428528785706,0.004035854246467352,-53.20787048339844,169.62598526477814,112.55058919176051,0.04211200773715973,,,
256,10,vae_latent,0.32568028569221497,0.3367684781551361,-1.1088201999664307,4.984578704461455,1.619445530351701,0.02232969945728724,1.365639090538025,0.9763811230659485,0.8059335947036743
256,10,vae_isometric,0.1871066689491272,0.2653801441192627,-7.8273468017578125,35.24034136533737,19.404827770065157,0.012246549129486084,,,
256,11,pixel_naive,-0.516322672367096,0.004976470489054918,-52.129913330078125,171.15522009134293,114.58224302161139,0.04170946031808853,,,
256,11,pixel_cf,-0.516322672367096,0.004976470489054918,-52.129913330078125,171.15522009134293,114.58224302161139,0.04170946031808853,,,
256,11,vae_latent,0.33352649211883545,0.3452290892601013,-1.1702601909637451,5.303065054118633,1.7369437893018476,0.01639908272180068,1.3880864381790161,1.0074636936187744,0.8314560651779175
256,11,vae_isometric,0.19816052913665771,0.27310818433761597,-7.4947662353515625,35.67366462945938,19.88498028797805,0.012193091213703156,,,
256,12,pixel_naive,-0.5230778455734253,0.00590435741469264,-52.898223876953125,172.66864705085754,116.61078282505267,0.04200248420238495,,,
256,12,pixel_cf,-0.5230778455734253,0.00590435741469264,-52.898223876953125,172.66864705085754,116.61078282505267,0.04200248420238495,,,
256,12,vae_latent,0.33798083662986755,0.3475797176361084,-0.9598891735076904,5.648758480325341,1.8746447011004528,0.025754665949942968,1.4034655094146729,1.0399034023284912,0.8580150604248047
256,12,vae_isometric,0.19572797417640686,0.27921029925346375,-8.34823226928711,36.10665023326874,20.37061693409963,0.012530682608485222,,,
256,13,pixel_naive,-0.5737471580505371,0.006623765453696251,-58.03709411621094,174.16785043478012,118.63787619152743,0.04348207265138626,,,
256,13,pixel_cf,-0.5737471580505371,0.006623765453696251,-58.03709411621094,174.16785043478012,118.63787619152743,0.04348207265138626,,,
256,13,vae_latent,0.31998735666275024,0.3330111801624298,-1.302382230758667,6.023837359622121,2.0353068575995596,0.027359646715096594,1.4125850200653076,1.0731728076934814,0.8858206272125244
256,13,vae_isometric,0.169866144657135,0.27036935091018677,-10.050321578979492,36.540682792663574,20.86330434033583,0.013299145735800266,,,
256,14,pixel_naive,-0.600911021232605,0.0074837105348706245,-60.8394775390625,175.65285968780518,120.66302567602025,0.04439100995659828,,,
256,14,pixel_cf,-0.600911021232605,0.0074837105348706245,-60.8394775390625,175.65285968780518,120.66302567602025,0.04439100995659828,,,
256,14,vae_latent,0.3152075707912445,0.3277493417263031,-1.254176139831543,6.4317836463451385,2.224135919621786,0.03334740065321274,1.4150147438049316,1.1079381704330444,0.9148910641670227
256,14,vae_isometric,0.17574051022529602,0.2535761594772339,-7.783565521240234,36.97248739004135,21.359300079794348,0.01231339294463396,,,
256,15,pixel_naive,-0.5922797918319702,0.008768249303102493,-60.10480499267578,177.12207806110382,122.68358901123577,0.04401983693242073,,,
256,15,pixel_cf,-0.5922797918319702,0.008768249303102493,-60.10480499267578,177.12207806110382,122.68358901123577,0.04401983693242073,,,
256,15,vae_latent,0.3216506540775299,0.3343140184879303,-1.2663359642028809,6.875361418351531,2.445631186256613,0.030203842362184635,1.4127130508422852,1.143997311592102,0.9453339576721191
256,15,vae_isometric,0.18310359120368958,0.26129916310310364,-7.819557189941406,37.40190190076828,21.85833335496059,0.012345346622169018,,,
256,16,pixel_naive,-0.613772988319397,0.00982660986483097,-62.359962463378906,178.57536792755127,124.69880759407286,0.04469000920653343,,,
256,16,pixel_cf,-0.613772988319397,0.00982660986483097,-62.359962463378906,178.57536792755127,124.69880759407286,0.04469000920653343,,,
256,16,vae_latent,0.3142755627632141,0.33044159412384033,-1.6166038513183594,7.354111902415752,2.7001946327367445,0.03062829444915978,1.4079780578613281,1.1801974773406982,0.9760924577713013
256,16,vae_isometric,0.17046411335468292,0.26543980836868286,-9.497570037841797,37.83024603128433,22.36186321812855,0.013203092850744724,,,
256,17,pixel_naive,-0.6350589394569397,0.01090982649475336,-64.59687805175781,180.01286900043488,126.70832879833779,0.04526522383093834,,,
256,17,pixel_cf,-0.6350589394569397,0.01090982649475336,-64.59687805175781,180.01286900043488,126.70832879833779,0.04526522383093834,,,
256,17,vae_latent,0.30770477652549744,0.3293958306312561,-2.169104814529419,7.873745651915669,2.9952698699149947,0.04496842511005319,1.4005155563354492,1.2164530754089355,1.0083637237548828
256,17,vae_isometric,0.165896937251091,0.2620709240436554,-9.617399215698242,38.25688523054123,22.869087871516445,0.01339139323681593,,,
256,18,pixel_naive,-0.6500298976898193,0.012109752744436264,-66.2139663696289,181.43420803546906,128.71107577423248,0.04577147215604782,,,
256,18,pixel_cf,-0.6500298976898193,0.012109752744436264,-66.2139663696289,181.43420803546906,128.71107577423248,0.04577147215604782,,,
256,18,vae_latent,0.30769118666648865,0.3265921473503113,-1.8900952339172363,8.430914487689734,3.326181625975069,0.06440806104828423,1.3903956413269043,1.2530403137207031,1.0417149066925049
256,18,vae_isometric,0.16533783078193665,0.26114243268966675,-9.580461502075195,38.68124532699585,23.379253834255714,0.013472696766257286,,,
256,19,pixel_naive,-0.6364246010780334,0.013767672702670097,-65.01922607421875,182.83740478754044,130.70368647046797,0.045615870505571365,,,
256,19,pixel_cf,-0.6364246010780334,0.013767672702670097,-65.01922607421875,182.83740478754044,130.70368647046797,0.045615870505571365,,,
256,19,vae_latent,0.31244927644729614,0.33657506108283997,-2.412578582763672,8.972670711576939,3.5858222175129253,0.031044632708861503,1.3773467540740967,1.2840288877487183,1.0764257907867432
256,19,vae_isometric,0.17347171902656555,0.27251189947128296,-9.90401840209961,39.103791654109955,23.892827043512423,0.013465045019984245,,,
256,20,pixel_naive,-0.6781341433525085,0.014701254665851593,-69.28353881835938,184.22382593154907,132.6875556389366,0.04657231643795967,,,
256,20,pixel_cf,-0.6781341433525085,0.014701254665851593,-69.28353881835938,184.22382593154907,132.6875556389366,0.04657231643795967,,,
256,20,vae_latent,0.30433422327041626,0.32457733154296875,-2.0243101119995117,9.565247941762209,3.8938145026404305,0.03964632759481235,1.36179518699646,1.3050236701965332,1.113128900527954
256,20,vae_isometric,0.16354861855506897,0.2601383924484253,-9.658977508544922,39.52358281612396,24.408579661570315,0.013443141244351864,,,
256,21,pixel_naive,-0.7042331695556641,0.01592336781322956,-72.01565551757812,185.5932856798172,134.66191269604866,0.04722660779953003,,,
256,21,pixel_cf,-0.7042331695556641,0.01592336781322956,-72.01565551757812,185.5932856798172,134.66191269604866,0.04722660779953003,,,
256,21,vae_latent,0.29451271891593933,0.32187700271606445,-2.736429214477539,10.212014511227608,4.25616433271721,0.046792644741258424,1.3450376987457275,1.3157012462615967,1.1505627632141113
256,21,vae_isometric,0.1506098061800003,0.26102834939956665,-11.041854858398438,39.94198250770569,24.92809523083362,0.013901282101869583,,,
256,22,pixel_naive,-0.6944587230682373,0.01770010031759739,-71.21588134765625,186.94470834732056,136.6245945427779,0.04699496552348137,,,
256,22,pixel_cf,-0.6944587230682373,0.01770010031759739,-71.21588134765625,186.94470834732056,136.6245945427779,0.04699496552348137,,,
256,22,vae_latent,0.2954939603805542,0.32984259724617004,-3.434864044189453,10.915226463228464,4.676880258659103,0.050725252848085135,1.3279517889022827,1.3225131034851074,1.186827540397644
256,22,vae_isometric,0.16470611095428467,0.2660493850708008,-10.134326934814453,40.35731875896454,25.449217702706136,0.01369108259677887,,,
256,23,pixel_naive,-0.7454577088356018,0.018448052927851677,-76.39057922363281,188.27928245067596,138.57673345922458,0.048386670649051666,,,
256,23,pixel_cf,-0.7454577088356018,0.018448052927851677,-76.39057922363281,188.27928245067596,138.57673345922458,0.048386670649051666,,,
256,23,vae_latent,0.27858108282089233,0.31561845541000366,-3.7037363052368164,11.643766574561596,5.098182604521631,0.09227135786836836,1.3233245611190796,1.3102755546569824,1.2218011617660522
256,23,vae_isometric,0.14344370365142822,0.25721991062164307,-11.377620697021484,40.77047926187515,25.9729618026027,0.014225916936993599,,,
256,24,pixel_naive,-0.751018226146698,0.020128894597291946,-77.11471557617188,189.59597474336624,140.5163231558604,0.04836694151163101,,,
256,24,pixel_cf,-0.751018226146698,0.020128894597291946,-77.11471557617188,189.59597474336624,140.5163231558604,0.04836694151163101,,,
256,24,vae_latent,0.2755921483039856,0.3167908787727356,-4.119873046875,12.414009049534798,5.543542202554159,0.12639742605082965,1.3211581707000732,1.313623070716858,1.2522950172424316
256,24,vae_isometric,0.1390472650527954,0.2655419111251831,-12.649465560913086,41.18218678236008,26.500165998229686,0.014707799069583416,,,
256,25,pixel_naive,-0.7675431370735168,0.02153203822672367,-78.90752410888672,190.89449882507324,142.44234866488003,0.048923708498477936,,,
256,25,pixel_cf,-0.7675431370735168,0.02153203822672367,-78.90752410888672,190.89449882507324,142.44234866488003,0.048923708498477936,,,
256,25,vae_latent,0.27666547894477844,0.31487852334976196,-3.8213038444519043,13.265109419822693,6.085268509409609,0.14413657506954006,1.3293462991714478,1.3154584169387817,1.27615487575531
256,25,vae_isometric,0.1391402631998062,0.26444557309150696,-12.53053092956543,41.591739892959595,27.0298707015191,0.014672582969069481,,,
256,26,pixel_naive,-0.7247030735015869,0.024578196927905083,-74.92813110351562,192.1718474626541,144.34983894986647,0.047865983098745346,,,
256,26,pixel_cf,-0.7247030735015869,0.024578196927905083,-74.92813110351562,192.1718474626541,144.34983894986647,0.047865983098745346,,,
256,26,vae_latent,0.29166772961616516,0.3363560736179352,-4.46883487701416,14.178818501532078,6.690491696405539,0.06704718191711197,1.342843770980835,1.3066803216934204,1.291924238204956
256,26,vae_isometric,0.16831736266613007,0.277273029088974,-10.895566940307617,41.997165858745575,27.55939344858132,0.014071548357605934,,,
256,27,pixel_naive,-0.7727442979812622,0.025478173047304153,-79.82225036621094,193.42922496795654,146.23998168161626,0.04889541119337082,,,
256,27,pixel_cf,-0.7727442979812622,0.025478173047304153,-79.82225036621094,193.42922496795654,146.23998168161626,0.04889541119337082,,,
256,27,vae_latent,0.27638471126556396,0.3192266523838043,-4.28419303894043,15.121884904801846,7.295992869198447,0.13049201705485897,1.3546113967895508,1.3016961812973022,1.2937668561935425
256,27,vae_isometric,0.15396618843078613,0.2648410201072693,-11.087484359741211,42.39834368228912,28.088419661569176,0.01426394097507,,,
256,28,pixel_naive,-0.794863760471344,0.027091048657894135,-82.19548034667969,194.66668820381165,148.11230437909722,0.04927821084856987,,,
256,28,pixel_cf,-0.794863760471344,0.027091048657894135,-82.19548034667969,194.66668820381165,148.11230437909722,0.04927821084856987,,,
256,28,vae_latent,0.26195770502090454,0.3165872395038605,-5.462953567504883,16.129472598433495,7.968361840630658,0.06044811748216275,1.3630280494689941,1.306693434715271,1.2803590297698975
256,28,vae_isometric,0.14100545644760132,0.2686973512172699,-12.769189834594727,42.79637265205383,28.618273689662637,0.014898615889251232,,,
256,29,pixel_naive,-0.8191370964050293,0.02844984270632267,-84.75869750976562,195.88445085287094,149.96653073447033,0.04984652251005173,,,
256,29,pixel_cf,-0.8191370964050293,0.02844984270632267,-84.75869750976562,195.88445085287094,149.96653073447033,0.04984652251005173,,,
256,29,vae_latent,0.25624147057533264,0.3149150013923645,-5.867354393005371,17.198623292148113,8.6951268987319,0.11658855963972815,1.3678085803985596,1.3066579103469849,1.2710049152374268
256,29,vae_isometric,0.12336160242557526,0.27519428730010986,-15.183269500732422,43.192686796188354,29.150759607110032,0.015895528718829155,,,
256,30,pixel_naive,-0.8548503518104553,0.02953503280878067,-88.43854522705078,197.083116710186,151.8029980329771,0.05050517991185188,,,
256,30,pixel_cf,-0.8548503518104553,0.02953503280878067,-88.43854522705078,197.083116710186,151.8029980329771,0.05050517991185188,,,
256,30,vae_latent,0.23883330821990967,0.30746158957481384,-6.862828254699707,18.33085010945797,9.478649741517557,0.06443515051959994,1.3688616752624512,1.3015390634536743,1.2917674779891968
256,30,vae_isometric,0.11371845006942749,0.26957690715789795,-15.585845947265625,43.58685475587845,29.685226566529206,0.01602249965071678,,,
256,31,pixel_naive,-0.8900257349014282,0.030636288225650787,-92.06620788574219,198.2629410624504,153.62157547602868,0.05115585774183273,,,
256,31,pixel_cf,-0.8900257349014282,0.030636288225650787,-92.06620788574219,198.2629410624504,153.62157547602868,0.05115585774183273,,,
256,31,vae_latent,0.2381841540336609,0.2980858087539673,-5.990165710449219,19.535657227039337,10.339733420706843,0.09227544268262272,1.3667467832565308,1.3050462007522583,1.2917251586914062
256,31,vae_isometric,0.10089996457099915,0.2652815580368042,-16.438159942626953,43.97895473241806,30.221710083365405,0.016255194321274757,,,
256,32,pixel_naive,-0.850372314453125,0.034126415848731995,-88.44987487792969,199.421609044075,155.41814219742702,0.05033144727349281,,,
256,32,pixel_cf,-0.850372314453125,0.034126415848731995,-88.44987487792969,199.421609044075,155.41814219742702,0.05033144727349281,,,
256,32,vae_latent,0.23802395164966583,0.31249743700027466,-7.447348594665527,20.824714228510857,11.301287588836702,0.12000819004573034,1.3633606433868408,1.313820481300354,1.2801867723464966
256,32,vae_isometric,0.12823012471199036,0.2785636782646179,-15.033355712890625,44.3670933842659,30.757497777056724,0.015860212966799736,,,
256,33,pixel_naive,-0.8755706548690796,0.03559161722660065,-91.11622619628906,200.5593659877777,157.19250612081163,0.050790995359420776,,,
256,33,pixel_cf,-0.8755706548690796,0.03559161722660065,-91.11622619628906,200.5593659877777,157.19250612081163,0.050790995359420776,,,
256,33,vae_latent,0.2314121425151825,0.3091524839401245,-7.77403450012207,22.211397372186184,12.391285976248897,0.16969698164701097,1.3573803901672363,1.3172353506088257,1.280005931854248
256,33,vae_isometric,0.1232638955116272,0.2758660912513733,-15.26021957397461,44.75111222267151,31.292236331832243,0.015794662758708,,,
256,34,pixel_naive,-0.9009785652160645,0.037137605249881744,-93.8116226196289,201.67629158496857,158.94426285853817,0.05119118466973305,,,
256,34,pixel_cf,-0.9009785652160645,0.037137605249881744,-93.8116226196289,201.67629158496857,158.94426285853817,0.05119118466973305,,,
256,34,vae_latent,0.22218744456768036,0.30796071887016296,-8.577327728271484,23.665496990084648,13.554204922189232,0.095503764132838,1.3485883474349976,1.317630410194397,1.288003921508789
256,34,vae_isometric,0.12138879299163818,0.2706349492073059,-14.924615859985352,45.130363047122955,31.824840842880686,0.01583164371550083,,,
256,35,pixel_naive,-0.9446933269500732,0.03805224597454071,-98.2745590209961,202.77299910783768,160.67383773122594,0.051815465092659,,,
256,35,pixel_cf,-0.9446933269500732,0.03805224597454071,-98.2745590209961,202.77299910783768,160.67383773122594,0.051815465092659,,,
256,35,vae_latent,0.2042054831981659,0.29867908358573914,-9.44736099243164,25.188760325312614,14.795163875787772,0.10002460917399919,1.338703989982605,1.3103387355804443,1.2912510633468628
256,35,vae_isometric,0.10973437130451202,0.2615989148616791,-15.186454772949219,45.50459140539169,32.35479587484957,0.015910444781184196,,,
256,36,pixel_naive,-0.9898788928985596,0.03846908360719681,-102.83480072021484,203.85030108690262,162.38196559187844,0.0526682510972023,,,
256,36,pixel_cf,-0.9898788928985596,0.03846908360719681,-102.83480072021484,203.85030108690262,162.38196559187844,0.0526682510972023,,,
256,36,vae_latent,0.17592187225818634,0.2920840382575989,-11.616216659545898,26.807456344366074,16.17126384521506,0.13360801474354314,1.3284125328063965,1.300521969795227,1.2864512205123901
256,36,vae_isometric,0.08989347517490387,0.2585766017436981,-16.86831283569336,45.87461221218109,32.88310057036913,0.016535108909010887,,,
256,37,pixel_naive,-1.0292609930038452,0.03935740888118744,-106.86184692382812,204.90830969810486,164.06834418836746,0.053245093673467636,,,
256,37,pixel_cf,-1.0292609930038452,0.03935740888118744,-106.86184692382812,204.90830969810486,164.06834418836746,0.053245093673467636,,,
256,37,vae_latent,0.15503907203674316,0.2808288037776947,-12.578973770141602,28.463093891739845,17.573289430162458,0.14257622201613274,1.3167436122894287,1.288812279701233,1.2789111137390137
256,37,vae_isometric,0.06714807450771332,0.2584228813648224,-19.12748146057129,46.24146342277527,33.41110473329691,0.017253452911973,,,
256,38,pixel_naive,-1.0153917074203491,0.042562294751405716,-105.79540252685547,205.94550490379333,165.73009096376214,0.05275930091738701,,,
256,38,pixel_cf,-1.0153917074203491,0.042562294751405716,-105.79540252685547,205.94550490379333,165.73009096376214,0.05275930091738701,,,
256,38,vae_latent,0.15810206532478333,0.286817729473114,-12.871566772460938,30.25790736079216,19.209647173697718,0.2316445739602743,1.3217427730560303,1.2753713130950928,1.27535879611969
256,38,vae_isometric,0.08325420320034027,0.2627236247062683,-17.946943283081055,46.603710770606995,33.9366125647669,0.016849396750330925,,,
256,39,pixel_naive,-0.9920013546943665,0.04590829089283943,-103.79096221923828,206.96081978082657,167.36496462896042,0.05221572890877724,,,
256,39,pixel_cf,-0.9920013546943665,0.04590829089283943,-103.79096221923828,206.96081978082657,167.36496462896042,0.05221572890877724,,,
256,39,vae_latent,0.16190190613269806,0.29615485668182373,-13.425294876098633,32.13955433666706,20.99002746599404,0.178219663451319,1.3251478672027588,1.2722277641296387,1.2577139139175415
256,39,vae_isometric,0.09889580309391022,0.27566584944725037,-17.677005767822266,46.960783302783966,34.45862205473287,0.01677580177783966,,,
256,40,pixel_naive,-1.032178521156311,0.04671245068311691,-107.88909149169922,207.95485204458237,168.97341045294985,0.052821457386016846,,,
256,40,pixel_cf,-1.032178521156311,0.04671245068311691,-107.88909149169922,207.95485204458237,168.97341045294985,0.052821457386016846,,,
256,40,vae_latent,0.1251545399427414,0.29320892691612244,-16.805438995361328,34.10677556693554,22.93008172592585,0.20129202747276684,1.3273900747299194,1.266876459121704,1.2480789422988892
256,40,vae_isometric,0.08599482476711273,0.26947861909866333,-18.348379135131836,47.31274378299713,34.97705448949174,0.01700076274573803,,,
256,41,pixel_naive,-1.0567936897277832,0.04817458242177963,-110.49683380126953,208.927720785141,170.55512803715914,0.0530221052467823,,,
256,41,pixel_cf,-1.0567936897277832,0.04817458242177963,-110.49683380126953,208.927720785141,170.55512803715914,0.0530221052467823,,,
256,41,vae_latent,0.10992363095283508,0.28800517320632935,-17.808155059814453,36.11049588024616,24.93877825593657,0.13071260160821507,1.3281149864196777,1.2606476545333862,1.2540174722671509
256,41,vae_isometric,0.07967787981033325,0.26903900504112244,-18.936113357543945,47.65946805477142,35.49156213849526,0.017198240384459496,,,
256,42,pixel_naive,-1.09234619140625,0.04925396665930748,-114.16001892089844,209.8797109723091,172.11010653820506,0.053350694477558136,,,
256,42,pixel_cf,-1.09234619140625,0.04925396665930748,-114.16001892089844,209.8797109723091,172.11010653820506,0.053350694477558136,,,
256,42,vae_latent,0.06213097274303436,0.28704506158828735,-22.491409301757812,38.18809765577316,27.10957899098193,0.15934709539165515,1.3278720378875732,1.258328914642334,1.2568637132644653
256,42,vae_isometric,0.07001350820064545,0.2636670470237732,-19.365354537963867,48.00090968608856,36.0019042591683,0.01725468598306179,,,
256,43,pixel_naive,-1.0869348049163818,0.052180029451847076,-113.91148376464844,210.81018996238708,173.636844390739,0.053036078810691833,,,
256,43,pixel_cf,-1.0869348049163818,0.052180029451847076,-113.91148376464844,210.81018996238708,173.636844390739,0.053036078810691833,,,
256,43,vae_latent,0.08194679021835327,0.28835898637771606,-20.641220092773438,40.33541265130043,29.454040056690165,0.1454310147258967,1.3262195587158203,1.263848900794983,1.2546026706695557
256,43,vae_isometric,0.062332019209861755,0.27721959352493286,-21.488758087158203,48.337736546993256,36.50891646421523,0.017962418496608734,,,
256,44,pixel_naive,-1.113237977027893,0.053629204630851746,-116.68672180175781,211.71938335895538,175.13523962590904,0.05322840064764023,,,
256,44,pixel_cf,-1.113237977027893,0.053629204630851746,-116.68672180175781,211.71938335895538,175.13523962590904,0.05322840064764023,,,
256,44,vae_latent,0.0419587641954422,0.2882561683654785,-24.629741668701172,42.498852640390396,31.88895473845408,0.3635996386996316,1.3237124681472778,1.260364294052124,1.260086178779602
256,44,vae_isometric,0.06098850071430206,0.27217811346054077,-21.118961334228516,48.66931253671646,37.0114820134976,0.017831452190876007,,,
256,45,pixel_naive,-1.0927953720092773,0.05694107711315155,-114.97364044189453,212.606753885746,176.60394115565956,0.05278049409389496,,,
256,45,pixel_cf,-1.0927953720092773,0.05694107711315155,-114.97364044189453,212.606753885746,176.60394115565956,0.05278049409389496,,,
256,45,vae_latent,0.05258148908615112,0.3055186867713928,-25.293720245361328,44.72239887714386,34.513764302567296,0.24320947699415071,1.3195382356643677,1.2674646377563477,1.262663722038269
256,45,vae_isometric,0.08569358289241791,0.27870887517929077,-19.301528930664062,48.99444496631622,37.507616138123524,0.017245201393961906,,,
256,46,pixel_naive,-1.1922988891601562,0.054711997509002686,-124.70109558105469,213.4739618897438,178.04525693458874,0.053907785564661026,,,
256,46,pixel_cf,-1.1922988891601562,0.054711997509002686,-124.70109558105469,213.4739618897438,178.04525693458874,0.053907785564661026,,,
256,46,vae_latent,-0.019249171018600464,0.2755299210548401,-29.477909088134766,46.98404332995415,37.3157645006235,0.3111546085136296,1.3306477069854736,1.2750563621520996,1.2618969678878784
256,46,vae_isometric,0.03295966982841492,0.2648419737815857,-23.188230514526367,49.314658522605896,37.99947372594537,0.018360475078225136,,,
256,47,pixel_naive,-1.1867973804473877,0.05746561288833618,-124.42630004882812,214.32059586048126,179.45808222309057,0.05364564433693886,,,
256,47,pixel_cf,-1.1867973804473877,0.05746561288833618,-124.42630004882812,214.32059586048126,179.45808222309057,0.05364564433693886,,,
256,47,vae_latent,-0.03319770097732544,0.28878623247146606,-32.198394775390625,49.18484255671501,40.13759092959049,0.2694168671780763,1.339587926864624,1.2795354127883911,1.2595536708831787
256,47,vae_isometric,0.05437083542346954,0.26426824927330017,-20.989742279052734,49.62862503528595,38.48484504556432,0.017732609063386917,,,
256,48,pixel_naive,-1.1777087450027466,0.06068333983421326,-123.83921813964844,215.1462361216545,180.8413081024355,0.053146328777074814,,,
256,48,pixel_cf,-1.1777087450027466,0.06068333983421326,-123.83921813964844,215.1462361216545,180.8413081024355,0.053146328777074814,,,
256,48,vae_latent,-0.054943203926086426,0.3019777536392212,-35.69209671020508,51.364533483982086,43.07320579727106,0.27928767031040747,1.3466181755065918,1.2814521789550781,1.2523682117462158
256,48,vae_isometric,0.04792007803916931,0.27837276458740234,-23.045269012451172,49.936970233917236,38.96452237892805,0.018316015601158142,,,
256,49,pixel_naive,-1.2244348526000977,0.06072468310594559,-128.51596069335938,215.9515439271927,182.19563414584053,0.05355816334486008,,,
256,49,pixel_cf,-1.2244348526000977,0.06072468310594559,-128.51596069335938,215.9515439271927,182.19563414584053,0.05355816334486008,,,
256,49,vae_latent,-0.09196695685386658,0.2966371178627014,-38.860408782958984,53.46982580423355,46.046942708482305,0.26652965695054953,1.3519139289855957,1.2823963165283203,1.2438628673553467
256,49,vae_isometric,0.03465966880321503,0.2706938683986664,-23.60342025756836,50.23958134651184,39.43816897950222,0.018424207344651222,,,
256,50,pixel_naive,-1.2817977666854858,0.06030161678791046,-134.20994567871094,216.73717069625854,183.52177956070597,0.053955402225255966,,,
256,50,pixel_cf,-1.2817977666854858,0.06030161678791046,-134.20994567871094,216.73717069625854,183.52177956070597,0.053955402225255966,,,
256,50,vae_latent,-0.14850473403930664,0.29095616936683655,-43.94609069824219,55.39905524253845,48.882900492998104,0.2643999630000406,1.3557991981506348,1.2817931175231934,1.2438198328018188
256,50,vae_isometric,0.0030428171157836914,0.2664210796356201,-26.337825775146484,50.537147521972656,39.906709536371785,0.01910126768052578,,,
256,51,pixel_naive,-1.2202478647232056,0.06629809737205505,-128.65460205078125,217.5019777417183,184.81745628653596,0.052861183881759644,,,
256,51,pixel_cf,-1.2202478647232056,0.06629809737205505,-128.65460205078125,217.5019777417183,184.81745628653596,0.052861183881759644,,,
256,51,vae_latent,-0.11879324913024902,0.31431281566619873,-43.31060791015625,57.14112287759781,51.56642433097841,0.275548160598992,1.3576629161834717,1.2802070379257202,1.2451415061950684
256,51,vae_isometric,0.052816957235336304,0.27852505445480347,-22.570810317993164,50.82795548439026,40.36728339898387,0.018048273399472237,,,
256,52,pixel_naive,-1.3081059455871582,0.06421670317649841,-137.23226928710938,218.24714761972427,186.0843058653714,0.053583838045597076,,,
256,52,pixel_cf,-1.3081059455871582,0.06421670317649841,-137.23226928710938,218.24714761972427,186.0843058653714,0.053583838045597076,,,
256,52,vae_latent,-0.18467968702316284,0.29826539754867554,-48.29450988769531,58.628358066082,53.97492149999863,0.30812203445426156,1.358022689819336,1.2768173217773438,1.2422349452972412
256,52,vae_isometric,0.014017656445503235,0.26373910903930664,-24.972145080566406,51.11273789405823,40.820870975420846,0.018614981323480606,,,
256,53,pixel_naive,-1.3015104532241821,0.06709691137075424,-136.86074829101562,218.972502887249,187.3216753242378,0.053123585879802704,,,
256,53,pixel_cf,-1.3015104532241821,0.06709691137075424,-136.86074829101562,218.972502887249,187.3216753242378,0.053123585879802704,,,
256,53,vae_latent,-0.22314471006393433,0.3095968961715698,-53.27416229248047,59.70168513059616,55.77867220695423,0.33919888188542197,1.356684923171997,1.272209644317627,1.2441630363464355
256,53,vae_isometric,0.02463795244693756,0.2696447968482971,-24.50068473815918,51.391134679317474,41.266738581182494,0.018365561962127686,,,
256,54,pixel_naive,-1.3380036354064941,0.06760706007480621,-140.56106567382812,219.6784799695015,188.52997616006655,0.05316146835684776,,,
256,54,pixel_cf,-1.3380036354064941,0.06760706007480621,-140.56106567382812,219.6784799695015,188.52997616006655,0.05316146835684776,,,
256,54,vae_latent,-0.26620984077453613,0.31125861406326294,-57.746849060058594,60.382830023765564,56.98337550652946,0.3557848926978835,1.3535728454589844,1.2668840885162354,1.2459731101989746
256,54,vae_isometric,-0.0001640021800994873,0.2708436846733093,-27.10076904296875,51.663773477077484,41.705735310093516,0.018988346680998802,,,
256,55,pixel_naive,-1.3645843267440796,0.0689617246389389,-143.3546142578125,220.36525684595108,189.70919740816032,0.053057197481393814,,,
256,55,pixel_cf,-1.36458420753479,0.0689617246389389,-143.35459899902344,220.36525684595108,189.70919740816032,0.053057197481393814,,,
256,55,vae_latent,-0.2752961814403534,0.3097343146800995,-58.503047943115234,60.64494323730469,57.46771600482626,0.4513320840328287,1.3494597673416138,1.25984787940979,1.248940348625183
256,55,vae_isometric,-0.008742064237594604,0.2682267427444458,-27.696880340576172,51.93059688806534,42.13761703336736,0.019077694043517113,,,
256,56,pixel_naive,-1.3351610898971558,0.07351286709308624,-140.86740112304688,221.032524228096,190.85849411418184,0.05228811129927635,,,
256,56,pixel_cf,-1.3351610898971558,0.07351286709308624,-140.86740112304688,221.032524228096,190.85849411418184,0.05228811129927635,,,
256,56,vae_latent,-0.24614959955215454,0.32470035552978516,-57.084999084472656,60.657099187374115,57.490542478133165,0.35628017190120326,1.3444416522979736,1.2503501176834106,1.2474955320358276
256,56,vae_isometric,0.008101344108581543,0.279939740896225,-27.183839797973633,52.19124335050583,42.56164773151143,0.018841959536075592,,,
256,57,pixel_naive,-1.3613488674163818,0.07429426908493042,-143.56431579589844,221.68076622486115,191.97839183863277,0.05222799628973007,,,
256,57,pixel_cf,-1.3613488674163818,0.07429426908493042,-143.56431579589844,221.68076622486115,191.97839183863277,0.05222799628973007,,,
256,57,vae_latent,-0.263150691986084,0.32822954654693604,-59.138023376464844,60.616070568561554,57.41469280100685,0.37834303825373045,1.3378088474273682,1.2411593198776245,1.2407400608062744
256,57,vae_isometric,-0.0009590387344360352,0.2797418236732483,-28.070085525512695,52.44578814506531,42.977802974334615,0.01895878277719021,,,
256,58,pixel_naive,-1.3673336505889893,0.07646570354700089,-144.37994384765625,222.3102159500122,193.0690009428817,0.05186980217695236,,,
256,58,pixel_cf,-1.3673336505889893,0.07646570354700089,-144.37994384765625,222.3102159500122,193.0690009428817,0.05186980217695236,,,
256,58,vae_latent,-0.2606891989707947,0.3380303978919983,-59.8719596862793,60.63148868083954,57.44343521147903,0.3153490238131451,1.3309775590896606,1.246282696723938,1.2446857690811157
256,58,vae_isometric,0.014139533042907715,0.2778007984161377,-26.366127014160156,52.69368380308151,43.38503467899308,0.01846936345100403,,,
256,59,pixel_naive,-1.3954724073410034,0.0770590528845787,-147.25314331054688,222.92139154672623,194.1309407892673,0.05171825736761093,,,
256,59,pixel_cf,-1.3954724073410034,0.0770590528845787,-147.25314331054688,222.92139154672623,194.1309407892673,0.05171825736761093,,,
256,59,vae_latent,-0.2552263140678406,0.3332592844963074,-58.84856414794922,60.64753758907318,57.47339391755576,0.2717161929922837,1.3235915899276733,1.2500174045562744,1.24824857711792
256,59,vae_isometric,-0.002641022205352783,0.2802127003669739,-28.28537368774414,52.93536984920502,43.7839160288915,0.018813982605934143,,,
256,60,pixel_naive,-1.4428540468215942,0.07628650218248367,-151.9140625,223.51493322849274,195.16506177573984,0.051815491169691086,,,
256,60,pixel_cf,-1.4428540468215942,0.07628650218248367,-151.9140625,223.51493322849274,195.16506177573984,0.051815491169691086,,,
256,60,vae_latent,-0.27364033460617065,0.3251948952674866,-59.883522033691406,60.61343693733215,57.40953689132776,0.292018968600412,1.315058946609497,1.250069260597229,1.2491973638534546
256,60,vae_isometric,-0.030066370964050293,0.2785044312477112,-30.85708236694336,53.17136991024017,44.17517395924679,0.019246753305196762,,,
256,61,pixel_naive,-1.447540283203125,0.079043447971344,-152.6583709716797,224.090924680233,196.1712684365882,0.051313504576683044,,,
256,61,pixel_cf,-1.447540044784546,0.079043447971344,-152.65835571289062,224.090924680233,196.1712684365882,0.051313504576683044,,,
256,61,vae_latent,-0.2679651081562042,0.3278328478336334,-59.57979965209961,60.558007180690765,57.305664144068146,0.34582143829560663,1.3197003602981567,1.2489525079727173,1.2482227087020874
256,61,vae_isometric,-0.02052968740463257,0.27699005603790283,-29.75197410583496,53.4012508392334,44.55796213959899,0.01890978030860424,,,
256,62,pixel_naive,-1.4209893941879272,0.08324216306209564,-150.42315673828125,224.64935570955276,197.149303033412,0.050594910979270935,,,
256,62,pixel_cf,-1.4209893941879272,0.08324216306209564,-150.42315673828125,224.64935570955276,197.149303033412,0.050594910979270935,,,
256,62,vae_latent,-0.2409123182296753,0.3371899127960205,-57.81022644042969,60.60168653726578,57.386725269944094,0.3352595856671472,1.3231046199798584,1.2470465898513794,1.2466131448745728
256,62,vae_isometric,-0.017231017351150513,0.2926325500011444,-30.986358642578125,53.62521439790726,44.93248649003111,0.019051963463425636,,,
256,63,pixel_naive,-1.4820010662078857,0.08118447661399841,-156.3185577392578,225.19106078147888,198.10039684773446,0.0507272407412529,,,
256,63,pixel_cf,-1.4820010662078857,0.08118447661399841,-156.3185577392578,225.19106078147888,198.10039684773446,0.0507272407412529,,,
256,63,vae_latent,-0.2806127071380615,0.32255154848098755,-60.316429138183594,60.65674638748169,57.48982653687623,0.3599116996307413,1.325474500656128,1.243942379951477,1.2436269521713257
256,63,vae_isometric,-0.028303921222686768,0.27934151887893677,-30.764545440673828,53.84315699338913,45.298446386069074,0.018903085961937904,,,
256,64,pixel_naive,-1.5036516189575195,0.08257049322128296,-158.62222290039062,225.71635442972183,199.0248927656615,0.05040319263935089,,,
256,64,pixel_cf,-1.5036516189575195,0.08257049322128296,-158.62222290039062,225.71635442972183,199.0248927656615,0.05040319263935089,,,
256,64,vae_latent,-0.2811918258666992,0.31573498249053955,-59.692684173583984,60.59095549583435,57.3673871314477,0.4361105320674351,1.3269622325897217,1.2556540966033936,1.2391630411148071
256,64,vae_isometric,-0.04215016961097717,0.2810811698436737,-32.32313537597656,54.05530995130539,45.656110210716065,0.019069362431764603,,,
256,65,pixel_naive,-1.5438765287399292,0.08225864917039871,-162.613525390625,226.22573947906494,199.9234733610955,0.05022628605365753,,,
256,65,pixel_cf,-1.5438764095306396,0.08225864917039871,-162.61351013183594,226.22573947906494,199.9234733610955,0.05022628605365753,,,
256,65,vae_latent,-0.31075507402420044,0.30973881483078003,-62.04938888549805,60.568865954875946,57.32668607684913,0.3065369005547957,1.3263400793075562,1.2654882669448853,1.2335301637649536
256,65,vae_isometric,-0.06206551194190979,0.2787083387374878,-34.07738494873047,54.26190888881683,46.005761339215624,0.019250931218266487,,,
256,66,pixel_naive,-1.5632250308990479,0.08332525193691254,-164.655029296875,226.7195428609848,200.7965265746177,0.049878545105457306,,,
256,66,pixel_cf,-1.5632250308990479,0.08332525193691254,-164.655029296875,226.7195428609848,200.7965265746177,0.049878545105457306,,,
256,66,vae_latent,-0.3070210814476013,0.30463898181915283,-61.16600799560547,60.44929105043411,57.10319219815108,0.37520844318020286,1.3241472244262695,1.2735658884048462,1.2268757820129395
256,66,vae_isometric,-0.07611727714538574,0.2809688150882721,-35.70861053466797,54.463119089603424,46.347574632252616,0.019413333386182785,,,
256,67,pixel_naive,-1.5704656839370728,0.08552661538124084,-165.59922790527344,227.19799721240997,201.64428264821203,0.04937702789902687,,,
256,67,pixel_cf,-1.5704656839370728,0.08552661538124084,-165.59922790527344,227.19799721240997,201.64428264821203,0.04937702789902687,,,
256,67,vae_latent,-0.3159297704696655,0.3064308166503906,-62.236061096191406,60.41462451219559,57.03924842653373,0.41733678731282803,1.3214077949523926,1.2787656784057617,1.2205004692077637
256,67,vae_isometric,-0.05713462829589844,0.2757781147956848,-33.29127502441406,54.658453583717346,46.68061703339125,0.01883869245648384,,,
256,68,pixel_naive,-1.5950902700424194,0.08569808304309845,-168.07884216308594,227.6615378856659,202.46734046548653,0.04908186197280884,,,
256,68,pixel_cf,-1.5950902700424194,0.08569808304309845,-168.07884216308594,227.6615378856659,202.46734046548653,0.04908186197280884,,,
256,68,vae_latent,-0.3174486756324768,0.3048889636993408,-62.2337646484375,60.47676169872284,57.153469715455,0.47152256605892906,1.3175069093704224,1.2821882963180542,1.213762879371643
256,68,vae_isometric,-0.06622475385665894,0.27492988109588623,-34.11546325683594,54.848070561885834,47.005051993147674,0.01886150613427162,,,
256,69,pixel_naive,-1.5630007982254028,0.09035052359104156,-165.3351287841797,228.11021220684052,203.26562141672522,0.048294831067323685,,,
256,69,pixel_cf,-1.5630005598068237,0.09035052359104156,-165.33511352539062,228.11021220684052,203.26562141672522,0.048294831067323685,,,
256,69,vae_latent,-0.2846451997756958,0.3129045367240906,-59.754974365234375,60.56314468383789,57.31450432969942,0.4852062902231246,1.3278768062591553,1.2839205265045166,1.2102351188659668
256,69,vae_isometric,-0.04654529690742493,0.2861395478248596,-33.26848602294922,55.031862020492554,47.32059207769586,0.018564686179161072,,,
256,70,pixel_naive,-1.5447531938552856,0.09365708380937576,-163.84103393554688,228.54429626464844,204.03945704920582,0.04763568565249443,,,
256,70,pixel_cf,-1.5447531938552856,0.09365708380937576,-163.84103393554688,228.54429626464844,204.03945704920582,0.04763568565249443,,,
256,70,vae_latent,-0.2741650938987732,0.32361358404159546,-59.777870178222656,60.65820747613907,57.49300871581421,0.4853109642200476,1.336361289024353,1.2836804389953613,1.2116265296936035
256,70,vae_isometric,-0.03733322024345398,0.2966010570526123,-33.393428802490234,55.209926068782806,47.627304786750386,0.018449151888489723,,,
256,71,pixel_naive,-1.6148828268051147,0.09083358943462372,-170.57164001464844,228.96448796987534,204.78994508083449,0.04758119210600853,,,
256,71,pixel_cf,-1.6148827075958252,0.09083358943462372,-170.57162475585938,228.96448796987534,204.78994508083449,0.04758119210600853,,,
256,71,vae_latent,-0.31131213903427124,0.3126530647277832,-62.396522521972656,60.68421941995621,57.541353144892554,0.40591553537607455,1.3431826829910278,1.2807518243789673,1.2165851593017578
256,71,vae_isometric,-0.07075929641723633,0.28566110134124756,-35.64204025268555,55.38262289762497,47.92571869524295,0.018627434968948364,,,
256,72,pixel_naive,-1.6223808526992798,0.09257031977176666,-171.4951171875,229.37110233306885,205.51751285286343,0.04709971323609352,,,
256,72,pixel_cf,-1.6223809719085693,0.09257031977176666,-171.49513244628906,229.37110233306885,205.51751285286343,0.04709971323609352,,,
256,72,vae_latent,-0.30207496881484985,0.3140096664428711,-61.608463287353516,60.704398930072784,57.579177356828254,0.26151446391632743,1.3484323024749756,1.2762670516967773,1.219585657119751
256,72,vae_isometric,-0.05080056190490723,0.2816004157066345,-33.24009704589844,55.54969370365143,48.21529814474114,0.018073569983243942,,,
256,73,pixel_naive,-1.6536893844604492,0.09304971992969513,-174.67391967773438,229.76454627513885,206.22276085375069,0.046708330512046814,,,
256,73,pixel_cf,-1.6536893844604492,0.09304971992969513,-174.67391967773438,229.76454627513885,206.22276085375069,0.046708330512046814,,,
256,73,vae_latent,-0.3062347173690796,0.3087667226791382,-61.500144958496094,60.66106015443802,57.49771653391599,0.2316060413665338,1.3519518375396729,1.270190954208374,1.2207934856414795
256,73,vae_isometric,-0.09116849303245544,0.2863054871559143,-37.747398376464844,55.71175229549408,48.49702319486083,0.018595345318317413,,,
256,74,pixel_naive,-1.7241538763046265,0.0893762856721878,-181.35302734375,230.14546060562134,206.90671584791187,0.04664093255996704,,,
256,74,pixel_cf,-1.7241538763046265,0.0893762856721878,-181.35302734375,230.14546060562134,206.90671584791187,0.04664093255996704,,,
256,74,vae_latent,-0.3172534108161926,0.29389047622680664,-61.11438751220703,60.625684559345245,57.43091206010567,0.32144732834495626,1.3534643650054932,1.261991024017334,1.2238892316818237
256,74,vae_isometric,-0.11184385418891907,0.2713547945022583,-38.31986618041992,55.86887949705124,48.770959364289865,0.018487373366951942,,,
256,75,pixel_naive,-1.7034629583358765,0.09307225793600082,-179.65353393554688,230.5139855146408,207.5695181839406,0.045938894152641296,,,
256,75,pixel_cf,-1.7034629583358765,0.09307225793600082,-179.65353393554688,230.5139855146408,207.5695181839406,0.045938894152641296,,,
256,75,vae_latent,-0.3237167000770569,0.30592620372772217,-62.96429443359375,60.662304759025574,57.50011087731758,0.48925135161234606,1.3535985946655273,1.25211501121521,1.226088285446167
256,75,vae_isometric,-0.110272616147995,0.284562349319458,-39.483497619628906,56.02121466398239,49.03727752812512,0.018468225374817848,,,
256,76,pixel_naive,-1.7229450941085815,0.09368514269590378,-181.66302490234375,230.87048071622849,208.21170754981972,0.04549034684896469,,,
256,76,pixel_cf,-1.7229450941085815,0.09368514269590378,-181.66302490234375,230.87048071622849,208.21170754981972,0.04549034684896469,,,
256,76,vae_latent,-0.31698015332221985,0.30246350169181824,-61.944366455078125,60.65715879201889,57.48986784252541,0.32900609573513107,1.3525912761688232,1.2419161796569824,1.2256314754486084
256,76,vae_isometric,-0.10067889094352722,0.27845966815948486,-37.913856506347656,56.16863805055618,49.29569876174176,0.018062369897961617,,,
256,77,pixel_naive,-1.7518372535705566,0.09342633187770844,-184.5263671875,231.2153382897377,208.8338898710736,0.045089174062013626,,,
256,77,pixel_cf,-1.7518372535705566,0.09342633187770844,-184.5263671875,231.2153382897377,208.8338898710736,0.045089174062013626,,,
256,77,vae_latent,-0.343387246131897,0.3041226863861084,-64.75099182128906,60.6377779841423,57.45362332460934,0.4598877250847788,1.349924087524414,1.2465964555740356,1.223765254020691
256,77,vae_isometric,-0.12093719840049744,0.2788444459438324,-39.97816467285156,56.311394572257996,49.54658678026261,0.01815439760684967,,,
256,78,pixel_naive,-1.7414100170135498,0.0960923507809639,-183.750244140625,231.5488002896309,209.43640706478368,0.044444143772125244,,,
256,78,pixel_cf,-1.7414100170135498,0.0960923507809639,-183.750244140625,231.5488002896309,209.43640706478368,0.044444143772125244,,,
256,78,vae_latent,-0.3222011923789978,0.3076402544975281,-62.98414611816406,60.6768918633461,57.52696030318906,0.43728747603048856,1.3465170860290527,1.2489850521087646,1.2202211618423462
256,78,vae_isometric,-0.11970758438110352,0.2878302335739136,-40.7537841796875,56.44958919286728,49.790064637661615,0.018041811883449554,,,
256,79,pixel_naive,-1.7459865808486938,0.0979296863079071,-184.39163208007812,231.87116265296936,210.01970546034585,0.043883420526981354,,,
256,79,pixel_cf,-1.7459865808486938,0.0979296863079071,-184.39163208007812,231.87116265296936,210.01970546034585,0.043883420526981354,,,
256,79,vae_latent,-0.3171862065792084,0.30993297696113586,-62.71192169189453,60.72204130887985,57.612136614544426,0.44389678849947023,1.3419486284255981,1.2506799697875977,1.2150652408599854
256,79,vae_isometric,-0.11553940176963806,0.28766530752182007,-40.320472717285156,56.58325111865997,50.02612412581481,0.01780231110751629,,,
1024,0,pixel_naive,-1.3245174884796143,2.167943135531229e-15,-132.45175170898438,574.7202425003052,323.3441168692224,0.0668194368481636,,,
1024,0,pixel_cf,-1.3245174884796143,2.167943135531229e-15,-132.45175170898438,574.7202425003052,323.3441168692224,0.0668194368481636,,,
1024,0,vae_latent,0.30165886878967285,0.3043658435344696,-0.27069807052612305,2.3962540640495718,0.42467244692136635,0.006825278815240132,1.0304545164108276,0.7286410331726074,0.594933032989502
1024,0,vae_isometric,0.23403260111808777,0.287313312292099,-5.328071594238281,30.855959713459015,14.876410153728422,0.009373417124152184,,,
1024,1,pixel_naive,-1.300737977027893,4.843341957894154e-05,-130.07864379882812,581.6533560156822,331.1633552950793,0.06681296229362488,,,
1024,1,pixel_cf,-1.300737977027893,4.843341957894154e-05,-130.07864379882812,581.6533560156822,331.1633552950793,0.06681296229362488,,,
1024,1,vae_latent,0.31234318017959595,0.31100600957870483,0.13371574878692627,2.515702899545431,0.4734816124622724,0.0036899011021127043,1.0597491264343262,0.7237454652786255,0.6106962561607361
1024,1,vae_isometric,0.2488006055355072,0.2934322953224182,-4.463169097900391,31.289660066366196,15.297566184460795,0.009103094227612019,,,
1024,2,pixel_naive,-1.4159693717956543,0.00018596679728943855,-141.61553955078125,588.5403960943222,339.02305991024457,0.06938978284597397,,,
1024,2,pixel_cf,-1.4159693717956543,0.00018596679728943855,-141.61553955078125,588.5403960943222,339.02305991024457,0.06938978284597397,,,
1024,2,vae_latent,0.30251556634902954,0.3038153350353241,-0.12997722625732422,2.653396819252521,0.5348359878772138,0.0064783535282819694,1.0908476114273071,0.7256436347961426,0.6279447674751282
1024,2,vae_isometric,0.2275860607624054,0.28736746311187744,-5.978139877319336,31.723535627126694,15.724791629469244,0.009953589178621769,,,
1024,3,pixel_naive,-1.4529743194580078,0.000415189191699028,-145.33895874023438,595.3859973549843,346.9267104701195,0.07048927247524261,,,
1024,3,pixel_cf,-1.4529743194580078,0.000415189191699028,-145.33895874023438,595.3859973549843,346.9267104701195,0.07048927247524261,,,
1024,3,vae_latent,0.3017949163913727,0.3051174283027649,-0.3322516679763794,2.811538371257484,0.6106190809157424,0.009328016568821302,1.123205542564392,0.7369141578674316,0.6461222767829895
1024,3,vae_isometric,0.23241274058818817,0.28760868310928345,-5.519594192504883,32.15459004044533,16.155070460625822,0.009919499978423119,,,
1024,4,pixel_naive,-1.5099912881851196,0.0007282149163074791,-151.07196044921875,602.1969390511513,354.8803785678639,0.0719524696469307,,,
1024,4,pixel_cf,-1.5099912881851196,0.0007282149163074791,-151.07196044921875,602.1969390511513,354.8803785678639,0.0719524696469307,,,
1024,4,vae_latent,0.3014651834964752,0.3041907250881195,-0.2725529670715332,2.979017686098814,0.6977562629624918,0.011427426132820035,1.1567472219467163,0.7478576898574829,0.6651544570922852
1024,4,vae_isometric,0.22929376363754272,0.2869848608970642,-5.769109725952148,32.58449614048004,16.589994639167173,0.010101492516696453,,,
1024,5,pixel_naive,-1.5347057580947876,0.0011414093896746635,-153.584716796875,608.9660366177559,362.87454937578514,0.07305090129375458,,,
1024,5,pixel_cf,-1.5347057580947876,0.0011414093896746635,-153.584716796875,608.9660366177559,362.87454937578514,0.07305090129375458,,,
1024,5,vae_latent,0.3015008568763733,0.306233674287796,-0.4732813835144043,3.158592796884477,0.7980559546208054,0.01780833010581404,1.1907232999801636,0.7627335786819458,0.6850034594535828
1024,5,vae_isometric,0.23214159905910492,0.2884480953216553,-5.630649566650391,33.01425862312317,17.030538177640373,0.010031411424279213,,,
1024,6,pixel_naive,-1.6277289390563965,0.0016081302892416716,-162.9337158203125,615.6999709606171,370.91541082429313,0.0750073492527008,,,
1024,6,pixel_cf,-1.6277289390563965,0.0016081302892416716,-162.9337158203125,615.6999709606171,370.91541082429313,0.0750073492527008,,,
1024,6,vae_latent,0.29682937264442444,0.3017653226852417,-0.4935946464538574,3.3505758764222264,0.9148380624869992,0.021267897378111335,1.2258734703063965,0.7803903818130493,0.7056509852409363
1024,6,vae_isometric,0.21583622694015503,0.28538066148757935,-6.954442977905273,33.446295499801636,17.47922906643784,0.010713532567024231,,,
1024,7,pixel_naive,-1.6697311401367188,0.002181652467697859,-167.1912841796875,622.3961799740791,378.9985385691212,0.07619091123342514,,,
1024,7,pixel_cf,-1.6697311401367188,0.002181652467697859,-167.1912841796875,622.3961799740791,378.9985385691212,0.07619091123342514,,,
1024,7,vae_latent,0.2973378896713257,0.30229347944259644,-0.49555790424346924,3.5596487019211054,1.0500977090727501,0.02810994412980451,1.2621166706085205,0.8001972436904907,0.726757824420929
1024,7,vae_isometric,0.22380664944648743,0.2847136855125427,-6.090703964233398,33.87788784503937,17.93327319729083,0.010513072833418846,,,
1024,8,pixel_naive,-1.6781905889511108,0.002872635843232274,-168.1063232421875,629.0528604984283,387.1203334992815,0.07667741179466248,,,
1024,8,pixel_cf,-1.6781905889511108,0.002872635843232274,-168.1063232421875,629.0528604984283,387.1203334992815,0.07667741179466248,,,
1024,8,vae_latent,0.2990500330924988,0.30648326873779297,-0.743323802947998,3.778093776665628,1.202296199858147,0.04606289379930591,1.2984226942062378,0.8214257955551147,0.7478394508361816
1024,8,vae_isometric,0.218036949634552,0.2900395691394806,-7.200262069702148,34.31122887134552,18.39501207048172,0.011001614853739738,,,
1024,9,pixel_naive,-1.7197670936584473,0.003622952150180936,-172.33901977539062,635.6671531200409,395.27565093621985,0.07802432030439377,,,
1024,9,pixel_cf,-1.7197670936584473,0.003622952150180936,-172.33901977539062,635.6671531200409,395.27565093621985,0.07802432030439377,,,
1024,9,vae_latent,0.29715028405189514,0.30767545104026794,-1.0525153875350952,3.991300279274583,1.3376792741276895,0.08799556755051897,1.3333182334899902,0.8442437052726746,0.7701271772384644
1024,9,vae_isometric,0.2313482165336609,0.28939536213874817,-5.804714202880859,34.74212288856506,18.859958728718517,0.010700098238885403,,,
1024,10,pixel_naive,-1.7975424528121948,0.004414556547999382,-180.19570922851562,642.2408244013786,403.4652028422096,0.07956869900226593,,,
1024,10,pixel_cf,-1.7975424528121948,0.004414556547999382,-180.19570922851562,642.2408244013786,403.4652028422096,0.07956869900226593,,,
1024,10,vae_latent,0.29119235277175903,0.30474853515625,-1.3556187152862549,4.175204014405608,1.4010268078069756,0.009102487602709791,1.3638226985931396,0.8685131669044495,0.7935431003570557
1024,10,vae_isometric,0.22492820024490356,0.28687798976898193,-6.194978713989258,35.17217206954956,19.329775418710554,0.010846396908164024,,,
1024,11,pixel_naive,-1.79977285861969,0.005392586346715689,-180.51654052734375,648.769353210926,411.68167612075786,0.08010510355234146,,,
1024,11,pixel_cf,-1.79977285861969,0.005392586346715689,-180.51654052734375,648.769353210926,411.68167612075786,0.08010510355234146,,,
1024,11,vae_latent,0.2995680868625641,0.3094414174556732,-0.9873340129852295,4.368735176511109,1.4717531371393333,0.015296535489823768,1.3888790607452393,0.8943181037902832,0.8160735368728638
1024,11,vae_isometric,0.21707254648208618,0.2930833101272583,-7.601076126098633,35.6024489402771,19.805626074071924,0.011711000464856625,,,
1024,12,pixel_naive,-1.9086177349090576,0.006255652755498886,-191.48733520507812,655.2575297355652,419.92921957345317,0.08217108249664307,,,
1024,12,pixel_cf,-1.9086177349090576,0.006255652755498886,-191.48733520507812,655.2575297355652,419.92921957345317,0.08217108249664307,,,
1024,12,vae_latent,0.2931998670101166,0.3047281801700592,-1.1528327465057373,4.575518311932683,1.5526242752914805,0.011311650113708048,1.4097644090652466,0.9212742447853088,0.8382129669189453
1024,12,vae_isometric,0.20937854051589966,0.2885258197784424,-7.914728164672852,36.03299653530121,20.28755954744139,0.011952707543969154,,,
1024,13,pixel_naive,-1.9839297533035278,0.00727376714348793,-199.120361328125,661.7038076519966,428.2045231191008,0.08369458466768265,,,
1024,13,pixel_cf,-1.9839297533035278,0.00727376714348793,-199.120361328125,661.7038076519966,428.2045231191008,0.08369458466768265,,,
1024,13,vae_latent,0.28870245814323425,0.3024621605873108,-1.3759698867797852,4.796455291099846,1.644130887642997,0.010700588511863474,1.427189588546753,0.9498007297515869,0.8621482253074646
1024,13,vae_isometric,0.20501993596553802,0.28609853982925415,-8.107860565185547,36.463588178157806,20.77534109948147,0.01213525515049696,,,
1024,14,pixel_naive,-2.0778257846832275,0.008305463939905167,-208.61312866210938,668.1072683334351,436.5049527145649,0.08553873002529144,,,
1024,14,pixel_cf,-2.0778257846832275,0.008305463939905167,-208.61312866210938,668.1072683334351,436.5049527145649,0.08553873002529144,,,
1024,14,vae_latent,0.2883494794368744,0.2988399267196655,-1.0490443706512451,5.036452926695347,1.752556930923259,0.021466153312999885,1.439069151878357,0.9798717498779297,0.8876096606254578
1024,14,vae_isometric,0.19340820610523224,0.28317791223526,-8.976970672607422,36.894694805145264,21.269515406705935,0.012603173032402992,,,
1024,15,pixel_naive,-2.098001480102539,0.009568421170115471,-210.75698852539062,674.4631319642067,444.82255657714575,0.08630096167325974,,,
1024,15,pixel_cf,-2.098001480102539,0.009568421170115471,-210.75698852539062,674.4631319642067,444.82255657714575,0.08630096167325974,,,
1024,15,vae_latent,0.2913213074207306,0.3022505044937134,-1.0929183959960938,5.295112824067473,1.8766110546373613,0.0161272469195432,1.447089433670044,1.0115236043930054,0.9112215638160706
1024,15,vae_isometric,0.20270338654518127,0.28601789474487305,-8.331451416015625,37.32560348510742,21.76925723811788,0.012270270846784115,,,
1024,16,pixel_naive,-2.1169352531433105,0.010969499126076698,-212.79046630859375,680.7674392461777,453.150435122346,0.08687295019626617,,,
1024,16,pixel_cf,-2.1169352531433105,0.010969499126076698,-212.79046630859375,680.7674392461777,453.150435122346,0.08687295019626617,,,
1024,16,vae_latent,0.2965976893901825,0.30565816164016724,-0.9060463905334473,5.5751842418685555,2.0238453172612276,0.023836774909623142,1.450057029724121,1.0447986125946045,0.9370403289794922
1024,16,vae_isometric,0.20038847625255585,0.2898077070713043,-8.941923141479492,37.756263077259064,22.274503543281423,0.01267733983695507,,,
1024,17,pixel_naive,-2.1868438720703125,0.01225256361067295,-219.90963745117188,687.0200483202934,461.4863623786617,0.08825775235891342,,,
1024,17,pixel_cf,-2.1868438720703125,0.01225256361067295,-219.90963745117188,687.0200483202934,461.4863623786617,0.08825775235891342,,,
1024,17,vae_latent,0.2895938754081726,0.30485954880714417,-1.526566743850708,5.869953192770481,2.1933420309189002,0.019288621861106293,1.4504191875457764,1.0793460607528687,0.9633025527000427
1024,17,vae_isometric,0.2029971480369568,0.2884790301322937,-8.548189163208008,38.18585658073425,22.784275879529446,0.012554958462715149,,,
1024,18,pixel_naive,-2.2298457622528076,0.013708878308534622,-224.35546875,693.2178933024406,469.82427526073354,0.08931897580623627,,,
1024,18,pixel_cf,-2.2298457622528076,0.013708878308534622,-224.35546875,693.2178933024406,469.82427526073354,0.08931897580623627,,,
1024,18,vae_latent,0.28995490074157715,0.30623260140419006,-1.6277713775634766,6.18138122651726,2.390769643015664,0.019066175427489417,1.4491209983825684,1.1151243448257446,0.991744339466095
1024,18,vae_isometric,0.18387040495872498,0.2922798693180084,-10.840946197509766,38.616212368011475,23.30073541489722,0.013726094737648964,,,
1024,19,pixel_naive,-2.352816104888916,0.014899596571922302,-236.77157592773438,699.3629589676857,478.1649632824687,0.09134137630462646,,,
1024,19,pixel_cf,-2.352816104888916,0.014899596571922302,-236.77157592773438,699.3629589676857,478.1649632824687,0.09134137630462646,,,
1024,19,vae_latent,0.28611525893211365,0.301264226436615,-1.5148975849151611,6.523515864275396,2.622912855839922,0.027154347860812653,1.4447698593139648,1.1519618034362793,1.0224283933639526
1024,19,vae_isometric,0.19418761134147644,0.2849152684211731,-9.072765350341797,39.04472702741623,23.820737972844864,0.013081916607916355,,,
1024,20,pixel_naive,-2.442420721054077,0.016292836517095566,-245.87136840820312,705.4540001153946,486.50488513649617,0.09277593344449997,,,
1024,20,pixel_cf,-2.442420721054077,0.016292836517095566,-245.87136840820312,705.4540001153946,486.50488513649617,0.09277593344449997,,,
1024,20,vae_latent,0.2806055247783661,0.29854345321655273,-1.793792724609375,6.890154176391661,2.8901935747301493,0.038488470749825865,1.437784194946289,1.1882357597351074,1.055303692817688
1024,20,vae_isometric,0.17831000685691833,0.2838362455368042,-10.552623748779297,39.47247380018234,24.34553858592056,0.013792595826089382,,,
1024,21,pixel_naive,-2.429964780807495,0.018202301114797592,-244.81671142578125,711.4844417572021,494.83297107185825,0.09311838448047638,,,
1024,21,pixel_cf,-2.429964780807495,0.018202301114797592,-244.81671142578125,711.4844417572021,494.83297107185825,0.09311838448047638,,,
1024,21,vae_latent,0.28510159254074097,0.3057805001735687,-2.067890167236328,7.286431905813515,3.201299447462619,0.05449121500703163,1.428288459777832,1.2246906757354736,1.0904021263122559
1024,21,vae_isometric,0.18518319725990295,0.2907673120498657,-10.55841064453125,39.89918375015259,24.874756774030573,0.013807524926960468,,,
1024,22,pixel_naive,-2.5261778831481934,0.019672797992825508,-254.5850830078125,717.4540398716927,503.1467574910447,0.09462916851043701,,,
1024,22,pixel_cf,-2.5261778831481934,0.019672797992825508,-254.5850830078125,717.4540398716927,503.1467574910447,0.09462916851043701,,,
1024,22,vae_latent,0.2826560139656067,0.3023785650730133,-1.9722566604614258,7.692734305746853,3.5205397518228025,0.0807002319902408,1.4175611734390259,1.2617673873901367,1.1267281770706177
1024,22,vae_isometric,0.1827542632818222,0.28768622875213623,-10.493196487426758,40.32372730970383,25.406921006111023,0.01412210427224636,,,
1024,23,pixel_naive,-2.550952196121216,0.02158256620168686,-257.25347900390625,723.3582737445831,511.4378460935354,0.09529488533735275,,,
1024,23,pixel_cf,-2.550952196121216,0.02158256620168686,-257.25347900390625,723.3582737445831,511.4378460935354,0.09529488533735275,,,
1024,23,vae_latent,0.2731384038925171,0.30637437105178833,-3.3235979080200195,8.07999937236309,3.7926498667188424,0.039059264179809296,1.406895399093628,1.294180989265442,1.1635018587112427
1024,23,vae_isometric,0.184788316488266,0.2911701500415802,-10.63818359375,40.74625474214554,25.942147369406936,0.014051897451281548,,,
1024,24,pixel_naive,-2.68100905418396,0.022948045283555984,-270.3957214355469,729.1986739039421,519.7061971523358,0.09700843691825867,,,
1024,24,pixel_cf,-2.68100905418396,0.022948045283555984,-270.3957214355469,729.1986739039421,519.7061971523358,0.09700843691825867,,,
1024,24,vae_latent,0.2715037763118744,0.30083197355270386,-2.932819366455078,8.50134732760489,4.110321514989447,0.06134236439713387,1.3940774202346802,1.3212839365005493,1.2005999088287354
1024,24,vae_isometric,0.17989581823349,0.28542420268058777,-10.552839279174805,41.16618329286575,26.479608986315977,0.014157906174659729,,,
1024,25,pixel_naive,-2.808250904083252,0.024322345852851868,-283.25732421875,734.9754187464714,527.9498744768307,0.09876815229654312,,,
1024,25,pixel_cf,-2.808250904083252,0.024322345852851868,-283.25732421875,734.9754187464714,527.9498744768307,0.09876815229654312,,,
1024,25,vae_latent,0.26900672912597656,0.2955838441848755,-2.657712936401367,8.911814677529037,4.38718173293216,0.11786521980559593,1.379696011543274,1.3411955833435059,1.2362287044525146
1024,25,vae_isometric,0.14450104534626007,0.2832663357257843,-13.876529693603516,41.58587622642517,27.02227954983413,0.015534844249486923,,,
1024,26,pixel_naive,-2.7788166999816895,0.02682936191558838,-280.56463623046875,740.6809034347534,536.1558161259188,0.0988319143652916,,,
1024,26,pixel_cf,-2.7788166999816895,0.02682936191558838,-280.56463623046875,740.6809034347534,536.1558161259188,0.0988319143652916,,,
1024,26,vae_latent,0.2703920602798462,0.30354374647140503,-3.315168857574463,9.32434643805027,4.657568284702955,0.03684687581640745,1.364561915397644,1.3569707870483398,1.2664976119995117
1024,26,vae_isometric,0.1788216233253479,0.28881269693374634,-10.999107360839844,42.002044677734375,27.565835583470765,0.014570583589375019,,,
1024,27,pixel_naive,-2.9248130321502686,0.028163691982626915,-295.29766845703125,746.3163670897484,544.3234892967635,0.10057153552770615,,,
1024,27,pixel_cf,-2.9248130321502686,0.028163691982626915,-295.29766845703125,746.3163670897484,544.3234892967635,0.10057153552770615,,,
1024,27,vae_latent,0.26193174719810486,0.29755929112434387,-3.562753200531006,9.76327948924154,4.968434802294247,0.053233281254578456,1.3660728931427002,1.348130702972412,1.2924773693084717
1024,27,vae_isometric,0.15315081179141998,0.2840023636817932,-13.085155487060547,42.416191935539246,28.11212486506247,0.015354652889072895,,,
1024,28,pixel_naive,-3.019040107727051,0.02981787919998169,-304.88580322265625,751.8808477520943,552.4491242886261,0.10178937017917633,,,
1024,28,pixel_cf,-3.019040107727051,0.02981787919998169,-304.88580322265625,751.8808477520943,552.4491242886261,0.10178937017917633,,,
1024,28,vae_latent,0.25692805647850037,0.29541289806365967,-3.8484840393066406,10.234104236587882,5.3291092971610325,0.0657266391622321,1.3719456195831299,1.3312792778015137,1.3139933347702026
1024,28,vae_isometric,0.13008728623390198,0.28426414728164673,-15.417686462402344,42.82939577102661,28.662511698308315,0.01630341447889805,,,
1024,29,pixel_naive,-3.036649227142334,0.03223920613527298,-306.88885498046875,757.3694277405739,560.523215944818,0.10212202370166779,,,
1024,29,pixel_cf,-3.036649227142334,0.03223920613527298,-306.88885498046875,757.3694277405739,560.523215944818,0.10212202370166779,,,
1024,29,vae_latent,0.2533838748931885,0.3001914620399475,-4.680758476257324,10.676740508526564,5.604028253856098,0.1585457047899716,1.3740007877349854,1.3314577341079712,1.314589023590088
1024,29,vae_isometric,0.1447783261537552,0.28739219903945923,-14.26138687133789,43.23995715379715,29.214670275181486,0.015930742025375366,,,
1024,30,pixel_naive,-3.022859573364258,0.034954022616147995,-305.7813720703125,762.7772015333176,568.5359830928976,0.10222718864679337,,,
1024,30,pixel_cf,-3.022859573364258,0.034954022616147995,-305.7813720703125,762.7772015333176,568.5359830928976,0.10222718864679337,,,
1024,30,vae_latent,0.2656737267971039,0.30704933404922485,-4.137561798095703,11.174191139638424,5.957500090343554,0.15318477528974805,1.3707159757614136,1.3456965684890747,1.3221122026443481
1024,30,vae_isometric,0.156391903758049,0.2940219044685364,-13.76300048828125,43.646763920784,29.766972338033987,0.015979500487446785,,,
1024,31,pixel_naive,-3.108159065246582,0.03689148277044296,-314.50506591796875,768.1032246351242,576.4835216843319,0.10331232845783234,,,
1024,31,pixel_cf,-3.108159065246582,0.03689148277044296,-314.50506591796875,768.1032246351242,576.4835216843319,0.10331232845783234,,,
1024,31,vae_latent,0.2482345998287201,0.30650076270103455,-5.826615810394287,11.688397848978639,6.322647418758693,0.08620638578834999,1.3643860816955566,1.3570622205734253,1.3279073238372803
1024,31,vae_isometric,0.13859444856643677,0.2945912480354309,-15.599679946899414,44.05072730779648,30.320533075875563,0.016601387411355972,,,
1024,32,pixel_naive,-3.2264599800109863,0.03842715919017792,-326.48870849609375,773.3482486605644,584.3643254710936,0.10467413067817688,,,
1024,32,pixel_cf,-3.2264599800109863,0.03842715919017792,-326.48870849609375,773.3482486605644,584.3643254710936,0.10467413067817688,,,
1024,32,vae_latent,0.2478015422821045,0.30347222089767456,-5.567068576812744,12.180658185854554,6.612865584264377,0.07469481222974911,1.3632088899612427,1.354714035987854,1.3318597078323364
1024,32,vae_isometric,0.13167622685432434,0.2916519045829773,-15.997568130493164,44.451453387737274,30.874697600205653,0.016810497269034386,,,
1024,33,pixel_naive,-3.3037703037261963,0.04051051661372185,-334.4280700683594,778.5106902718544,592.1735622222672,0.1054670661687851,,,
1024,33,pixel_cf,-3.3037703037261963,0.04051051661372185,-334.4280700683594,778.5106902718544,592.1735622222672,0.1054670661687851,,,
1024,33,vae_latent,0.2524784803390503,0.3032331168651581,-5.075465202331543,12.65153051353991,6.820750228487654,0.15636151667674397,1.3637446165084839,1.3427581787109375,1.3336681127548218
1024,33,vae_isometric,0.1459883749485016,0.28998705744743347,-14.39986801147461,44.84741085767746,31.427198013673536,0.01630205102264881,,,
1024,34,pixel_naive,-3.3793177604675293,0.04258041828870773,-342.1898193359375,783.5891087651253,599.9065448790307,0.10626143962144852,,,
1024,34,pixel_cf,-3.3793177604675293,0.04258041828870773,-342.1898193359375,783.5891087651253,599.9065448790307,0.10626143962144852,,,
1024,34,vae_latent,0.23799452185630798,0.3036492168903351,-6.565470218658447,13.161759903654456,7.052502402294794,0.033717001421592056,1.3603898286819458,1.3432543277740479,1.3344026803970337
1024,34,vae_isometric,0.1352209895849228,0.29107338190078735,-15.58523941040039,45.238896906375885,31.978274133305273,0.016855090856552124,,,
1024,35,pixel_naive,-3.4881250858306885,0.0443849191069603,-353.2510070800781,788.5829085111618,607.5599029514768,0.1072421446442604,,,
1024,35,pixel_cf,-3.4881250858306885,0.0443849191069603,-353.2510070800781,788.5829085111618,607.5599029514768,0.1072421446442604,,,
1024,35,vae_latent,0.24084538221359253,0.3005354404449463,-5.969005107879639,13.718098448589444,7.328074198299264,0.037940155324499625,1.3564064502716064,1.3538944721221924,1.3334635496139526
1024,35,vae_isometric,0.12062238156795502,0.28921014070510864,-16.858776092529297,45.626318752765656,32.52834206118919,0.017235955223441124,,,
1024,36,pixel_naive,-3.5005288124084473,0.04715307056903839,-354.7681884765625,793.4889347553253,615.1262555266926,0.10747535526752472,,,
1024,36,pixel_cf,-3.5005288124084473,0.04715307056903839,-354.7681884765625,793.4889347553253,615.1262555266926,0.10747535526752472,,,
1024,36,vae_latent,0.24672165513038635,0.30611124634742737,-5.938959121704102,14.32673167064786,7.659420814136157,0.04221557605763387,1.3653231859207153,1.3445841073989868,1.3320608139038086
1024,36,vae_isometric,0.10321322083473206,0.2966199517250061,-19.340673446655273,46.010373532772064,33.078256463466076,0.018145741894841194,,,
1024,37,pixel_naive,-3.7409048080444336,0.0473635196685791,-378.82684326171875,798.3104111552238,622.6081473023124,0.10952161252498627,,,
1024,37,pixel_cf,-3.7409048080444336,0.0473635196685791,-378.82684326171875,798.3104111552238,622.6081473023124,0.10952161252498627,,,
1024,37,vae_latent,0.21998587250709534,0.29418548941612244,-7.419960975646973,15.008518448099494,8.060900592309906,0.0352602294667398,1.3718193769454956,1.3342993259429932,1.329681634902954
1024,37,vae_isometric,0.10283710062503815,0.28296348452568054,-18.012638092041016,46.389685928821564,33.62590661003945,0.017753271386027336,,,
1024,38,pixel_naive,-3.679950714111328,0.051316551864147186,-373.1267395019531,803.0415272116661,629.9941488479019,0.10886368900537491,,,
1024,38,pixel_cf,-3.679950714111328,0.051316551864147186,-373.1267395019531,803.0415272116661,629.9941488479019,0.10886368900537491,,,
1024,38,vae_latent,0.2406415343284607,0.30315011739730835,-6.250858306884766,15.744437342509627,8.533296468224385,0.04181433983769258,1.3750392198562622,1.3261972665786743,1.3228206634521484
1024,38,vae_isometric,0.09842933714389801,0.2944481670856476,-19.601882934570312,46.76460921764374,34.17163115266484,0.018278351053595543,,,
1024,39,pixel_naive,-3.8823070526123047,0.05183732509613037,-393.4144287109375,807.6847152113914,637.2855728944639,0.1105068176984787,,,
1024,39,pixel_cf,-3.8823070526123047,0.05183732509613037,-393.4144287109375,807.6847152113914,637.2855728944639,0.1105068176984787,,,
1024,39,vae_latent,0.23285970091819763,0.2940841019153595,-6.122440338134766,16.537974905222654,9.088867561972872,0.05188615588707791,1.3754420280456543,1.3250765800476074,1.3221855163574219
1024,39,vae_isometric,0.0917927473783493,0.28521060943603516,-19.341787338256836,47.13450729846954,34.714334755394376,0.018208840861916542,,,
1024,40,pixel_naive,-3.8753278255462646,0.055347591638565063,-393.06756591796875,812.2361153960228,644.4739593483869,0.11019919812679291,,,
1024,40,pixel_cf,-3.8753278255462646,0.055347591638565063,-393.06756591796875,812.2361153960228,644.4739593483869,0.11019919812679291,,,
1024,40,vae_latent,0.24234946072101593,0.3002655804157257,-5.791611671447754,17.389978263527155,9.710274248784877,0.07888022960735308,1.372715711593628,1.3302901983261108,1.3173922300338745
1024,40,vae_isometric,0.08924005925655365,0.29146185517311096,-20.222179412841797,47.499226093292236,35.253624186733916,0.01853974349796772,,,
1024,41,pixel_naive,-4.011200904846191,0.05662313848733902,-406.78240966796875,816.6964802145958,651.5580332748397,0.11118771135807037,,,
1024,41,pixel_cf,-4.011200904846191,0.05662313848733902,-406.78240966796875,816.6964802145958,651.5580332748397,0.11118771135807037,,,
1024,41,vae_latent,0.21454396843910217,0.2967957556247711,-8.225179672241211,18.297887729480863,10.384027230205934,0.2760653816936315,1.3674280643463135,1.3325064182281494,1.3310470581054688
1024,41,vae_isometric,0.0834600031375885,0.2880252003669739,-20.456520080566406,47.858420848846436,35.78880746397904,0.01860601268708706,,,
1024,42,pixel_naive,-4.082573413848877,0.058983515948057175,-414.1556701660156,821.0647106170654,658.5336573084405,0.11147356778383255,,,
1024,42,pixel_cf,-4.082573413848877,0.058983515948057175,-414.1556701660156,821.0647106170654,658.5336573084405,0.11147356778383255,,,
1024,42,vae_latent,0.21205800771713257,0.2968360483646393,-8.477804183959961,19.28817699290812,11.162227579224052,0.17061330561723043,1.361264944076538,1.3429577350616455,1.3308180570602417
1024,42,vae_isometric,0.0922873318195343,0.28774890303611755,-19.546157836914062,48.21141004562378,36.318663350423336,0.018357502296566963,,,
1024,43,pixel_naive,-4.1082916259765625,0.061847977340221405,-417.01397705078125,825.3392798304558,665.3959920959155,0.1115041971206665,,,
1024,43,pixel_cf,-4.1082916259765625,0.061847977340221405,-417.01397705078125,825.3392798304558,665.3959920959155,0.1115041971206665,,,
1024,43,vae_latent,0.2170202136039734,0.3007463216781616,-8.372610092163086,20.368989519774914,12.075329361801648,0.07035691977125114,1.3524537086486816,1.3524335622787476,1.3263356685638428
1024,43,vae_isometric,0.09085734188556671,0.29273146390914917,-20.18741226196289,48.55813944339752,36.84291077107386,0.018577072769403458,,,
1024,44,pixel_naive,-4.246917247772217,0.0631723552942276,-431.00897216796875,829.5211436152458,672.1442327252605,0.11219001561403275,,,
1024,44,pixel_cf,-4.246917247772217,0.0631723552942276,-431.00897216796875,829.5211436152458,672.1442327252605,0.11219001561403275,,,
1024,44,vae_latent,0.2001434564590454,0.29642948508262634,-9.628602027893066,21.52993803471327,13.10640837819044,0.1058503158267367,1.3596218824386597,1.3428131341934204,1.3205435276031494
1024,44,vae_isometric,0.07860426604747772,0.28925997018814087,-21.065570831298828,48.89863270521164,37.36138578837736,0.01885666511952877,,,
1024,45,pixel_naive,-4.241835594177246,0.0666891485452652,-430.8524475097656,833.6081871390343,678.7726889839746,0.11188333481550217,,,
1024,45,pixel_cf,-4.241835594177246,0.0666891485452652,-430.8524475097656,833.6081871390343,678.7726889839746,0.11188333481550217,,,
1024,45,vae_latent,0.19805005192756653,0.30225732922554016,-10.42072868347168,22.657404135912657,14.071619994840006,0.18323398747627498,1.3647987842559814,1.331669569015503,1.3131026029586792
1024,45,vae_isometric,0.0909838080406189,0.29488879442214966,-20.390499114990234,49.23239803314209,37.87313308318419,0.01866605132818222,,,
1024,46,pixel_naive,-4.345497131347656,0.06825857609510422,-441.3756103515625,837.6015584468842,685.2808866001269,0.11235181987285614,,,
1024,46,pixel_cf,-4.345497131347656,0.06825857609510422,-441.3756103515625,837.6015584468842,685.2808866001269,0.11235181987285614,,,
1024,46,vae_latent,0.1831447184085846,0.302028089761734,-11.888338088989258,23.82542386651039,15.100015439407404,0.10575942533337346,1.3686983585357666,1.320620059967041,1.31938636302948
1024,46,vae_isometric,0.05739288032054901,0.2966732680797577,-23.92803955078125,49.560455322265625,38.379519173539684,0.019561750814318657,,,
1024,47,pixel_naive,-4.4046502113342285,0.07091224193572998,-447.5562744140625,841.500704407692,691.6657559640363,0.11234787851572037,,,
1024,47,pixel_cf,-4.4046502113342285,0.07091224193572998,-447.5562744140625,841.500704407692,691.6657559640363,0.11234787851572037,,,
1024,47,vae_latent,0.17863136529922485,0.30384498834609985,-12.5213623046875,25.023504270240664,16.14501302614613,0.18777920774146634,1.3710414171218872,1.3288094997406006,1.3245961666107178
1024,47,vae_isometric,0.05998595058917999,0.29756468534469604,-23.75787353515625,49.882382452487946,38.87971045095314,0.019469814375042915,,,
1024,48,pixel_naive,-4.446909427642822,0.07356148213148117,-452.047119140625,845.3055674433708,697.9250319013402,0.11227474361658096,,,
1024,48,pixel_cf,-4.446909427642822,0.07356148213148117,-452.047119140625,845.3055674433708,697.9250319013402,0.11227474361658096,,,
1024,48,vae_latent,0.16459527611732483,0.3075248897075653,-14.292961120605469,26.23631508089602,17.183867520051137,0.20431492871025042,1.372012734413147,1.3349342346191406,1.334439754486084
1024,48,vae_isometric,0.09635558724403381,0.29873499274253845,-20.23794174194336,50.19679981470108,39.371356784749565,0.01867150142788887,,,
1024,49,pixel_naive,-4.7111077308654785,0.07282470911741257,-478.39324951171875,849.0192744731903,704.0618126528614,0.1134088933467865,,,
1024,49,pixel_cf,-4.7111077308654785,0.07282470911741257,-478.39324951171875,849.0192744731903,704.0618126528614,0.1134088933467865,,,
1024,49,vae_latent,0.15632328391075134,0.29337018728256226,-13.704690933227539,27.566918609663844,18.40865166784679,0.13557773103201445,1.371290683746338,1.3425061702728271,1.3378804922103882
1024,49,vae_isometric,0.048398539423942566,0.28755682706832886,-23.915828704833984,50.50476670265198,39.855910214553354,0.019475402310490608,,,
1024,50,pixel_naive,-4.661848545074463,0.0770392119884491,-473.8887939453125,852.640146791935,710.0712980474616,0.1126716211438179,,,
1024,50,pixel_cf,-4.661848545074463,0.0770392119884491,-473.8887939453125,852.640146791935,710.0712980474616,0.1126716211438179,,,
1024,50,vae_latent,0.1568402647972107,0.30351585149765015,-14.667559623718262,28.949119441211224,19.723706195939457,0.15999513562337786,1.3692724704742432,1.346511960029602,1.3392349481582642
1024,50,vae_isometric,0.06693606078624725,0.29662519693374634,-22.968914031982422,50.805833995342255,40.33247027064377,0.019249040633440018,,,
1024,51,pixel_naive,-4.842719078063965,0.07751307636499405,-492.0232238769531,856.170040845871,715.9546335601528,0.11316623538732529,,,
1024,51,pixel_cf,-4.842719078063965,0.07751307636499405,-492.0232238769531,856.170040845871,715.9546335601528,0.11316623538732529,,,
1024,51,vae_latent,0.13750089704990387,0.29714056849479675,-15.963967323303223,30.403443533927202,21.156721453459895,0.08846567231717914,1.3663057088851929,1.3469817638397217,1.337738275527954
1024,51,vae_isometric,0.03003433346748352,0.29140788316726685,-26.13735580444336,51.10064822435379,40.801878078304824,0.019949544221162796,,,
1024,52,pixel_naive,-4.951498508453369,0.07883119583129883,-503.032958984375,859.6099849939346,721.7116329287751,0.11330651491880417,,,
1024,52,pixel_cf,-4.951498508453369,0.07883119583129883,-503.032958984375,859.6099849939346,721.7116329287751,0.11330651491880417,,,
1024,52,vae_latent,0.11829645931720734,0.2954215407371521,-17.712509155273438,31.984574921429157,22.845273352563254,0.10882316503315599,1.36237370967865,1.3456265926361084,1.3349145650863647
1024,52,vae_isometric,0.027894139289855957,0.29030776023864746,-26.241363525390625,51.38901346921921,41.263645063628644,0.01988324709236622,,,
1024,53,pixel_naive,-4.970773696899414,0.0820610299706459,-505.283447265625,862.9596116542816,727.3398619181092,0.11278104037046432,,,
1024,53,pixel_cf,-4.970773696899414,0.0820610299706459,-505.283447265625,862.9596116542816,727.3398619181092,0.11278104037046432,,,
1024,53,vae_latent,0.11278648674488068,0.3008235692977905,-18.803709030151367,33.53781997784972,24.507802211284375,0.18397445632181533,1.3571066856384277,1.341367483139038,1.3305234909057617
1024,53,vae_isometric,0.028131604194641113,0.29487887024879456,-26.674726486206055,51.67082577943802,41.717428511169174,0.019937748089432716,,,
1024,54,pixel_naive,-5.101927757263184,0.08307954668998718,-518.500732421875,866.2203711271286,732.8399905176091,0.11287220567464828,,,
1024,54,pixel_cf,-5.101927757263184,0.08307954668998718,-518.500732421875,866.2203711271286,732.8399905176091,0.11287220567464828,,,
1024,54,vae_latent,0.06436680257320404,0.29762011766433716,-23.325332641601562,34.97787627205253,25.981567014173972,0.23463522353350202,1.350823163986206,1.3345575332641602,1.3248534202575684
1024,54,vae_isometric,0.013893455266952515,0.29227322340011597,-27.83797836303711,51.94617533683777,42.16320239543434,0.02009938843548298,,,
1024,55,pixel_naive,-5.160888671875,0.08566059172153473,-524.6549072265625,869.3926173448563,738.2109252128367,0.11246999353170395,,,
1024,55,pixel_cf,-5.160888671875,0.08566059172153473,-524.6549072265625,869.3926173448563,738.2109252128367,0.11246999353170395,,,
1024,55,vae_latent,0.07457858324050903,0.2984520196914673,-22.387344360351562,36.40897300839424,27.448853732024396,0.13827546861306772,1.3442702293395996,1.325310468673706,1.3190094232559204
1024,55,vae_isometric,0.03262448310852051,0.292414128780365,-25.97896385192871,52.214500188827515,42.59988182986162,0.019675076007843018,,,
1024,56,pixel_naive,-5.281157493591309,0.08682265132665634,-536.7980346679688,872.4777715802193,743.4534296611183,0.11238392442464828,,,
1024,56,pixel_cf,-5.28115701675415,0.08682265132665634,-536.7979736328125,872.4777715802193,743.4534296611183,0.11238392442464828,,,
1024,56,vae_latent,0.07613947987556458,0.2961921989917755,-22.005271911621094,37.79341834038496,28.836428690063833,0.21080571054774871,1.3369890451431274,1.313131332397461,1.3117034435272217
1024,56,vae_isometric,0.0021023452281951904,0.29146578907966614,-28.936344146728516,52.476335406303406,43.02816949495425,0.02018142119050026,,,
1024,57,pixel_naive,-5.341003894805908,0.08916959911584854,-543.017333984375,875.4765973687172,748.567226465509,0.1119174137711525,,,
1024,57,pixel_cf,-5.341003894805908,0.08916959911584854,-543.017333984375,875.4765973687172,748.567226465509,0.1119174137711525,,,
1024,57,vae_latent,0.05390411615371704,0.2995157241821289,-24.561161041259766,39.26926961168647,30.37628878811944,0.17167097639020967,1.3276937007904053,1.3084884881973267,1.3022129535675049
1024,57,vae_isometric,-0.002021312713623047,0.2933776378631592,-29.53989601135254,52.73167151212692,43.447888741795765,0.020200220867991447,,,
1024,58,pixel_naive,-5.414681911468506,0.09109188616275787,-550.577392578125,878.3902419805527,753.5527428376622,0.11153961718082428,,,
1024,58,pixel_cf,-5.414681911468506,0.09109188616275787,-550.577392578125,878.3902419805527,753.5527428376622,0.11153961718082428,,,
1024,58,vae_latent,0.02676209807395935,0.3000539541244507,-27.329187393188477,40.819779723882675,32.10416964358293,0.21243793647269457,1.3182097673416138,1.3043875694274902,1.3008986711502075
1024,58,vae_isometric,0.012228906154632568,0.29336461424827576,-28.113571166992188,52.980160176754,43.8583058938016,0.019864551723003387,,,
1024,59,pixel_naive,-5.486765384674072,0.0930989533662796,-557.9864501953125,881.2198481559753,758.4104843949759,0.1110738217830658,,,
1024,59,pixel_cf,-5.486765384674072,0.0930989533662796,-557.9864501953125,881.2198481559753,758.4104843949759,0.1110738217830658,,,
1024,59,vae_latent,0.03458103537559509,0.3014947474002838,-26.69137191772461,42.378463957458735,33.86601010761244,0.22424797368154187,1.3281276226043701,1.2978395223617554,1.2958041429519653
1024,59,vae_isometric,-0.011346399784088135,0.29558464884757996,-30.693105697631836,53.22217553853989,44.25988739958227,0.020240377634763718,,,
1024,60,pixel_naive,-5.625205993652344,0.09369254112243652,-571.889892578125,883.9672470092773,763.1422075165641,0.11083980649709702,,,
1024,60,pixel_cf,-5.625205993652344,0.09369254112243652,-571.889892578125,883.9672470092773,763.1422075165641,0.11083980649709702,,,
1024,60,vae_latent,0.006307065486907959,0.29844897985458374,-29.214191436767578,44.031697668135166,35.84648682497301,0.14264599607116857,1.335867166519165,1.304459810256958,1.2987325191497803
1024,60,vae_isometric,-0.017799586057662964,0.29182931780815125,-30.962892532348633,53.45769190788269,44.65244300858166,0.020165374502539635,,,
1024,61,pixel_naive,-5.732221603393555,0.09493432193994522,-582.7156372070312,886.6339417695999,767.749177284715,0.11042917519807816,,,
1024,61,pixel_cf,-5.7322211265563965,0.09493432193994522,-582.715576171875,886.6339417695999,767.749177284715,0.11042917519807816,,,
1024,61,vae_latent,-0.030156463384628296,0.29778480529785156,-32.79412841796875,45.60320772975683,37.72486339274091,0.17321238185231635,1.340996503829956,1.3096904754638672,1.3014028072357178
1024,61,vae_isometric,-0.023066550493240356,0.28994128108024597,-31.300785064697266,53.68671768903732,45.035842345456714,0.02011674828827381,,,
1024,62,pixel_naive,-5.7041754722595215,0.09869173169136047,-580.2867431640625,889.2205441594124,772.231171181006,0.10944525897502899,,,
1024,62,pixel_cf,-5.7041754722595215,0.09869173169136047,-580.2867431640625,889.2205441594124,772.231171181006,0.10944525897502899,,,
1024,62,vae_latent,-0.03623706102371216,0.3053051233291626,-34.15422058105469,47.22652769088745,39.77783784841182,0.20898853973670323,1.344954490661621,1.3103729486465454,1.2976024150848389
1024,62,vae_isometric,-0.02405494451522827,0.29822731018066406,-32.22822570800781,53.9093502163887,45.41011080871613,0.020136220380663872,,,
1024,63,pixel_naive,-5.8678789138793945,0.0986786037683487,-596.65576171875,891.7291499376297,776.5906223935821,0.10916633903980255,,,
1024,63,pixel_cf,-5.8678789138793945,0.0986786037683487,-596.65576171875,891.7291499376297,776.5906223935821,0.10916633903980255,,,
1024,63,vae_latent,-0.07189217209815979,0.30103129148483276,-37.2923469543457,48.63219778984785,41.50242472856593,0.301209904293598,1.347256064414978,1.3087894916534424,1.2914401292800903
1024,63,vae_isometric,-0.04600793123245239,0.2931097745895386,-33.91176986694336,54.125791013240814,45.775455308295435,0.020278867334127426,,,
1024,64,pixel_naive,-5.957743167877197,0.1000552624464035,-605.7798461914062,894.1613144278526,780.8290877983297,0.10856995731592178,,,
1024,64,pixel_cf,-5.957743167877197,0.1000552624464035,-605.7798461914062,894.1613144278526,780.8290877983297,0.10856995731592178,,,
1024,64,vae_latent,-0.08047553896903992,0.2997762858867645,-38.025184631347656,49.99449300765991,43.21253139570849,0.14039824551641264,1.3480361700057983,1.3040004968643188,1.288215160369873
1024,64,vae_isometric,-0.03170481324195862,0.2916657030582428,-32.33705139160156,54.335809886455536,46.131358696928345,0.019911987707018852,,,
1024,65,pixel_naive,-5.954810619354248,0.10343988239765167,-605.8250732421875,896.5179815292358,784.9471200517189,0.10758032649755478,,,
1024,65,pixel_cf,-5.954810619354248,0.10343988239765167,-605.8250732421875,896.5179815292358,784.9471200517189,0.10758032649755478,,,
1024,65,vae_latent,-0.11865478754043579,0.30557388067245483,-42.42286682128906,51.39911491423845,45.08099475368212,0.28695221121545517,1.3466464281082153,1.2959284782409668,1.2832762002944946
1024,65,vae_isometric,-0.036945998668670654,0.29784470796585083,-33.47907257080078,54.5395787358284,46.477987809087665,0.019940435886383057,,,
1024,66,pixel_naive,-6.008357524871826,0.10554563254117966,-611.3903198242188,898.8006997704506,788.9463826270553,0.10677532106637955,,,
1024,66,pixel_cf,-6.008357048034668,0.10554563254117966,-611.3902587890625,898.8006997704506,788.9463826270553,0.10677532106637955,,,
1024,66,vae_latent,-0.07768499851226807,0.3081738352775574,-38.58588409423828,52.76126732677221,46.98892097572486,0.20845120380830606,1.344049334526062,1.2858492136001587,1.2759193181991577
1024,66,vae_isometric,-0.013630270957946777,0.2981632351875305,-31.179349899291992,54.73686105012894,46.81481996913948,0.019469117745757103,,,
1024,67,pixel_naive,-6.141626834869385,0.10556893050670624,-624.7196044921875,901.0115916728973,792.8296066891135,0.1062634289264679,,,
1024,67,pixel_cf,-6.141626834869385,0.10556893050670624,-624.7196044921875,901.0115916728973,792.8296066891135,0.1062634289264679,,,
1024,67,vae_latent,-0.15287089347839355,0.30525410175323486,-45.8125,53.814896248281,48.415429583793426,0.25196023616657426,1.3400626182556152,1.2744741439819336,1.2651746273040771
1024,67,vae_isometric,-0.03551015257835388,0.29581785202026367,-33.1328010559082,54.92799723148346,47.142317978884236,0.019609007984399796,,,
1024,68,pixel_naive,-6.242973804473877,0.10648074001073837,-634.9454345703125,903.1524301767349,796.5989806958836,0.10556969791650772,,,
1024,68,pixel_cf,-6.242973804473877,0.10648074001073837,-634.9454345703125,903.1524301767349,796.5989806958836,0.10556969791650772,,,
1024,68,vae_latent,-0.17788034677505493,0.30411413311958313,-48.19944763183594,54.73938173800707,49.68523336325384,0.250374019909571,1.3350119590759277,1.2618567943572998,1.2593331336975098
1024,68,vae_isometric,-0.056559741497039795,0.2949903607368469,-35.15501022338867,55.113270819187164,47.460859818355985,0.019729729741811752,,,
1024,69,pixel_naive,-6.352739334106445,0.1073535829782486,-646.0093383789062,905.2249796390533,800.2567382512393,0.10484113544225693,,,
1024,69,pixel_cf,-6.352740287780762,0.1073535829782486,-646.0093994140625,905.2249796390533,800.2567382512393,0.10484113544225693,,,
1024,69,vae_latent,-0.20950713753700256,0.30211254954338074,-51.16196823120117,55.474667593836784,50.670469269103776,0.32991058004739354,1.3294857740402222,1.2563556432724,1.2542647123336792
1024,69,vae_isometric,-0.07159185409545898,0.2927659749984741,-36.43578338623047,55.29284405708313,47.770624558205,0.019724640995264053,,,
1024,70,pixel_naive,-6.407979965209961,0.10906431823968887,-651.7044067382812,907.2307950854301,803.8047939792359,0.10393962264060974,,,
1024,70,pixel_cf,-6.407979965209961,0.10906431823968887,-651.7044067382812,907.2307950854301,803.8047939792359,0.10393962264060974,,,
1024,70,vae_latent,-0.15890711545944214,0.3052840828895569,-46.41912078857422,56.13361392915249,51.562133288057595,0.30261472685011453,1.3232200145721436,1.2585272789001465,1.251295804977417
1024,70,vae_isometric,-0.06970742344856262,0.2943612337112427,-36.40686798095703,55.46675020456314,48.07157442180595,0.0195479579269886,,,
1024,71,pixel_naive,-6.5316877365112305,0.10897105932235718,-664.06591796875,909.1718497276306,807.2458533208182,0.10325705260038376,,,
1024,71,pixel_cf,-6.5316877365112305,0.10897105932235718,-664.06591796875,909.1718497276306,807.2458533208182,0.10325705260038376,,,
1024,71,vae_latent,-0.20943450927734375,0.3012182116508484,-51.06527328491211,56.638994082808495,52.19674901706294,0.3133683863014944,1.316430687904358,1.25985586643219,1.2448976039886475
1024,71,vae_isometric,-0.08290445804595947,0.2919365465641022,-37.484100341796875,55.63515031337738,48.363896143908626,0.01952545903623104,,,
1024,72,pixel_naive,-6.469451427459717,0.1135069876909256,-658.2958374023438,911.0491100549698,810.5808931300905,0.10192286223173141,,,
1024,72,pixel_cf,-6.469451427459717,0.1135069876909256,-658.2958374023438,911.0491100549698,810.5808931300905,0.10192286223173141,,,
1024,72,vae_latent,-0.21646320819854736,0.31109166145324707,-52.755489349365234,57.097218200564384,52.782590859290984,0.26190398028366263,1.326141357421875,1.2559840679168701,1.2430334091186523
1024,72,vae_isometric,-0.07175800204277039,0.3008027970790863,-37.256080627441406,55.7980859875679,48.64757557672817,0.019311830401420593,,,
1024,73,pixel_naive,-6.628604888916016,0.11280424147844315,-674.1409301757812,912.8646841049194,813.8129632933751,0.1012619361281395,,,
1024,73,pixel_cf,-6.628605365753174,0.11280424147844315,-674.1409912109375,912.8646841049194,813.8129632933751,0.1012619361281395,,,
1024,73,vae_latent,-0.23477685451507568,0.3059692978858948,-54.074615478515625,57.57839874923229,53.44537660539493,0.34969447390466996,1.3331692218780518,1.259934902191162,1.2467142343521118
1024,73,vae_isometric,-0.08367136120796204,0.2951759696006775,-37.884735107421875,55.95568335056305,48.92275017954922,0.01918700709939003,,,
1024,74,pixel_naive,-6.7596821784973145,0.11288376897573471,-687.256591796875,914.6204268932343,816.944714602764,0.10045354068279266,,,
1024,74,pixel_cf,-6.7596821784973145,0.11288376897573471,-687.256591796875,914.6204268932343,816.944714602764,0.10045354068279266,,,
1024,74,vae_latent,-0.23141753673553467,0.3021385073661804,-53.35560607910156,57.963320195674896,53.95304640756221,0.34369812391627713,1.3380178213119507,1.2713273763656616,1.251805305480957
1024,74,vae_isometric,-0.10925304889678955,0.2914257049560547,-40.067874908447266,56.1081907749176,49.18977605614857,0.01924852654337883,,,
1024,75,pixel_naive,-6.670279026031494,0.11785458028316498,-678.8133544921875,916.3173379898071,819.9773119781331,0.09902085363864899,,,
1024,75,pixel_cf,-6.670279026031494,0.11785458028316498,-678.8133544921875,916.3173379898071,819.9773119781331,0.09902085363864899,,,
1024,75,vae_latent,-0.21577903628349304,0.3129856288433075,-52.87646484375,58.22241170704365,54.25094376167198,0.21025767153194405,1.3407492637634277,1.2758288383483887,1.2603102922439575
1024,75,vae_isometric,-0.07837694883346558,0.3011150062084198,-37.949195861816406,56.25552576780319,49.44843571810546,0.01880963332951069,,,
1024,76,pixel_naive,-6.866540908813477,0.11565256863832474,-698.2193603515625,917.9576905965805,822.9142360248902,0.09841784834861755,,,
1024,76,pixel_cf,-6.866540908813477,0.11565256863832474,-698.2193603515625,917.9576905965805,822.9142360248902,0.09841784834861755,,,
1024,76,vae_latent,-0.24753358960151672,0.30466070771217346,-55.21942901611328,58.504750326275826,54.60013880303653,0.4168520424773991,1.3422116041183472,1.2761082649230957,1.2692898511886597
1024,76,vae_isometric,-0.09736570715904236,0.2937214970588684,-39.10872268676758,56.39786458015442,49.698969072146724,0.018735628575086594,,,
1024,77,pixel_naive,-6.978539943695068,0.11567908525466919,-709.4219360351562,919.5432423353195,825.758092664499,0.09752937406301498,,,
1024,77,pixel_cf,-6.97853946685791,0.11567908525466919,-709.421875,919.5432423353195,825.758092664499,0.09752937406301498,,,
1024,77,vae_latent,-0.24812155961990356,0.302354097366333,-55.047569274902344,58.685790717601776,54.767354079161294,0.2887986531621146,1.3427562713623047,1.2743122577667236,1.2734977006912231
1024,77,vae_isometric,-0.10391479730606079,0.29080599546432495,-39.47208023071289,56.53533160686493,49.94152908361602,0.01856837049126625,,,
1024,78,pixel_naive,-6.975275039672852,0.11863219738006592,-709.3907470703125,921.0753118395805,828.5107402219476,0.09630276262760162,,,
1024,78,pixel_cf,-6.975275039672852,0.11863219738006592,-709.3907470703125,921.0753118395805,828.5107402219476,0.09630276262760162,,,
1024,78,vae_latent,-0.26663652062416077,0.3062274158000946,-57.28639221191406,58.9369814991951,55.066477785644054,0.3229522835674607,1.342247724533081,1.2767417430877686,1.2680540084838867
1024,78,vae_isometric,-0.10078328847885132,0.29523766040802,-39.60209655761719,56.66805648803711,50.176281703033155,0.018378281965851784,,,
1024,79,pixel_naive,-7.031659126281738,0.12003520131111145,-715.16943359375,922.5554533004761,831.1744927571829,0.09521642327308655,,,
1024,79,pixel_cf,-7.031659126281738,0.12003520131111145,-715.16943359375,922.5554533004761,831.1744927571829,0.09521642327308655,,,
1024,79,vae_latent,-0.2593091130256653,0.30589187145233154,-56.52009963989258,59.2129200398922,55.43346166472783,0.30008474169065774,1.339178442955017,1.2755768299102783,1.2613989114761353
1024,79,vae_isometric,-0.1265622079372406,0.29680001735687256,-42.33622360229492,56.796288549900055,50.40361088599393,0.01843852922320366,,,
4096,0,pixel_naive,-4.317241191864014,3.9623853989047796e-15,-431.72412109375,2148.5865909159184,1129.964837879715,0.11770959943532944,,,
4096,0,pixel_cf,-4.317241191864014,3.9623853989047796e-15,-431.72412109375,2148.5865909159184,1129.964837879715,0.11770959943532944,,,
4096,0,vae_latent,0.26914408802986145,0.26920825242996216,-0.006416440010070801,2.3330998294986784,0.4009837360435129,0.004022357929744159,1.030454397201538,0.6862121820449829,0.5602871775627136
4096,0,vae_isometric,0.21633538603782654,0.26545292139053345,-4.9117536544799805,30.841710656881332,14.862873531890184,0.009093650616705418,,,
4096,1,pixel_naive,-4.6131367683410645,4.903219087282196e-05,-461.318603515625,2176.8979272842407,1159.8370726870678,0.1216050311923027,,,
4096,1,pixel_cf,-4.6131367683410645,4.903219087282196e-05,-461.318603515625,2176.8979272842407,1159.8370726870678,0.1216050311923027,,,
4096,1,vae_latent,0.26428860425949097,0.26587939262390137,-0.159079909324646,2.399294580332935,0.4430207839876137,0.00808449630959363,1.0605881214141846,0.691376805305481,0.5498876571655273
4096,1,vae_isometric,0.20440807938575745,0.26225659251213074,-5.784852027893066,31.278604298830032,15.287006750950479,0.009499510750174522,,,
4096,2,pixel_naive,-4.571240425109863,0.0001965681294677779,-457.1436767578125,2205.011617422104,1189.8874325523195,0.12269674241542816,,,
4096,2,pixel_cf,-4.571240425109863,0.0001965681294677779,-457.1436767578125,2205.011617422104,1189.8874325523195,0.12269674241542816,,,
4096,2,vae_latent,0.27013397216796875,0.27065789699554443,-0.052391648292541504,2.4793517887592316,0.4955599810607303,0.004372033049382737,1.0908981561660767,0.7050275802612305,0.5451564788818359
4096,2,vae_isometric,0.2112317681312561,0.2669451832771301,-5.571341514587402,31.706886738538742,15.708567712449945,0.009633403271436691,,,
4096,3,pixel_naive,-4.793776035308838,0.0004353366675786674,-479.421142578125,2233.011579811573,1220.1982780321468,0.1259334236383438,,,
4096,3,pixel_cf,-4.793776035308838,0.0004353366675786674,-479.421142578125,2233.011579811573,1220.1982780321468,0.1259334236383438,,,
4096,3,vae_latent,0.2676677703857422,0.26907891035079956,-0.1411144733428955,2.5735630658455193,0.5593880184215848,0.0070353680517173675,1.1228923797607422,0.7219129800796509,0.5382019877433777
4096,3,vae_isometric,0.20325694978237152,0.2654462456703186,-6.218930244445801,32.13558718562126,16.13627824780695,0.009998464025557041,,,
4096,4,pixel_naive,-5.02494478225708,0.0007627640734426677,-502.57080078125,2260.936381459236,1250.8061617460653,0.12921398878097534,,,
4096,4,pixel_cf,-5.02494478225708,0.0007627640734426677,-502.57080078125,2260.936381459236,1250.8061617460653,0.12921398878097534,,,
4096,4,vae_latent,0.26478311419487,0.2677205801010132,-0.2937455177307129,2.6790631520561874,0.6351779351395842,0.011449430937350985,1.155924916267395,0.7408134937286377,0.5504116415977478
4096,4,vae_isometric,0.1996307522058487,0.2640779912471771,-6.444724082946777,32.56452864408493,16.569961171356912,0.010272454470396042,,,
4096,5,pixel_naive,-5.173617362976074,0.0011875467607751489,-517.48046875,2288.779344677925,1281.7007690253376,0.13198012113571167,,,
4096,5,pixel_cf,-5.173617362976074,0.0011875467607751489,-517.48046875,2288.779344677925,1281.7007690253376,0.13198012113571167,,,
4096,5,vae_latent,0.2649959623813629,0.2682313024997711,-0.32353293895721436,2.7888674810528755,0.7209915733378099,0.016466880241939548,1.1896166801452637,0.7596462368965149,0.5641778111457825
4096,5,vae_isometric,0.1976049244403839,0.2646319270133972,-6.702699661254883,32.995157569646835,17.011140495455923,0.010422125458717346,,,
4096,6,pixel_naive,-5.3639349937438965,0.0017010653391480446,-536.5635986328125,2316.5441912412643,1312.8837222996706,0.13469906151294708,,,
4096,6,pixel_cf,-5.3639349937438965,0.0017010653391480446,-536.5635986328125,2316.5441912412643,1312.8837222996706,0.13469906151294708,,,
4096,6,vae_latent,0.26253846287727356,0.2677629292011261,-0.5224459171295166,2.9115504566580057,0.8203103567440705,0.0213240069071799,1.2243424654006958,0.7798815965652466,0.5753819346427917
4096,6,vae_isometric,0.20164310932159424,0.2638852000236511,-6.224208831787109,33.42717790603638,17.459558910631664,0.01009739376604557,,,
4096,7,pixel_naive,-5.532243728637695,0.00230683502741158,-553.455078125,2344.233322739601,1344.3540885226414,0.13740962743759155,,,
4096,7,pixel_cf,-5.532243728637695,0.00230683502741158,-553.455078125,2344.233322739601,1344.3540885226414,0.13740962743759155,,,
4096,7,vae_latent,0.26291951537132263,0.26803845167160034,-0.5118930339813232,3.0412551923654974,0.9332815719810663,0.030507015911632098,1.2598040103912354,0.8010039329528809,0.5852327346801758
4096,7,vae_isometric,0.1952494978904724,0.2643527090549469,-6.910320281982422,33.85888808965683,17.913481000845795,0.010850533843040466,,,
4096,8,pixel_naive,-5.6990838050842285,0.0030068326741456985,-570.2091064453125,2371.843206822872,1376.1050433034795,0.140001118183136,,,
4096,8,pixel_cf,-5.6990838050842285,0.0030068326741456985,-570.2091064453125,2371.843206822872,1376.1050433034795,0.140001118183136,,,
4096,8,vae_latent,0.2652302086353302,0.2683148980140686,-0.3084695339202881,3.174026641063392,1.0597745887236392,0.04241403881375632,1.2960896492004395,0.8205693960189819,0.5954214334487915
4096,8,vae_isometric,0.19879215955734253,0.26460033655166626,-6.580818176269531,34.29052430391312,18.37314321533081,0.010645587928593159,,,
4096,9,pixel_naive,-5.8964762687683105,0.00379339256323874,-590.0269775390625,2399.366544365883,1408.125116145689,0.14295968413352966,,,
4096,9,pixel_cf,-5.8964762687683105,0.00379339256323874,-590.0269775390625,2399.366544365883,1408.125116145689,0.14295968413352966,,,
4096,9,vae_latent,0.25767964124679565,0.2679538428783417,-1.027421236038208,3.2995209731161594,1.1734238052105272,0.08741342193519765,1.3307658433914185,0.8421458005905151,0.6081209778785706
4096,9,vae_isometric,0.1919054239988327,0.2642144560813904,-7.230903625488281,34.722941279411316,18.839482011883753,0.01106635108590126,,,
4096,10,pixel_naive,-6.075991630554199,0.004670904949307442,-608.0662841796875,2426.79825091362,1440.4046374937734,0.14568406343460083,,,
4096,10,pixel_cf,-6.075991630554199,0.004670904949307442,-608.0662841796875,2426.79825091362,1440.4046374937734,0.14568406343460083,,,
4096,10,vae_latent,0.25695163011550903,0.2682657837867737,-1.131415605545044,3.380912191234529,1.2000058712573827,0.00816813465429799,1.3610544204711914,0.861546516418457,0.6214838624000549
4096,10,vae_isometric,0.18816466629505157,0.2646184265613556,-7.645376205444336,35.15498399734497,19.311259077541585,0.011641889810562134,,,
4096,11,pixel_naive,-6.188726902008057,0.005667862482368946,-619.439453125,2454.1265379190445,1472.9257896245206,0.14788095653057098,,,
4096,11,pixel_cf,-6.188726902008057,0.005667862482368946,-619.439453125,2454.1265379190445,1472.9257896245206,0.14788095653057098,,,
4096,11,vae_latent,0.26076436042785645,0.270055890083313,-0.9291532039642334,3.455025873146951,1.2246470712257251,0.008220807055011641,1.3872649669647217,0.8779577612876892,0.6311717629432678
4096,11,vae_isometric,0.19618123769760132,0.26631689071655273,-7.0135650634765625,35.58584427833557,19.78756497340443,0.011371731758117676,,,
4096,12,pixel_naive,-6.4111433029174805,0.0067107523791491985,-641.785400390625,2481.3502212166786,1505.6830169239806,0.150789275765419,,,
4096,12,pixel_cf,-6.4111433029174805,0.0067107523791491985,-641.785400390625,2481.3502212166786,1505.6830169239806,0.150789275765419,,,
4096,12,vae_latent,0.25791841745376587,0.26960664987564087,-1.1688218116760254,3.529136690311134,1.2538491350061869,0.00759676248822228,1.409963607788086,0.8974282741546631,0.643537700176239
4096,12,vae_isometric,0.18034866452217102,0.2661501169204712,-8.580144882202148,36.018049240112305,20.27119200692512,0.012052230536937714,,,
4096,13,pixel_naive,-6.63480806350708,0.007833316922187805,-664.26416015625,2508.4671808481216,1538.6694845872958,0.15373146533966064,,,
4096,13,pixel_cf,-6.63480806350708,0.007833316922187805,-664.26416015625,2508.4671808481216,1538.6694845872958,0.15373146533966064,,,
4096,13,vae_latent,0.25777292251586914,0.26932868361473083,-1.155577301979065,3.610169249586761,1.2885636900792639,0.00908556973703232,1.4290510416030884,0.9189949631690979,0.6581350564956665
4096,13,vae_isometric,0.17894068360328674,0.26581504940986633,-8.687437057495117,36.45106154680252,20.76156842970582,0.012227443046867847,,,
4096,14,pixel_naive,-6.87861442565918,0.00903567485511303,-688.7650146484375,2535.4691724181175,1571.8712214568227,0.15684911608695984,,,
4096,14,pixel_cf,-6.87861442565918,0.00903567485511303,-688.7650146484375,2535.4691724181175,1571.8712214568227,0.15684911608695984,,,
4096,14,vae_latent,0.25817787647247314,0.2684571146965027,-1.0279229879379272,3.7022308195009828,1.330798157404175,0.014111738230607821,1.443760871887207,0.943090558052063,0.6747141480445862
4096,14,vae_isometric,0.16967806220054626,0.26501965522766113,-9.534160614013672,36.88521337509155,21.25910633132918,0.01274239830672741,,,
4096,15,pixel_naive,-6.994540691375732,0.010403263382613659,-700.494384765625,2562.342242002487,1605.2658750923924,0.15897932648658752,,,
4096,15,pixel_cf,-6.994540691375732,0.010403263382613659,-700.494384765625,2562.342242002487,1605.2658750923924,0.15897932648658752,,,
4096,15,vae_latent,0.2627616226673126,0.27080607414245605,-0.8044443130493164,3.8006134601309896,1.3802993057281947,0.01917463386537358,1.453477382659912,0.9692771434783936,0.6917988061904907
4096,15,vae_isometric,0.20286759734153748,0.2666104733943939,-6.374288558959961,37.31604838371277,21.75864020305123,0.011478998698294163,,,
4096,16,pixel_naive,-7.306760787963867,0.01170964166522026,-731.8470458984375,2589.0874578356743,1638.849849827803,0.16237330436706543,,,
4096,16,pixel_cf,-7.306760787963867,0.01170964166522026,-731.8470458984375,2589.0874578356743,1638.849849827803,0.16237330436706543,,,
4096,16,vae_latent,0.2619057297706604,0.2689118981361389,-0.700617790222168,3.909611820243299,1.4389966081961978,0.024402773487540774,1.4576833248138428,0.9973843097686768,0.7106062173843384
4096,16,vae_isometric,0.15336331725120544,0.26570916175842285,-11.23458480834961,37.74909323453903,22.266567713876082,0.013755983673036098,,,
4096,17,pixel_naive,-7.62594747543335,0.013073321431875229,-763.902099609375,2615.7029517889023,1672.6157845195876,0.16577380895614624,,,
4096,17,pixel_cf,-7.62594747543335,0.013073321431875229,-763.902099609375,2615.7029517889023,1672.6157845195876,0.16577380895614624,,,
4096,17,vae_latent,0.2552168667316437,0.2668759226799011,-1.1659059524536133,4.024828182533383,1.5079928174317347,0.014031848339615958,1.4592266082763672,1.0276744365692139,0.7311713695526123
4096,17,vae_isometric,0.15499737858772278,0.263613760471344,-10.861639022827148,38.182637214660645,22.780964732323284,0.013767040334641933,,,
4096,18,pixel_naive,-7.858944416046143,0.014605090022087097,-787.35498046875,2642.17457395792,1706.540801036555,0.16865301132202148,,,
4096,18,pixel_cf,-7.858944416046143,0.014605090022087097,-787.35498046875,2642.17457395792,1706.540801036555,0.16865301132202148,,,
4096,18,vae_latent,0.2569097578525543,0.26671212911605835,-0.9802384376525879,4.15064165648073,1.5896639169125684,0.017076105464773908,1.4577497243881226,1.0600870847702026,0.752604067325592
4096,18,vae_isometric,0.16671809554100037,0.26313668489456177,-9.64185905456543,38.61487686634064,23.299661523296237,0.01331157423555851,,,
4096,19,pixel_naive,-8.076167106628418,0.016232669353485107,-809.239990234375,2668.4895283579826,1740.6028623310885,0.17127250134944916,,,
4096,19,pixel_cf,-8.076167106628418,0.016232669353485107,-809.239990234375,2668.4895283579826,1740.6028623310885,0.17127250134944916,,,
4096,19,vae_latent,0.2564973831176758,0.26699990034103394,-1.0502526760101318,4.282781909219921,1.68554306067161,0.015319088802906604,1.4540717601776123,1.0946332216262817,0.7757992744445801
4096,19,vae_isometric,0.16316166520118713,0.26351189613342285,-10.035022735595703,39.04581534862518,23.822598447654826,0.013604460284113884,,,
4096,20,pixel_naive,-8.151631355285645,0.01813092827796936,-816.976318359375,2694.6261417865753,1774.7673169660973,0.1729334443807602,,,
4096,20,pixel_cf,-8.151631355285645,0.01813092827796936,-816.976318359375,2694.6261417865753,1774.7673169660973,0.1729334443807602,,,
4096,20,vae_latent,0.2568323612213135,0.270471453666687,-1.3639090061187744,4.429720806889236,1.7981070910518784,0.019454574875493243,1.4485151767730713,1.130480408668518,0.8004282712936401
4096,20,vae_isometric,0.16577067971229553,0.26688992977142334,-10.11192512512207,39.47513574361801,24.349339121150845,0.013720979914069176,,,
4096,21,pixel_naive,-8.434676170349121,0.019837558269500732,-845.451416015625,2720.5779411792755,1809.019020939743,0.1759207546710968,,,
4096,21,pixel_cf,-8.434676170349121,0.019837558269500732,-845.451416015625,2720.5779411792755,1809.019020939743,0.1759207546710968,,,
4096,21,vae_latent,0.25830739736557007,0.2698049545288086,-1.1497550010681152,4.587534302845597,1.927749362632368,0.03118428328409805,1.4397677183151245,1.166944146156311,0.8266270160675049
4096,21,vae_isometric,0.16951550543308258,0.26608723402023315,-9.657173156738281,39.90198361873627,24.878757011935463,0.013687433674931526,,,
4096,22,pixel_naive,-8.77894115447998,0.021541252732276917,-880.04833984375,2746.34024143219,1843.344828316051,0.17918013036251068,,,
4096,22,pixel_cf,-8.77894115447998,0.021541252732276917,-880.04833984375,2746.34024143219,1843.344828316051,0.17918013036251068,,,
4096,22,vae_latent,0.25530293583869934,0.2676887512207031,-1.2385828495025635,4.763137889094651,2.0804418142235477,0.028764027783415,1.430003046989441,1.2053638696670532,0.852871298789978
4096,22,vae_isometric,0.14763674139976501,0.2644212543964386,-11.678451538085938,40.32792907953262,25.412728440832094,0.014591281302273273,,,
4096,23,pixel_naive,-9.132122993469238,0.02324119582772255,-915.536376953125,2771.9084683060646,1877.73130800414,0.18248292803764343,,,
4096,23,pixel_cf,-9.132122993469238,0.02324119582772255,-915.536376953125,2771.9084683060646,1877.73130800414,0.18248292803764343,,,
4096,23,vae_latent,0.25232410430908203,0.26607057452201843,-1.3746483325958252,4.948168792761862,2.2496202887032783,0.060685519259717914,1.4179093837738037,1.2425570487976074,0.88094162940979
4096,23,vae_isometric,0.13729840517044067,0.26287394762039185,-12.557554244995117,40.75320380926132,25.951503878879134,0.015017363242805004,,,
4096,24,pixel_naive,-9.368156433105469,0.025242116302251816,-939.33984375,2797.266467630863,1912.149628481056,0.18496821820735931,,,
4096,24,pixel_cf,-9.368156433105469,0.025242116302251816,-939.33984375,2797.266467630863,1912.149628481056,0.18496821820735931,,,
4096,24,vae_latent,0.24627792835235596,0.26650846004486084,-2.0230536460876465,5.0949125131592155,2.336757916165833,0.13370344890582814,1.4048227071762085,1.276979923248291,0.910668671131134
4096,24,vae_isometric,0.14920347929000854,0.2630094289779663,-11.380596160888672,41.17593336105347,26.492653456467934,0.014748592860996723,,,
4096,25,pixel_naive,-9.598800659179688,0.02732200361788273,-962.6123046875,2822.3996589183807,1946.5719851693125,0.18733669817447662,,,
4096,25,pixel_cf,-9.598800659179688,0.02732200361788273,-962.6123046875,2822.3996589183807,1946.5719851693125,0.18733669817447662,,,
4096,25,vae_latent,0.2492528259754181,0.26712724566459656,-1.7874412536621094,5.239893981255591,2.408622817920934,0.02263074870656957,1.3911612033843994,1.3061482906341553,0.9424310326576233
4096,25,vae_isometric,0.14495821297168732,0.26374632120132446,-11.87881088256836,41.596138179302216,27.036107555810656,0.01504594087600708,,,
4096,26,pixel_naive,-9.883904457092285,0.029373899102211,-991.327880859375,2847.2970497608185,1980.9749667438666,0.1899215430021286,,,
4096,26,pixel_cf,-9.883904457092285,0.029373899102211,-991.327880859375,2847.2970497608185,1980.9749667438666,0.1899215430021286,,,
4096,26,vae_latent,0.2389562875032425,0.2668711245059967,-2.7914838790893555,5.405846828594804,2.4962964627429622,0.012724020390695902,1.377455472946167,1.332356572151184,0.9759567379951477
4096,26,vae_isometric,0.1386779546737671,0.2634926438331604,-12.481468200683594,42.01407265663147,27.58209998418061,0.01524531003087759,,,
4096,27,pixel_naive,-9.965231895446777,0.0319436714053154,-999.717529296875,2871.93666356802,2015.319318308075,0.19125477969646454,,,
4096,27,pixel_cf,-9.965231895446777,0.0319436714053154,-999.717529296875,2871.93666356802,2015.319318308075,0.19125477969646454,,,
4096,27,vae_latent,0.2511351406574249,0.27025753259658813,-1.9122390747070312,5.569029045291245,2.593085466219552,0.017480038320158233,1.3639953136444092,1.354397177696228,1.0116602182388306
4096,27,vae_isometric,0.1373203843832016,0.2671690583229065,-12.984867095947266,42.42964279651642,28.130404903431447,0.015537243336439133,,,
4096,28,pixel_naive,-10.275150299072266,0.03403181582689285,-1030.918212890625,2896.312241613865,2049.5867128422706,0.19393736124038696,,,
4096,28,pixel_cf,-10.275150299072266,0.03403181582689285,-1030.918212890625,2896.312241613865,2049.5867128422706,0.19393736124038696,,,
4096,28,vae_latent,0.24744084477424622,0.27016037702560425,-2.27195405960083,5.742872711271048,2.7049231479273494,0.021606564111879223,1.3724318742752075,1.3504712581634521,1.0482277870178223
4096,28,vae_isometric,0.14219114184379578,0.2667998671531677,-12.460872650146484,42.841817796230316,28.67957358837472,0.015482303686439991,,,
4096,29,pixel_naive,-10.664166450500488,0.03604452311992645,-1070.0211181640625,2920.418262898922,2083.760072800327,0.19684860110282898,,,
4096,29,pixel_cf,-10.664166450500488,0.03604452311992645,-1070.0211181640625,2920.418262898922,2083.760072800327,0.19684860110282898,,,
4096,29,vae_latent,0.24819320440292358,0.26810672879219055,-1.9913520812988281,5.935086979530752,2.839741503591831,0.02433285583521487,1.387165904045105,1.3354570865631104,1.0869184732437134
4096,29,vae_isometric,0.1233317106962204,0.2650262713432312,-14.169456481933594,43.25139117240906,29.23051723861351,0.01628069020807743,,,
4096,30,pixel_naive,-11.018259048461914,0.038163259625434875,-1105.6422119140625,2944.2461153268814,2117.81772407689,0.19955195486545563,,,
4096,30,pixel_cf,-11.018259048461914,0.038163259625434875,-1105.6422119140625,2944.2461153268814,2117.81772407689,0.19955195486545563,,,
4096,30,vae_latent,0.24101150035858154,0.2670360803604126,-2.6024575233459473,6.149115932174027,2.9965665117726905,0.03085288267595242,1.39893639087677,1.319785714149475,1.1258372068405151
4096,30,vae_isometric,0.11953355371952057,0.2638915181159973,-14.435796737670898,43.6580953001976,29.782782053351642,0.0163564570248127,,,
4096,31,pixel_naive,-11.46536636352539,0.040060944855213165,-1150.542724609375,2967.7908596992493,2151.742851138576,0.20266275107860565,,,
4096,31,pixel_cf,-11.46536636352539,0.040060944855213165,-1150.542724609375,2967.7908596992493,2151.742851138576,0.20266275107860565,,,
4096,31,vae_latent,0.24081334471702576,0.2642211616039276,-2.3407812118530273,6.378733550198376,3.177940651807224,0.18338840150646163,1.4075183868408203,1.3309780359268188,1.165218472480774
4096,31,vae_isometric,0.10183940827846527,0.261417955160141,-15.957855224609375,44.06229484081268,30.336768760064736,0.01693563349545002,,,
4096,32,pixel_naive,-11.536404609680176,0.04306120425462723,-1157.9466552734375,2991.030700981617,2185.4940189956933,0.20360735058784485,,,
4096,32,pixel_cf,-11.536404609680176,0.04306120425462723,-1157.9466552734375,2991.030700981617,2185.4940189956933,0.20360735058784485,,,
4096,32,vae_latent,0.24076685309410095,0.2683631181716919,-2.7596263885498047,6.589116800576448,3.3323452814592383,0.08510033923918553,1.4137376546859741,1.3402090072631836,1.2027525901794434
4096,32,vae_isometric,0.11357980966567993,0.26543766260147095,-15.185785293579102,44.46278089284897,30.89069805635052,0.016825266182422638,,,
4096,33,pixel_naive,-11.947534561157227,0.045119255781173706,-1199.265380859375,3013.960009753704,2219.0526279593687,0.20638006925582886,,,
4096,33,pixel_cf,-11.947534561157227,0.045119255781173706,-1199.265380859375,3013.960009753704,2219.0526279593687,0.20638006925582886,,,
4096,33,vae_latent,0.23328661918640137,0.2666778564453125,-3.3391239643096924,6.770028132945299,3.415251313763754,0.017199414525585318,1.417492151260376,1.3477118015289307,1.2360708713531494
4096,33,vae_isometric,0.1094357967376709,0.26370149850845337,-15.426570892333984,44.85925602912903,31.44401397048326,0.01696406863629818,,,
4096,34,pixel_naive,-12.209120750427246,0.047657594084739685,-1225.6778564453125,3036.5673793554306,2252.391366990652,0.2082330733537674,,,
4096,34,pixel_cf,-12.209120750427246,0.047657594084739685,-1225.6778564453125,3036.5673793554306,2252.391366990652,0.2082330733537674,,,
4096,34,vae_latent,0.23270578682422638,0.26785922050476074,-3.515343189239502,6.979564478620887,3.5181054835297356,0.019774034000845493,1.4192206859588623,1.352992296218872,1.2653965950012207
4096,34,vae_isometric,0.11755482852458954,0.2646356225013733,-14.708080291748047,45.250707387924194,31.99513959744852,0.01693655550479889,,,
4096,35,pixel_naive,-12.465484619140625,0.05031876266002655,-1251.580322265625,3058.8401684761047,2285.4809324248145,0.20998163521289825,,,
4096,35,pixel_cf,-12.465484619140625,0.05031876266002655,-1251.580322265625,3058.8401684761047,2285.4809324248145,0.20998163521289825,,,
4096,35,vae_latent,0.24047499895095825,0.2687114477157593,-2.8236446380615234,7.207754679955542,3.638241455694108,0.023120547824634755,1.4180002212524414,1.356566071510315,1.2899787425994873
4096,35,vae_isometric,0.09005862474441528,0.2659953832626343,-17.59367561340332,45.63845270872116,32.545772705217274,0.01783779449760914,,,
4096,36,pixel_naive,-12.85556411743164,0.05260007083415985,-1290.81640625,3080.7722150087357,2318.3012491156232,0.21216744184494019,,,
4096,36,pixel_cf,-12.85556411743164,0.05260007083415985,-1290.81640625,3080.7722150087357,2318.3012491156232,0.21216744184494019,,,
4096,36,vae_latent,0.23621408641338348,0.2672575116157532,-3.1043426990509033,7.45637834072113,3.7794769486220754,0.023763193028378878,1.4160444736480713,1.3579497337341309,1.3089525699615479
4096,36,vae_isometric,0.10362491011619568,0.2643255591392517,-16.070064544677734,46.02119868993759,33.09390995622863,0.01741579920053482,,,
4096,37,pixel_naive,-13.147597312927246,0.055195800960063934,-1320.279296875,3102.354246854782,2350.827436115801,0.21385326981544495,,,
4096,37,pixel_cf,-13.147597312927246,0.055195800960063934,-1320.279296875,3102.354246854782,2350.827436115801,0.21385326981544495,,,
4096,37,vae_latent,0.2339593470096588,0.26797449588775635,-3.401515483856201,7.734381138347089,3.9507641635983806,0.02230932252276251,1.4130042791366577,1.357576608657837,1.3231487274169922
4096,37,vae_isometric,0.07377082109451294,0.26540669798851013,-19.16358757019043,46.4001185297966,33.64107493728842,0.018389979377388954,,,
4096,38,pixel_naive,-13.505443572998047,0.05759819597005844,-1356.30419921875,3123.5795227885246,2383.0381840953096,0.2157720923423767,,,
4096,38,pixel_cf,-13.505443572998047,0.05759819597005844,-1356.30419921875,3123.5795227885246,2383.0381840953096,0.2157720923423767,,,
4096,38,vae_latent,0.23772785067558289,0.26744773983955383,-2.971989631652832,8.041797674261034,4.156373445047916,0.025725127797316765,1.408090591430664,1.3552639484405518,1.3331916332244873
4096,38,vae_isometric,0.08332128822803497,0.2647395730018616,-18.141828536987305,46.77408313751221,34.185481574111414,0.018194042146205902,,,
4096,39,pixel_naive,-13.863330841064453,0.06000571697950363,-1392.333740234375,3144.441513478756,2414.9123921604687,0.2175922840833664,,,
4096,39,pixel_cf,-13.863330841064453,0.06000571697950363,-1392.333740234375,3144.441513478756,2414.9123921604687,0.2175922840833664,,,
4096,39,vae_latent,0.23360376060009003,0.26705190539360046,-3.3448143005371094,8.3759193867445,4.401865899399666,0.027055929520060376,1.401990294456482,1.3508855104446411,1.3399499654769897
4096,39,vae_isometric,0.0759584903717041,0.26442649960517883,-18.8468017578125,47.14304453134537,34.72688632885314,0.018376963213086128,,,
4096,40,pixel_naive,-14.272912979125977,0.06231003999710083,-1433.5223388671875,3164.9347656965256,2446.430674270121,0.21943378448486328,,,
4096,40,pixel_cf,-14.272912979125977,0.06231003999710083,-1433.5223388671875,3164.9347656965256,2446.430674270121,0.21943378448486328,,,
4096,40,vae_latent,0.2342934012413025,0.2655658721923828,-3.1272478103637695,8.750728556886315,4.704776640429435,0.029934145891768855,1.3934694528579712,1.3457424640655518,1.342165470123291
4096,40,vae_isometric,0.0608796626329422,0.2631130516529083,-20.223339080810547,47.507179737091064,35.26537414132456,0.018784400075674057,,,
4096,41,pixel_naive,-14.590588569641113,0.06488512456417084,-1465.54736328125,3185.052612364292,2477.571572748715,0.2208273559808731,,,
4096,41,pixel_cf,-14.590588569641113,0.06488512456417084,-1465.54736328125,3185.052612364292,2477.571572748715,0.2208273559808731,,,
4096,41,vae_latent,0.23766285181045532,0.2660071849822998,-2.8344340324401855,9.153769982047379,5.0609029743900065,0.03457470001390238,1.3831462860107422,1.3399155139923096,1.339357614517212
4096,41,vae_isometric,0.07198306918144226,0.26353877782821655,-19.15557098388672,47.86546194553375,35.79925298212346,0.01860754005610943,,,
4096,42,pixel_naive,-14.81821346282959,0.06793133914470673,-1488.614501953125,3204.78585088253,2508.309743057397,0.22168011963367462,,,
4096,42,pixel_cf,-14.81821346282959,0.06793133914470673,-1488.614501953125,3204.78585088253,2508.309743057397,0.22168011963367462,,,
4096,42,vae_latent,0.23575320839881897,0.267864465713501,-3.211125373840332,9.605405441485345,5.499073685442594,0.03317996499787033,1.3715919256210327,1.3344600200653076,1.331991195678711
4096,42,vae_isometric,0.0751117467880249,0.2653019428253174,-19.019020080566406,48.21760040521622,36.327885633104245,0.018558179959654808,,,
4096,43,pixel_naive,-15.072343826293945,0.07081224769353867,-1514.315673828125,3224.1281680464745,2538.624090054469,0.22268237173557281,,,
4096,43,pixel_cf,-15.072343826293945,0.07081224769353867,-1514.315673828125,3224.1281680464745,2538.624090054469,0.22268237173557281,,,
4096,43,vae_latent,0.22448183596134186,0.2696352005004883,-4.515336513519287,10.106644842773676,6.023959923374965,0.05235193088203457,1.3594493865966797,1.3280431032180786,1.3236383199691772
4096,43,vae_isometric,0.06942620873451233,0.2671659588813782,-19.773975372314453,48.563620924949646,36.851101922832086,0.018861982971429825,,,
4096,44,pixel_naive,-15.512630462646484,0.07298213243484497,-1558.561279296875,3243.0780938863754,2568.50123920953,0.2242504507303238,,,
4096,44,pixel_cf,-15.512630462646484,0.07298213243484497,-1558.561279296875,3243.0780938863754,2568.50123920953,0.2242504507303238,,,
4096,44,vae_latent,0.22502727806568146,0.2679488956928253,-4.29216194152832,10.602858171798289,6.551905071439938,0.09985170888194331,1.3464089632034302,1.319414496421814,1.3143895864486694
4096,44,vae_isometric,0.047318488359451294,0.2657991647720337,-21.848068237304688,48.903958559036255,37.36937596822463,0.019342675805091858,,,
4096,45,pixel_naive,-15.971467018127441,0.07495997846126556,-1604.6427001953125,3261.6353610754013,2597.9298570390656,0.22567911446094513,,,
4096,45,pixel_cf,-15.971467018127441,0.07495997846126556,-1604.6427001953125,3261.6353610754013,2597.9298570390656,0.22567911446094513,,,
4096,45,vae_latent,0.2094985991716385,0.26642388105392456,-5.69252872467041,11.093756093643606,7.099189710902932,0.16280974228437733,1.3331022262573242,1.3225512504577637,1.3086605072021484
4096,45,vae_isometric,0.04291197657585144,0.2642309069633484,-22.131893157958984,49.23835873603821,37.88213212961397,0.01943379081785679,,,
4096,46,pixel_naive,-16.357290267944336,0.07733450829982758,-1643.462646484375,3279.7970927357674,2626.894696846197,0.22677253186702728,,,
4096,46,pixel_cf,-16.357290267944336,0.07733450829982758,-1643.462646484375,3279.7970927357674,2626.894696846197,0.22677253186702728,,,
4096,46,vae_latent,0.20190215110778809,0.26596081256866455,-6.405866622924805,11.586429879069328,7.643944750064961,0.11450493413633768,1.329137921333313,1.3187828063964844,1.296722173690796
4096,46,vae_isometric,0.02685600519180298,0.2638300657272339,-23.697406768798828,49.566992461681366,38.389450229510445,0.019794324412941933,,,
4096,47,pixel_naive,-16.488643646240234,0.08094336092472076,-1656.9588623046875,3297.555619060993,2655.3729801775216,0.22679327428340912,,,
4096,47,pixel_cf,-16.488643646240234,0.08094336092472076,-1656.9588623046875,3297.555619060993,2655.3729801775216,0.22679327428340912,,,
4096,47,vae_latent,0.2035306692123413,0.26944825053215027,-6.591759204864502,12.050018699839711,8.162490766941628,0.09608918283685051,1.3343257904052734,1.3041218519210815,1.288159728050232
4096,47,vae_isometric,0.048632800579071045,0.2671690583229065,-21.853626251220703,49.888950526714325,38.88973204955383,0.019406462088227272,,,
4096,48,pixel_naive,-17.115215301513672,0.08214540779590607,-1719.736083984375,3314.915061891079,2683.3608921365585,0.22844357788562775,,,
4096,48,pixel_cf,-17.115215301513672,0.08214540779590607,-1719.736083984375,3314.915061891079,2683.3608921365585,0.22844357788562775,,,
4096,48,vae_latent,0.18065381050109863,0.2651859521865845,-8.453214645385742,12.438303709961474,8.525966709505722,0.15217401549205278,1.3384615182876587,1.3110398054122925,1.3076374530792236
4096,48,vae_isometric,0.011936336755752563,0.2631290853023529,-25.11927604675293,50.20493841171265,39.38388780103086,0.020114656537771225,,,
4096,49,pixel_naive,-17.38444709777832,0.08501230925321579,-1746.946044921875,3331.8724058270454,2710.8433492702434,0.22878636419773102,,,
4096,49,pixel_cf,-17.38444709777832,0.08501230925321579,-1746.946044921875,3331.8724058270454,2710.8433492702434,0.22878636419773102,,,
4096,49,vae_latent,0.18689557909965515,0.26668262481689453,-7.978705406188965,12.848811597563326,8.939501693781825,0.04985787033116304,1.341401219367981,1.3371957540512085,1.3287509679794312
4096,49,vae_isometric,0.040834471583366394,0.2642928659915924,-22.345840454101562,50.51390475034714,39.87008199202752,0.019460339099168777,,,
4096,50,pixel_naive,-17.77193260192871,0.08734117448329926,-1785.927490234375,3348.4277047514915,2737.810437884298,0.22935456037521362,,,
4096,50,pixel_cf,-17.77193260192871,0.08734117448329926,-1785.927490234375,3348.4277047514915,2737.810437884298,0.22935456037521362,,,
4096,50,vae_latent,0.18690478801727295,0.26629599928855896,-7.939121246337891,13.301209588069469,9.43518896012193,0.07235091472198114,1.362705945968628,1.343400478363037,1.341634750366211
4096,50,vae_isometric,0.027746722102165222,0.2639366388320923,-23.61899185180664,50.81598836183548,40.34833616528063,0.019795812666416168,,,
4096,51,pixel_naive,-18.055301666259766,0.09028446674346924,-1814.55859375,3364.579387664795,2764.249831852454,0.22945010662078857,,,
4096,51,pixel_cf,-18.055301666259766,0.09028446674346924,-1814.55859375,3364.579387664795,2764.249831852454,0.22945010662078857,,,
4096,51,vae_latent,0.1723271757364273,0.26724839210510254,-9.492121696472168,13.709388909395784,9.855584514733685,0.12712536836396246,1.384958028793335,1.3505288362503052,1.3443983793258667
4096,51,vae_isometric,-0.005719602108001709,0.2652852535247803,-27.100486755371094,51.11192601919174,40.819627945353815,0.02045033872127533,,,
4096,52,pixel_naive,-18.442628860473633,0.09240906685590744,-1853.5037841796875,3380.3296157717705,2790.1554660635793,0.22985877096652985,,,
4096,52,pixel_cf,-18.442628860473633,0.09240906685590744,-1853.5037841796875,3380.3296157717705,2790.1554660635793,0.22985877096652985,,,
4096,52,vae_latent,0.1660790741443634,0.26740095019340515,-10.132187843322754,14.086432711221278,10.198000673033848,0.17316687832254418,1.4028804302215576,1.3555928468704224,1.344048261642456
4096,52,vae_isometric,0.0040864646434783936,0.26514098048210144,-26.105453491210938,51.401211857795715,41.282973502332055,0.02020745724439621,,,
4096,53,pixel_naive,-18.77068519592285,0.09493382275104523,-1886.56201171875,3395.6794610619545,2815.5198370642383,0.22994568943977356,,,
4096,53,pixel_cf,-18.77068519592285,0.09493382275104523,-1886.56201171875,3395.6794610619545,2815.5198370642383,0.22994568943977356,,,
4096,53,vae_latent,0.18419893085956573,0.26812535524368286,-8.392642974853516,14.50896630436182,10.618377887087593,0.054168385732137156,1.414160132408142,1.3558423519134521,1.3417754173278809
4096,53,vae_isometric,0.02634604275226593,0.2655354142189026,-23.91893768310547,51.68321913480759,41.73717896297886,0.019759226590394974,,,
4096,54,pixel_naive,-19.070796966552734,0.09771452844142914,-1916.8511962890625,3410.6298755407333,2840.3355248155076,0.22980497777462006,,,
4096,54,pixel_cf,-19.070796966552734,0.09771452844142914,-1916.8511962890625,3410.6298755407333,2840.3355248155076,0.22980497777462006,,,
4096,54,vae_latent,0.1679767668247223,0.2688087821006775,-10.083202362060547,14.940975351724774,11.076082147174732,0.06793853986057216,1.4208357334136963,1.351170539855957,1.3389337062835693
4096,54,vae_isometric,0.008035749197006226,0.2665504813194275,-25.85147476196289,51.958342134952545,42.18269163613735,0.020054791122674942,,,
4096,55,pixel_naive,-19.53002166748047,0.099383145570755,-1962.9404296875,3425.185555398464,2864.601551533386,0.23003950715065002,,,
4096,55,pixel_cf,-19.53002166748047,0.099383145570755,-1962.9404296875,3425.185555398464,2864.601551533386,0.23003950715065002,,,
4096,55,vae_latent,0.16256314516067505,0.2676602005958557,-10.509706497192383,15.381668593268842,11.54519451031564,0.19907550152306244,1.4223582744598389,1.3472809791564941,1.3443704843521118
4096,55,vae_isometric,-0.014807283878326416,0.26542651653289795,-28.023380279541016,52.22689473628998,42.6198487363297,0.020401988178491592,,,
4096,56,pixel_naive,-19.76576042175293,0.10251235961914062,-1986.827392578125,3439.347457408905,2888.3111215595163,0.22950033843517303,,,
4096,56,pixel_cf,-19.76576042175293,0.10251235961914062,-1986.827392578125,3439.347457408905,2888.3111215595163,0.22950033843517303,,,
4096,56,vae_latent,0.17100724577903748,0.2693215310573578,-9.831428527832031,15.841073263436556,12.082784349994117,0.1474622980068727,1.4193871021270752,1.3564472198486328,1.333172082901001
4096,56,vae_isometric,0.003805100917816162,0.26695361733436584,-26.314851760864258,52.48846000432968,43.047798024795355,0.020030515268445015,,,
4096,57,pixel_naive,-20.256990432739258,0.10383310914039612,-2036.082275390625,3453.121569275856,2911.466091463498,0.22960057854652405,,,
4096,57,pixel_cf,-20.256990432739258,0.10383310914039612,-2036.082275390625,3453.121569275856,2911.466091463498,0.22960057854652405,,,
4096,57,vae_latent,0.1563495695590973,0.26770806312561035,-11.135849952697754,16.260943306609988,12.586449917339339,0.12277754786247362,1.4141204357147217,1.3618956804275513,1.3268321752548218
4096,57,vae_isometric,-0.03039383888244629,0.26563894748687744,-29.60327911376953,52.743550062179565,43.467213798186805,0.02056395635008812,,,
4096,58,pixel_naive,-20.520551681518555,0.10668334364891052,-2062.7236328125,3466.5107048749924,2934.0633527446034,0.22894802689552307,,,
4096,58,pixel_cf,-20.520551681518555,0.10668334364891052,-2062.7236328125,3466.5107048749924,2934.0633527446034,0.22894802689552307,,,
4096,58,vae_latent,0.15650463104248047,0.269226610660553,-11.272198677062988,16.639013631734997,13.030141410522168,0.10656559939712458,1.406211018562317,1.364774227142334,1.332149863243103
4096,58,vae_isometric,-0.035502225160598755,0.26705798506736755,-30.25602149963379,52.99217504262924,43.87795663447989,0.02056078426539898,,,
4096,59,pixel_naive,-21.08415985107422,0.1075337678194046,-2119.16943359375,3479.521952033043,2956.107337420951,0.22893685102462769,,,
4096,59,pixel_cf,-21.08415985107422,0.1075337678194046,-2119.16943359375,3479.521952033043,2956.107337420951,0.22893685102462769,,,
4096,59,vae_latent,0.14218860864639282,0.26621854305267334,-12.402993202209473,17.005385886877775,13.459175852191343,0.07127615303337882,1.395505428314209,1.3646717071533203,1.3360413312911987
4096,59,vae_isometric,-0.022684544324874878,0.26377367973327637,-28.645824432373047,53.23399752378464,44.2793143017165,0.020211858674883842,,,
4096,60,pixel_naive,-21.04651641845703,0.11223742365837097,-2115.87548828125,3492.1556273698807,2977.5913640977888,0.22735491394996643,,,
4096,60,pixel_cf,-21.04651641845703,0.11223742365837097,-2115.87548828125,3492.1556273698807,2977.5913640977888,0.22735491394996643,,,
4096,60,vae_latent,0.14782768487930298,0.2723175883293152,-12.448990821838379,17.297937646042556,13.746322051236557,0.23356782368014367,1.3831870555877686,1.3628101348876953,1.3349370956420898
4096,60,vae_isometric,-0.022015482187271118,0.26976287364959717,-29.17783546447754,53.4690887928009,44.67125115968107,0.020218631252646446,,,
4096,61,pixel_naive,-21.596193313598633,0.11303653568029404,-2170.923095703125,3504.41980445385,2998.5221906154156,0.2271139919757843,,,
4096,61,pixel_cf,-21.59619140625,0.11303653568029404,-2170.9228515625,3504.41980445385,2998.5221906154156,0.2271139919757843,,,
4096,61,vae_latent,0.13940007984638214,0.26943284273147583,-13.003276824951172,17.556368093937635,13.962506535544236,0.05003276141277943,1.3678489923477173,1.358683705329895,1.3379276990890503
4096,61,vae_isometric,-0.08637973666191101,0.26751238107681274,-35.38921356201172,53.69828051328659,45.0550166375956,0.021054547280073166,,,
4096,62,pixel_naive,-21.92045783996582,0.11532123386859894,-2203.578125,3516.31979483366,3018.902260863184,0.22620326280593872,,,
4096,62,pixel_cf,-21.92045783996582,0.11532123386859894,-2203.578125,3516.31979483366,3018.902260863184,0.22620326280593872,,,
4096,62,vae_latent,0.13105598092079163,0.269748717546463,-13.869274139404297,17.842055312357843,14.218515660172162,0.056855917142331625,1.3523203134536743,1.350942850112915,1.3449379205703735
4096,62,vae_isometric,-0.04096710681915283,0.26737838983535767,-30.834550857543945,53.920857429504395,45.42927657668205,0.020245147868990898,,,
4096,63,pixel_naive,-22.645530700683594,0.11479750275611877,-2276.032958984375,3527.865153968334,3038.741617199676,0.2261219471693039,,,
4096,63,pixel_cf,-22.645530700683594,0.11479750275611877,-2276.032958984375,3527.865153968334,3038.741617199676,0.2261219471693039,,,
4096,63,vae_latent,0.123703733086586,0.2643299102783203,-14.062617301940918,18.106393278110772,14.423621226647532,0.0955539486300577,1.350332260131836,1.344240665435791,1.330635905265808
4096,63,vae_isometric,-0.06679537892341614,0.2620573043823242,-32.88526916503906,54.13707584142685,45.794328105516,0.020429180935025215,,,
4096,64,pixel_naive,-22.834075927734375,0.11778081208467484,-2295.185791015625,3539.0602029561996,3058.0416908771513,0.22473423182964325,,,
4096,64,pixel_cf,-22.834075927734375,0.11778081208467484,-2295.185791015625,3539.0602029561996,3058.0416908771513,0.22473423182964325,,,
4096,64,vae_latent,0.13807380199432373,0.26705247163772583,-12.897867202758789,18.3826750847511,14.623152519701529,0.13898098148998853,1.3546850681304932,1.3342530727386475,1.323129415512085
4096,64,vae_isometric,-0.07090562582015991,0.26465919613838196,-33.55648422241211,54.34702122211456,46.15018690275044,0.02037786692380905,,,
4096,65,pixel_naive,-23.064638137817383,0.12050318717956543,-2318.51416015625,3549.9102314710617,3076.8058603540594,0.22336727380752563,,,
4096,65,pixel_cf,-23.064638137817383,0.12050318717956543,-2318.51416015625,3549.9102314710617,3076.8058603540594,0.22336727380752563,,,
4096,65,vae_latent,0.13890156149864197,0.2687278389930725,-12.982627868652344,18.68473057774827,14.854311155996342,0.1726775717953253,1.3575823307037354,1.3431726694107056,1.322742223739624
4096,65,vae_isometric,-0.06665286421775818,0.2662757337093353,-33.29286193847656,54.55067735910416,46.49670120670952,0.020215792581439018,,,
4096,66,pixel_naive,-23.51951026916504,0.12163162231445312,-2364.1142578125,3560.422768652439,3095.041685551744,0.22237315773963928,,,
4096,66,pixel_cf,-23.51951026916504,0.12163162231445312,-2364.1142578125,3560.422768652439,3095.041685551744,0.22237315773963928,,,
4096,66,vae_latent,0.10941220819950104,0.26701879501342773,-15.760659217834473,19.010521278716624,15.114108615519854,0.047074892876011014,1.3592162132263184,1.358356237411499,1.3100612163543701
4096,66,vae_isometric,-0.06458771228790283,0.2646021842956543,-32.91899108886719,54.74804925918579,46.833759947914686,0.020015733316540718,,,
4096,67,pixel_naive,-23.729528427124023,0.12421784549951553,-2385.374755859375,3570.6038343310356,3112.754409521842,0.22083936631679535,,,
4096,67,pixel_cf,-23.729528427124023,0.12421784549951553,-2385.374755859375,3570.6038343310356,3112.754409521842,0.22083936631679535,,,
4096,67,vae_latent,0.12113232910633087,0.26908665895462036,-14.795433044433594,19.399058008100837,15.491353707250404,0.14908509372522002,1.3693071603775024,1.3600478172302246,1.2978607416152954
4096,67,vae_isometric,-0.08539938926696777,0.2670038342475891,-35.24032211303711,54.93942487239838,47.16174138901796,0.02017928659915924,,,
4096,68,pixel_naive,-24.091596603393555,0.12603884935379028,-2421.763671875,3580.4605057239532,3129.9514232555543,0.21946218609809875,,,
4096,68,pixel_cf,-24.091598510742188,0.12603884935379028,-2421.763916015625,3580.4605057239532,3129.9514232555543,0.21946218609809875,,,
4096,68,vae_latent,0.13190142810344696,0.26838093996047974,-13.64795207977295,19.820429991930723,15.932665115697606,0.06560764055203794,1.3764897584915161,1.359086275100708,1.2922849655151367
4096,68,vae_isometric,-0.07551965117454529,0.2661660611629486,-34.16857147216797,55.124743819236755,47.48043413588794,0.01989322155714035,,,
4096,69,pixel_naive,-24.32208251953125,0.12838520109653473,-2445.046875,3589.999540090561,3146.6398370924417,0.21784190833568573,,,
4096,69,pixel_cf,-24.32208251953125,0.12838520109653473,-2445.046875,3589.999540090561,3146.6398370924417,0.21784190833568573,,,
4096,69,vae_latent,0.11633676290512085,0.27005767822265625,-15.372091293334961,20.26126049319282,16.43473724861252,0.07997323883626614,1.3794525861740112,1.3567302227020264,1.2819981575012207
4096,69,vae_isometric,-0.07104647159576416,0.2679218053817749,-33.896827697753906,55.304070234298706,47.78984356209634,0.019701993092894554,,,
4096,70,pixel_naive,-24.951017379760742,0.12813709676265717,-2507.91552734375,3599.230053961277,3162.8311964856684,0.21679170429706573,,,
4096,70,pixel_cf,-24.951017379760742,0.12813709676265717,-2507.91552734375,3599.230053961277,3162.8311964856684,0.21679170429706573,,,
4096,70,vae_latent,0.1049426794052124,0.26540273427963257,-16.046005249023438,20.672286688815802,16.88709958397087,0.17878331417165844,1.3787307739257812,1.3528504371643066,1.284396767616272
4096,70,vae_isometric,-0.087392657995224,0.26324158906936646,-35.06342697143555,55.47760307788849,48.09021404249096,0.019657695665955544,,,
4096,71,pixel_naive,-25.194917678833008,0.13022777438163757,-2532.5146484375,3608.158931195736,3178.533405687045,0.21504423022270203,,,
4096,71,pixel_cf,-25.194917678833008,0.13022777438163757,-2532.5146484375,3608.158931195736,3178.533405687045,0.21504423022270203,,,
4096,71,vae_latent,0.10213230550289154,0.2667838931083679,-16.465158462524414,21.14564830902964,17.46809913561865,0.16334478082721227,1.373910665512085,1.3486429452896118,1.286130428314209
4096,71,vae_isometric,-0.10837391018867493,0.26489871740341187,-37.32726287841797,55.645607590675354,48.3819126152896,0.019742678850889206,,,
4096,72,pixel_naive,-25.50777244567871,0.13194727897644043,-2563.971923828125,3616.793437063694,3193.755317153077,0.21332138776779175,,,
4096,72,pixel_cf,-25.507770538330078,0.13194727897644043,-2563.9716796875,3616.793437063694,3193.755317153077,0.21332138776779175,,,
4096,72,vae_latent,0.10038885474205017,0.26679277420043945,-16.640392303466797,21.53086012136191,17.911013055157614,0.17833846044508367,1.3654038906097412,1.3438520431518555,1.2861281633377075
4096,72,vae_isometric,-0.09385696053504944,0.2648981809616089,-35.87551498413086,55.80805188417435,48.66479606045158,0.019408518448472023,,,
4096,73,pixel_naive,-25.696250915527344,0.13421714305877686,-2583.046875,3625.140628159046,3208.5056439071495,0.2113972157239914,,,
4096,73,pixel_cf,-25.696250915527344,0.13421714305877686,-2583.046875,3625.140628159046,3208.5056439071495,0.2113972157239914,,,
4096,73,vae_latent,0.08339293301105499,0.2692279815673828,-18.583505630493164,21.860807887278497,18.273332547539205,0.16559985283682005,1.3539587259292603,1.3384848833084106,1.2846273183822632
4096,73,vae_isometric,-0.11519598960876465,0.26740288734436035,-38.2598876953125,55.96520406007767,48.93924879534342,0.019476797431707382,,,
4096,74,pixel_naive,-25.962099075317383,0.13632386922836304,-2609.84228515625,3633.20771920681,3222.7936454985756,0.20947213470935822,,,
4096,74,pixel_cf,-25.962099075317383,0.13632386922836304,-2609.84228515625,3633.20771920681,3222.7936454985756,0.20947213470935822,,,
4096,74,vae_latent,0.07713858783245087,0.26946672797203064,-19.23281478881836,22.2424952480942,18.761976623084912,0.14372921352391202,1.3400999307632446,1.3326061964035034,1.282473087310791
4096,74,vae_isometric,-0.10895651578903198,0.2676958441734314,-37.66523742675781,56.11710911989212,49.20527161114157,0.019222527742385864,,,
4096,75,pixel_naive,-26.298505783081055,0.13745912909507751,-2643.596435546875,3641.002658724785,3236.6300976700727,0.20766665041446686,,,
4096,75,pixel_cf,-26.29850196838379,0.13745912909507751,-2643.59619140625,3641.002658724785,3236.6300976700727,0.20766665041446686,,,
4096,75,vae_latent,0.07575024664402008,0.26934561133384705,-19.35953712463379,22.596214179880917,19.23111433385499,0.1943141230447181,1.326144814491272,1.3247511386871338,1.2795658111572266
4096,75,vae_isometric,-0.10931095480918884,0.2675164043903351,-37.682735443115234,56.263869643211365,49.462970074183765,0.019027212634682655,,,
4096,76,pixel_naive,-26.695423126220703,0.1382632851600647,-2683.36865234375,3648.533408164978,3250.026044874067,0.20587454736232758,,,
4096,76,pixel_cf,-26.695419311523438,0.1382632851600647,-2683.368408203125,3648.533408164978,3250.026044874067,0.20587454736232758,,,
4096,76,vae_latent,0.052420154213905334,0.26796820759773254,-21.554805755615234,22.706666671670973,19.24651798887042,0.04863460407295883,1.3196161985397339,1.306778907775879,1.275028944015503
4096,76,vae_isometric,-0.1340234875679016,0.2662627696990967,-40.02862548828125,56.405732572078705,49.71270867956376,0.01905985176563263,,,
4096,77,pixel_naive,-26.87532615661621,0.14045009016990662,-2701.57763671875,3655.807030260563,3262.991145572066,0.20372973382472992,,,
4096,77,pixel_cf,-26.875328063964844,0.14045009016990662,-2701.577880859375,3655.807030260563,3262.991145572066,0.20372973382472992,,,
4096,77,vae_latent,0.06409931182861328,0.26985377073287964,-20.57544708251953,22.838122187182307,19.294558072479614,0.14094610442829592,1.3127667903900146,1.2871851921081543,1.268906593322754
4096,77,vae_isometric,-0.14181405305862427,0.2683263123035431,-41.0140380859375,56.5428421497345,49.95467699601714,0.01894545927643776,,,
4096,78,pixel_naive,-27.12605094909668,0.14235076308250427,-2726.84033203125,3662.8308190107346,3275.535677619693,0.20162802934646606,,,
4096,78,pixel_cf,-27.12605094909668,0.14235076308250427,-2726.84033203125,3662.8308190107346,3275.535677619693,0.20162802934646606,,,
4096,78,vae_latent,0.07264980673789978,0.27021074295043945,-19.756093978881836,22.97998963855207,19.36274383418459,0.22036450935893864,1.3221588134765625,1.2793145179748535,1.2775664329528809
4096,78,vae_isometric,-0.1425105631351471,0.26863905787467957,-41.11496353149414,56.675291776657104,50.18897940232929,0.018743999302387238,,,
4096,79,pixel_naive,-27.60597801208496,0.14219969511032104,-2774.81787109375,3669.6130453944206,3287.671858689294,0.19982567429542542,,,
4096,79,pixel_cf,-27.60597801208496,0.14219969511032104,-2774.81787109375,3669.6130453944206,3287.671858689294,0.19982567429542542,,,
4096,79,vae_latent,0.07767850160598755,0.26754528284072876,-18.986679077148438,23.132822674699128,19.449644475377042,0.16022185182021256,1.3292505741119385,1.2908486127853394,1.2792892456054688
4096,79,vae_isometric,-0.15701553225517273,0.26602911949157715,-42.304466247558594,56.80323576927185,50.415831884166145,0.018637122586369514,,,
16384,0,pixel_naive,-14.690443992614746,5.660222284094556e-15,-1469.04443359375,8028.789159357548,3944.836322088365,0.2097770720720291,,,
16384,0,pixel_cf,-14.690443992614746,5.660222284094556e-15,-1469.04443359375,8028.789159357548,3944.836322088365,0.2097770720720291,,,
16384,0,vae_latent,0.23124024271965027,0.2331363558769226,-0.18961083889007568,2.3543020440265536,0.4219221627950137,0.00443780434634413,1.0304545164108276,0.7286412119865417,0.5949329733848572
16384,0,vae_isometric,0.17490436136722565,0.23235031962394714,-5.744596481323242,30.855960249900818,14.876410670991667,0.009325430728495121,,,
16384,1,pixel_naive,-15.057405471801758,5.051499101682566e-05,-1505.74560546875,8142.583009690046,4057.118010980601,0.2141096591949463,,,
16384,1,pixel_cf,-15.057405471801758,5.051499101682566e-05,-1505.74560546875,8142.583009690046,4057.118010980601,0.2141096591949463,,,
16384,1,vae_latent,0.2324240803718567,0.23421558737754822,-0.17915129661560059,2.470742790494114,0.4847872705732891,0.004886747297116597,1.0618795156478882,0.7503010034561157,0.6126715540885925
16384,1,vae_isometric,0.18245568871498108,0.23337700963020325,-5.092132568359375,31.281739234924316,15.289876059594146,0.00943212490528822,,,
16384,2,pixel_naive,-15.810154914855957,0.0001966664131032303,-1581.03515625,8255.94143140316,4170.535514186366,0.22032074630260468,,,
16384,2,pixel_cf,-15.810154914855957,0.0001966664131032303,-1581.03515625,8255.94143140316,4170.535514186366,0.22032074630260468,,,
16384,2,vae_latent,0.23064205050468445,0.23309564590454102,-0.24535953998565674,2.5865753912366927,0.5557642428606169,0.007909675043276136,1.0936253070831299,0.7727898359298706,0.6299666166305542
16384,2,vae_isometric,0.17054511606693268,0.23231738805770874,-6.177227020263672,31.70897763967514,15.710503511326982,0.009808673523366451,,,
16384,3,pixel_naive,-16.24625587463379,0.0004395532014314085,-1624.66943359375,8369.065307557583,4285.274587270993,0.22528903186321259,,,
16384,3,pixel_cf,-16.24625587463379,0.0004395532014314085,-1624.66943359375,8369.065307557583,4285.274587270993,0.22528903186321259,,,
16384,3,vae_latent,0.23720480501651764,0.2337978333234787,0.3406968116760254,2.6793807484209538,0.6211681891953205,0.001644903636452388,1.1221996545791626,0.7886318564414978,0.6474474668502808
16384,3,vae_isometric,0.17044466733932495,0.23305052518844604,-6.260585784912109,32.13928025960922,16.139897083910082,0.00993026327341795,,,
16384,4,pixel_naive,-16.76373863220215,0.0007782027823850513,-1676.45166015625,8482.093607455492,4401.467345051156,0.2301512062549591,,,
16384,4,pixel_cf,-16.76373863220215,0.0007782027823850513,-1676.45166015625,8482.093607455492,4401.467345051156,0.2301512062549591,,,
16384,4,vae_latent,0.23401176929473877,0.23422913253307343,-0.021736741065979004,2.775909033138305,0.6974298862091864,0.008262117368164009,1.1531713008880615,0.8056582808494568,0.6609235405921936
16384,4,vae_isometric,0.17452502250671387,0.2334325760602951,-5.890754699707031,32.56929460167885,16.57477164965482,0.009959515184164047,,,
16384,5,pixel_naive,-17.418716430664062,0.0012096628779545426,-1741.99267578125,8595.059774577618,4519.14666351887,0.23603515326976776,,,
16384,5,pixel_cf,-17.418716430664062,0.0012096628779545426,-1741.99267578125,8595.059774577618,4519.14666351887,0.23603515326976776,,,
16384,5,vae_latent,0.22983630001544952,0.23387286067008972,-0.40365564823150635,2.8793456060811877,0.784887667713658,0.01592752921845852,1.1847138404846191,0.8248757123947144,0.6739514470100403
16384,5,vae_isometric,0.17042255401611328,0.23306815326213837,-6.264560699462891,32.9996662735939,17.01580196613501,0.010227341204881668,,,
16384,6,pixel_naive,-18.07110023498535,0.0017358784098178148,-1807.28369140625,8707.981556415558,4638.327973963608,0.24166610836982727,,,
16384,6,pixel_cf,-18.07110023498535,0.0017358784098178148,-1807.28369140625,8707.981556415558,4638.327973963608,0.24166610836982727,,,
16384,6,vae_latent,0.2296854853630066,0.2336806356906891,-0.3995152711868286,2.9968882091343403,0.8890443661560744,0.017602183232183474,1.2180763483047485,0.8462520837783813,0.6892856955528259
16384,6,vae_isometric,0.16686072945594788,0.23288269340991974,-6.602195739746094,33.430842995643616,17.463446343149243,0.010443772189319134,,,
16384,7,pixel_naive,-18.598270416259766,0.002362953731790185,-1860.0634765625,8820.85443854332,4759.003663624215,0.24665619432926178,,,
16384,7,pixel_cf,-18.598270416259766,0.002362953731790185,-1860.0634765625,8820.85443854332,4759.003663624215,0.24665619432926178,,,
16384,7,vae_latent,0.22949986159801483,0.23429515957832336,-0.4795295000076294,3.1217009122483432,1.0079378043570852,0.027039456384022616,1.2523918151855469,0.8694261312484741,0.7056691646575928
16384,7,vae_isometric,0.16904953122138977,0.23347382247447968,-6.4424285888671875,33.86182224750519,17.916676906690256,0.010576548986136913,,,
16384,8,pixel_naive,-19.30475425720215,0.0030769151635468006,-1930.783203125,8933.681796908379,4881.175518919867,0.25249263644218445,,,
16384,8,pixel_cf,-19.30475425720215,0.0030769151635468006,-1930.783203125,8933.681796908379,4881.175518919867,0.25249263644218445,,,
16384,8,vae_latent,0.22740115225315094,0.23397977650165558,-0.6578623056411743,3.245268759317696,1.1399351565244802,0.04523975404215297,1.2867300510406494,0.8941183090209961,0.7210902571678162
16384,8,vae_isometric,0.161958709359169,0.2332037091255188,-7.124500274658203,34.29253017902374,18.375402010601697,0.01115268561989069,,,
16384,9,pixel_naive,-19.950899124145508,0.003891587257385254,-1995.47900390625,9046.448100566864,5004.824516384649,0.2580685615539551,,,
16384,9,pixel_cf,-19.950899124145508,0.003891587257385254,-1995.47900390625,9046.448100566864,5004.824516384649,0.2580685615539551,,,
16384,9,vae_latent,0.22613510489463806,0.23409034311771393,-0.7955235242843628,3.3799777636304498,1.2902127239792858,0.06987323484468846,1.3214925527572632,0.9203202724456787,0.7386845946311951
16384,9,vae_isometric,0.16279511153697968,0.23328539729118347,-7.049028396606445,34.72350227832794,18.840215532184992,0.011082971468567848,,,
16384,10,pixel_naive,-21.026409149169922,0.004756823647767305,-2103.11669921875,9159.18619555235,5129.985116136101,0.2653178572654724,,,
16384,10,pixel_cf,-21.026409149169922,0.004756823647767305,-2103.11669921875,9159.18619555235,5129.985116136101,0.2653178572654724,,,
16384,10,vae_latent,0.22019915282726288,0.23208504915237427,-1.188589096069336,3.4717125156894326,1.3480987913010085,0.1650384091828557,1.353869080543518,0.9479597806930542,0.758132815361023
16384,10,vae_isometric,0.16127946972846985,0.23126313090324402,-6.99836540222168,35.15408307313919,19.310380031289956,0.011263208463788033,,,
16384,11,pixel_naive,-21.31401824951172,0.005805430468171835,-2131.982421875,9271.810836732388,5256.560946429331,0.26930004358291626,,,
16384,11,pixel_cf,-21.31401824951172,0.005805430468171835,-2131.982421875,9271.810836732388,5256.560946429331,0.26930004358291626,,,
16384,11,vae_latent,0.22029246389865875,0.2341732680797577,-1.3880802392959595,3.5645279278978705,1.4064788832066601,0.009245466308366567,1.3829090595245361,0.9770302772521973,0.7791286706924438
16384,11,vae_isometric,0.1453269124031067,0.2334377020597458,-8.811079025268555,35.586497128009796,19.788372713046623,0.012170813977718353,,,
16384,12,pixel_naive,-22.107980728149414,0.006886914372444153,-2211.48681640625,9384.313709974289,5384.5355377704345,0.2754693627357483,,,
16384,12,pixel_cf,-22.107980728149414,0.006886914372444153,-2211.48681640625,9384.313709974289,5384.5355377704345,0.2754693627357483,,,
16384,12,vae_latent,0.2196650505065918,0.23398864269256592,-1.4323598146438599,3.6682601901702583,1.4755045755312686,0.010593041675471999,1.408813238143921,1.0073728561401367,0.8012982606887817
16384,12,vae_isometric,0.14467212557792664,0.23324674367904663,-8.857461929321289,36.02018743753433,20.273642588134305,0.012230776250362396,,,
16384,13,pixel_naive,-22.792062759399414,0.008083673194050789,-2280.0146484375,9496.663676559925,5513.868476930462,0.28093522787094116,,,
16384,13,pixel_cf,-22.792062759399414,0.008083673194050789,-2280.0146484375,9496.663676559925,5513.868476930462,0.28093522787094116,,,
16384,13,vae_latent,0.21981370449066162,0.23431025445461273,-1.4496551752090454,3.781796370167285,1.5568915945472628,0.009420690771919602,1.4319777488708496,1.039305329322815,0.8249981999397278
16384,13,vae_isometric,0.16332241892814636,0.23346193134784698,-7.013952255249023,36.451862156391144,20.76249178266671,0.011597670614719391,,,
16384,14,pixel_naive,-23.78518295288086,0.009323617443442345,-2379.45068359375,9608.85120010376,5644.543557350239,0.28764376044273376,,,
16384,14,pixel_cf,-23.78518295288086,0.009323617443442345,-2379.45068359375,9608.85120010376,5644.543557350239,0.28764376044273376,,,
16384,14,vae_latent,0.22406449913978577,0.23309773206710815,-0.903322696685791,3.9021473857574165,1.6513663893292594,0.019766573297672025,1.4512609243392944,1.0726960897445679,0.850226104259491
16384,14,vae_isometric,0.14093181490898132,0.2323383092880249,-9.140649795532227,36.88431638479233,21.258056354835265,0.012611719779670238,,,
16384,15,pixel_naive,-24.377811431884766,0.010737890377640724,-2438.85498046875,9720.814821720123,5776.482256757693,0.29276278614997864,,,
16384,15,pixel_cf,-24.377811431884766,0.010737890377640724,-2438.85498046875,9720.814821720123,5776.482256757693,0.29276278614997864,,,
16384,15,vae_latent,0.22332540154457092,0.23398378491401672,-1.0658376216888428,4.031854617875069,1.7599694020857681,0.022191830995588493,1.4670302867889404,1.106798768043518,0.875720202922821
16384,15,vae_isometric,0.15075930953025818,0.2331770956516266,-8.241779327392578,37.31556195020676,21.758047261164645,0.012446079403162003,,,
16384,16,pixel_naive,-25.397613525390625,0.012141785584390163,-2540.9755859375,9832.548663854599,5909.667095338348,0.29933157563209534,,,
16384,16,pixel_cf,-25.397613525390625,0.012141785584390163,-2540.9755859375,9832.548663854599,5909.667095338348,0.29933157563209534,,,
16384,16,vae_latent,0.21612724661827087,0.2330479621887207,-1.6920714378356934,4.170321956742555,1.8854828163751784,0.02028088193582414,1.4808106422424316,1.141965389251709,0.9027141332626343
16384,16,vae_isometric,0.14704430103302002,0.2322579026222229,-8.521360397338867,37.74596470594406,22.262852211250273,0.012575950473546982,,,
16384,17,pixel_naive,-26.057872772216797,0.013742160983383656,-2607.16162109375,9943.992798566818,6044.017456604766,0.30443504452705383,,,
16384,17,pixel_cf,-26.057872772216797,0.013742160983383656,-2607.16162109375,9943.992798566818,6044.017456604766,0.30443504452705383,,,
16384,17,vae_latent,0.2199893593788147,0.2337636947631836,-1.377434253692627,4.317441290710121,2.0307278443723438,0.02910012146705614,1.492074728012085,1.1780366897583008,0.9314063787460327
16384,17,vae_isometric,0.14276334643363953,0.2329866886138916,-9.022335052490234,38.175455033779144,22.772349338214386,0.013058214448392391,,,
16384,18,pixel_naive,-26.862287521362305,0.015398869290947914,-2687.7685546875,10055.099741995335,6179.4636736357525,0.3101424276828766,,,
16384,18,pixel_cf,-26.862287521362305,0.015398869290947914,-2687.7685546875,10055.099741995335,6179.4636736357525,0.3101424276828766,,,
16384,18,vae_latent,0.21897080540657043,0.2339482605457306,-1.4977447986602783,4.478319968096912,2.1984625454801696,0.0380236539416667,1.501329779624939,1.2150630950927734,0.9609779715538025
16384,18,vae_isometric,0.1399901956319809,0.23317372798919678,-9.318353652954102,38.60424447059631,23.2867620300416,0.013204261660575867,,,
16384,19,pixel_naive,-27.756521224975586,0.01711694523692131,-2777.36376953125,10165.827385187149,6315.9394955728585,0.3162502348423004,,,
16384,19,pixel_cf,-27.756521224975586,0.01711694523692131,-2777.36376953125,10165.827385187149,6315.9394955728585,0.3162502348423004,,,
16384,19,vae_latent,0.21708936989307404,0.23391324281692505,-1.682387351989746,4.63717675069347,2.376285871292943,0.072270435126577,1.508172631263733,1.2510663270950317,0.9901970028877258
16384,19,vae_isometric,0.13262939453125,0.23315873742103577,-10.052934646606445,39.03267830610275,23.80647875105222,0.013593615032732487,,,
16384,20,pixel_naive,-28.59195327758789,0.018955055624246597,-2861.0908203125,10276.129251301289,6453.371612644711,0.3217852711677551,,,
16384,20,pixel_cf,-28.59195327758789,0.018955055624246597,-2861.0908203125,10276.129251301289,6453.371612644711,0.3217852711677551,,,
16384,20,vae_latent,0.20751705765724182,0.23419751226902008,-2.668045997619629,4.745870076585561,2.451867252666175,0.016176626165245078,1.5134408473968506,1.2828822135925293,1.0207393169403076
16384,20,vae_isometric,0.13857129216194153,0.23339471220970154,-9.482341766357422,39.459408819675446,24.329824940062228,0.013567616231739521,,,
16384,21,pixel_naive,-29.656206130981445,0.020790940150618553,-2967.69970703125,10385.972148656845,6591.700796216266,0.3281457722187042,,,
16384,21,pixel_cf,-29.656206130981445,0.020790940150618553,-2967.69970703125,10385.972148656845,6591.700796216266,0.3281457722187042,,,
16384,21,vae_latent,0.22164882719516754,0.23356714844703674,-1.1918325424194336,4.8656430300325155,2.5420094172993277,0.032590408458063394,1.5158774852752686,1.3062623739242554,1.053521752357483
16384,21,vae_isometric,0.12243769317865372,0.23281048238277435,-11.03727912902832,39.88572323322296,24.85835715543103,0.014218217693269253,,,
16384,22,pixel_naive,-30.616893768310547,0.022764964029192924,-3063.9658203125,10495.304525732994,6730.843594672126,0.33397939801216125,,,
16384,22,pixel_cf,-30.616893768310547,0.022764964029192924,-3063.9658203125,10495.304525732994,6730.843594672126,0.33397939801216125,,,
16384,22,vae_latent,0.20863887667655945,0.23337551951408386,-2.473663806915283,4.986649870639667,2.6426882404168666,0.021243449110462984,1.517012357711792,1.3260865211486816,1.0877538919448853
16384,22,vae_isometric,0.11621348559856415,0.2326725274324417,-11.645904541015625,40.31155389547348,25.391963957653036,0.014562933705747128,,,
16384,23,pixel_naive,-31.647192001342773,0.024794869124889374,-3167.19873046875,10604.076323151588,6870.715439589443,0.34002840518951416,,,
16384,23,pixel_cf,-31.647192001342773,0.024794869124889374,-3167.19873046875,10604.076323151588,6870.715439589443,0.34002840518951416,,,
16384,23,vae_latent,0.20782339572906494,0.23304247856140137,-2.5219082832336426,5.117488754214719,2.7605730044148187,0.02161680047494015,1.5169237852096558,1.342848777770996,1.1242462396621704
16384,23,vae_isometric,0.11730102449655533,0.23232167959213257,-11.502065658569336,40.73595017194748,25.929421272883456,0.014691862277686596,,,
16384,24,pixel_naive,-32.7115478515625,0.02689105086028576,-3273.84375,10712.234528064728,7011.2255112752355,0.34612926840782166,,,
16384,24,pixel_cf,-32.7115478515625,0.02689105086028576,-3273.84375,10712.234528064728,7011.2255112752355,0.34612926840782166,,,
16384,24,vae_latent,0.21106034517288208,0.23269590735435486,-2.1635560989379883,5.266178184421733,2.9000076096906287,0.037922412085243766,1.5144803524017334,1.355526089668274,1.1617894172668457
16384,24,vae_isometric,0.1082674041390419,0.2319662868976593,-12.369888305664062,41.159077525138855,26.470867184601232,0.015147188678383827,,,
16384,25,pixel_naive,-33.497352600097656,0.029208580031991005,-3352.65625,10819.708627998829,7152.256693845615,0.35105007886886597,,,
16384,25,pixel_cf,-33.497352600097656,0.029208580031991005,-3352.65625,10819.708627998829,7152.256693845615,0.35105007886886597,,,
16384,25,vae_latent,0.21107734739780426,0.23369508981704712,-2.2617743015289307,5.417971779126674,3.053771778587665,0.056756551523033154,1.5104483366012573,1.3640196323394775,1.1991779804229736
16384,25,vae_isometric,0.11627952009439468,0.2329518049955368,-11.667228698730469,41.57995283603668,27.01497488732121,0.014920559711754322,,,
16384,26,pixel_naive,-34.71854782104492,0.0313912071287632,-3474.994140625,10926.455440402031,7293.724959038739,0.3573973476886749,,,
16384,26,pixel_cf,-34.71854782104492,0.0313912071287632,-3474.994140625,10926.455440402031,7293.724959038739,0.3573973476886749,,,
16384,26,vae_latent,0.21124908328056335,0.23285627365112305,-2.1607184410095215,5.537464543711394,3.146373350212102,0.11803984375944593,1.5038458108901978,1.3678053617477417,1.2345081567764282
16384,26,vae_isometric,0.12731832265853882,0.2320360541343689,-10.471773147583008,41.99722504615784,27.559887631573083,0.014537124894559383,,,
16384,27,pixel_naive,-35.372798919677734,0.03397999703884125,-3540.67822265625,11032.392476916313,7435.491377169497,0.3616997003555298,,,
16384,27,pixel_cf,-35.372798919677734,0.03397999703884125,-3540.67822265625,11032.392476916313,7435.491377169497,0.3616997003555298,,,
16384,27,vae_latent,0.2121582329273224,0.234603613615036,-2.244537830352783,5.635563023621216,3.196077067643288,0.030911949359183483,1.4950294494628906,1.3666437864303589,1.2664576768875122
16384,27,vae_isometric,0.10807760059833527,0.23384788632392883,-12.577028274536133,42.41201078891754,28.106952129757744,0.015562356449663639,,,
16384,28,pixel_naive,-36.7232666015625,0.03622100502252579,-3675.94873046875,11137.487932801247,7577.481266864386,0.3680875301361084,,,
16384,28,pixel_cf,-36.7232666015625,0.03622100502252579,-3675.94873046875,11137.487932801247,7577.481266864386,0.3680875301361084,,,
16384,28,vae_latent,0.19729241728782654,0.23348206281661987,-3.618964195251465,5.744709580438212,3.2560209568885954,0.01486043537385472,1.4857895374298096,1.3638334274291992,1.2952600717544556
16384,28,vae_isometric,0.10965386033058167,0.23273411393165588,-12.308025360107422,42.823794424533844,28.65537064471341,0.015507942996919155,,,
16384,29,pixel_naive,-37.777687072753906,0.0387459322810173,-3781.6435546875,11241.678157627583,7719.57595198528,0.3734670877456665,,,
16384,29,pixel_cf,-37.777687072753906,0.0387459322810173,-3781.6435546875,11241.678157627583,7719.57595198528,0.3734670877456665,,,
16384,29,vae_latent,0.2061573714017868,0.23358824849128723,-2.7430875301361084,5.8622077165637165,3.325183468759332,0.022226622178429377,1.4754164218902588,1.359236717224121,1.3198492527008057
16384,29,vae_isometric,0.08318603038787842,0.23294532299041748,-14.975929260253906,43.23393380641937,29.20687141975241,0.01651472970843315,,,
16384,30,pixel_naive,-38.88103485107422,0.04130338132381439,-3892.23388671875,11344.905292212963,7861.661531093061,0.3787909746170044,,,
16384,30,pixel_cf,-38.88103485107422,0.04130338132381439,-3892.23388671875,11344.905292212963,7861.661531093061,0.3787909746170044,,,
16384,30,vae_latent,0.20207399129867554,0.2336660474538803,-3.159205913543701,5.996943147387356,3.411091535036748,0.0203681412335453,1.4647504091262817,1.3519580364227295,1.3408693075180054
16384,30,vae_isometric,0.09127803146839142,0.2329847812652588,-14.170675277709961,43.64109617471695,29.759565055549306,0.016400447115302086,,,
16384,31,pixel_naive,-40.15357208251953,0.04381430894136429,-4019.73876953125,11447.119090497494,8003.632057389211,0.38451769948005676,,,
16384,31,pixel_cf,-40.15357208251953,0.04381430894136429,-4019.73876953125,11447.119090497494,8003.632057389211,0.38451769948005676,,,
16384,31,vae_latent,0.19944024085998535,0.23308086395263672,-3.3640618324279785,6.145750146359205,3.5128049690747316,0.016441689876033116,1.4541295766830444,1.358450174331665,1.3432859182357788
16384,31,vae_isometric,0.084845632314682,0.2324323058128357,-14.7586669921875,44.045094072818756,30.31308238905515,0.01668902486562729,,,
16384,32,pixel_naive,-41.254478454589844,0.046497512608766556,-4130.09765625,11548.26435571909,8145.371915173644,0.3894594609737396,,,
16384,32,pixel_cf,-41.254478454589844,0.046497512608766556,-4130.09765625,11548.26435571909,8145.371915173644,0.3894594609737396,,,
16384,32,vae_latent,0.2038152813911438,0.2334706038236618,-2.9655330181121826,6.309786759084091,3.636223135721586,0.023902310206761573,1.4435546398162842,1.3717174530029297,1.332229733467102
16384,32,vae_isometric,0.07473647594451904,0.23283612728118896,-15.809965133666992,44.4461145401001,30.86755988122512,0.017055148258805275,,,
16384,33,pixel_naive,-42.32130813598633,0.04932362958788872,-4237.0634765625,11648.277875304222,8286.752591116208,0.3941599428653717,,,
16384,33,pixel_cf,-42.32130813598633,0.04932362958788872,-4237.0634765625,11648.277875304222,8286.752591116208,0.3941599428653717,,,
16384,33,vae_latent,0.1959732174873352,0.23386377096176147,-3.789055824279785,6.499937275890261,3.7890063395335076,0.017433562141519088,1.4328570365905762,1.3818583488464355,1.3213285207748413
16384,33,vae_isometric,0.08024398982524872,0.2332141101360321,-15.297012329101562,44.84319323301315,31.421539023204,0.01703549548983574,,,
16384,34,pixel_naive,-43.46619415283203,0.05213120952248573,-4351.83251953125,11747.103702366352,8427.65304900783,0.3990004360675812,,,
16384,34,pixel_cf,-43.46619415283203,0.05213120952248573,-4351.83251953125,11747.103702366352,8427.65304900783,0.3990004360675812,,,
16384,34,vae_latent,0.20299100875854492,0.23413372039794922,-3.1142711639404297,6.710714327637106,3.9751216386675408,0.026115700208067954,1.421837329864502,1.387900471687317,1.3091695308685303
16384,34,vae_isometric,0.0655377060174942,0.23352770507335663,-16.798999786376953,45.23671197891235,31.975411834293404,0.017547955736517906,,,
16384,35,pixel_naive,-44.885746002197266,0.05475979670882225,-4494.05078125,11844.701555550098,8567.97224297352,0.40431639552116394,,,
16384,35,pixel_cf,-44.885746002197266,0.05475979670882225,-4494.05078125,11844.701555550098,8567.97224297352,0.40431639552116394,,,
16384,35,vae_latent,0.2004457414150238,0.2333255410194397,-3.287980079650879,6.933646585792303,4.195920014695854,0.02713234123252519,1.4100221395492554,1.391796350479126,1.2957379817962646
16384,35,vae_isometric,0.05381402373313904,0.23276585340499878,-17.895183563232422,45.62666183710098,32.529032819882815,0.017954165115952492,,,
16384,36,pixel_naive,-45.6541862487793,0.05802260339260101,-4571.220703125,11941.001885712147,8707.565171749739,0.4078180193901062,,,
16384,36,pixel_cf,-45.6541862487793,0.05802260339260101,-4571.220703125,11941.001885712147,8707.565171749739,0.4078180193901062,,,
16384,36,vae_latent,0.201188325881958,0.23537230491638184,-3.418398380279541,7.16558751789853,4.456034358242825,0.03399123526681353,1.3979383707046509,1.3929113149642944,1.2809627056121826
16384,36,vae_isometric,0.0693444311618805,0.23477262258529663,-16.54281997680664,46.01170891523361,33.08035230870699,0.017672814428806305,,,
16384,37,pixel_naive,-47.14790725708008,0.060675911605358124,-4720.8583984375,12035.970710277557,8846.336679128988,0.41288766264915466,,,
16384,37,pixel_cf,-47.14790725708008,0.060675911605358124,-4720.8583984375,12035.970710277557,8846.336679128988,0.41288766264915466,,,
16384,37,vae_latent,0.19826728105545044,0.23447130620479584,-3.6204030513763428,7.415512469597161,4.767762015831655,0.036001829946702014,1.3922104835510254,1.3859549760818481,1.2652426958084106
16384,37,vae_isometric,0.06936758756637573,0.233885258436203,-16.451766967773438,46.391471326351166,33.62863844563596,0.017677806317806244,,,
16384,38,pixel_naive,-48.76960372924805,0.06324824690818787,-4883.28515625,12129.574459135532,8984.19136036302,0.4181307554244995,,,
16384,38,pixel_cf,-48.76960372924805,0.06324824690818787,-4883.28515625,12129.574459135532,8984.19136036302,0.4181307554244995,,,
16384,38,vae_latent,0.1911710798740387,0.2331341803073883,-4.196310520172119,7.68860581330955,5.131904758568721,0.05985818954787352,1.3890737295150757,1.3740438222885132,1.249131202697754
16384,38,vae_isometric,0.043846145272254944,0.2325819730758667,-18.87358283996582,46.76673984527588,34.17486160601862,0.018421627581119537,,,
16384,39,pixel_naive,-50.22563552856445,0.06600727885961533,-5029.1640625,12221.773738145828,9121.024117140227,0.4226039946079254,,,
16384,39,pixel_cf,-50.22563552856445,0.06600727885961533,-5029.1640625,12221.773738145828,9121.024117140227,0.4226039946079254,,,
16384,39,vae_latent,0.18679991364479065,0.2325359284877777,-4.573600769042969,7.892519348300993,5.387792985042629,0.1429326438439814,1.3844265937805176,1.3610783815383911,1.2336801290512085
16384,39,vae_isometric,0.04964016377925873,0.23196956515312195,-18.232940673828125,47.136648416519165,34.7175952275372,0.018341071903705597,,,
16384,40,pixel_naive,-51.25959014892578,0.0692163035273552,-5132.880859375,12312.515543401241,9256.707890617923,0.42606616020202637,,,
16384,40,pixel_cf,-51.25959014892578,0.0692163035273552,-5132.880859375,12312.515543401241,9256.707890617923,0.42606616020202637,,,
16384,40,vae_latent,0.18785370886325836,0.23386594653129578,-4.601224422454834,8.118944437941536,5.690260487981362,0.14762479338061152,1.37755286693573,1.3477563858032227,1.2429064512252808
16384,40,vae_isometric,0.04150819778442383,0.23329012095928192,-19.178192138671875,47.50127071142197,35.25675239980714,0.018632881343364716,,,
16384,41,pixel_naive,-52.898685455322266,0.07187973707914352,-5297.056640625,12401.769034862518,9391.14833389017,0.4304598569869995,,,
16384,41,pixel_cf,-52.898685455322266,0.07187973707914352,-5297.056640625,12401.769034862518,9391.14833389017,0.4304598569869995,,,
16384,41,vae_latent,0.17836447060108185,0.23255513608455658,-5.419066429138184,8.28728800243698,5.897660928489966,0.16774351576416607,1.369568943977356,1.3346264362335205,1.2661314010620117
16384,41,vae_isometric,0.03245203197002411,0.2320321798324585,-19.95801544189453,47.86046302318573,35.791940332643975,0.018932323902845383,,,
16384,42,pixel_naive,-54.07783889770508,0.0750192254781723,-5415.2861328125,12489.492072284222,9524.232614309967,0.4337851107120514,,,
16384,42,pixel_cf,-54.07783889770508,0.0750192254781723,-5415.2861328125,12489.492072284222,9524.232614309967,0.4337851107120514,,,
16384,42,vae_latent,0.17009174823760986,0.23343542218208313,-6.334367752075195,8.403125760145485,5.995241829896193,0.15402883707740983,1.3595012426376343,1.321398138999939,1.287050485610962
16384,42,vae_isometric,0.027373865246772766,0.23288686573505402,-20.551300048828125,48.214081048965454,36.322760922723894,0.019075805321335793,,,
16384,43,pixel_naive,-55.27961349487305,0.07820940762758255,-5535.7822265625,12575.645101726055,9655.851274225697,0.43688446283340454,,,
16384,43,pixel_cf,-55.27961349487305,0.07820940762758255,-5535.7822265625,12575.645101726055,9655.851274225697,0.43688446283340454,,,
16384,43,vae_latent,0.17477473616600037,0.2341180443763733,-5.93433141708374,8.500458282418549,6.052927442870441,0.03130811444773596,1.3485023975372314,1.3077422380447388,1.305194616317749
16384,43,vae_isometric,0.02525387704372406,0.2335653305053711,-20.831146240234375,48.56188613176346,36.84866440130271,0.019145790487527847,,,
16384,44,pixel_naive,-57.13571548461914,0.08063776046037674,-5721.6357421875,12660.212188780308,9785.93034854437,0.4410408139228821,,,
16384,44,pixel_cf,-57.13571548461914,0.08063776046037674,-5721.6357421875,12660.212188780308,9785.93034854437,0.4410408139228821,,,
16384,44,vae_latent,0.17749176919460297,0.23230049014091492,-5.480872631072998,8.644669492030516,6.184189770744732,0.12777580230422778,1.335356593132019,1.3207941055297852,1.3159624338150024
16384,44,vae_isometric,0.015254497528076172,0.2317495346069336,-21.649503707885742,48.903789699077606,37.36932594934595,0.01940121501684189,,,
16384,45,pixel_naive,-58.23216247558594,0.08400121331214905,-5831.6162109375,12743.154532849789,9914.360666057846,0.4435145854949951,,,
16384,45,pixel_cf,-58.23216247558594,0.08400121331214905,-5831.6162109375,12743.154532849789,9914.360666057846,0.4435145854949951,,,
16384,45,vae_latent,0.1738944798707962,0.23350591957569122,-5.961143970489502,8.799900786019862,6.349288837293438,0.14587510136278042,1.33358633518219,1.3304753303527832,1.3277134895324707
16384,45,vae_isometric,0.021672755479812622,0.23293977975845337,-21.1267032623291,49.23929536342621,37.88379179647186,0.019291460514068604,,,
16384,46,pixel_naive,-59.6511344909668,0.08698076009750366,-5973.8115234375,12824.448284089565,10041.055695940731,0.44632846117019653,,,
16384,46,pixel_cf,-59.6511344909668,0.08698076009750366,-5973.8115234375,12824.448284089565,10041.055695940731,0.44632846117019653,,,
16384,46,vae_latent,0.17440715432167053,0.23351779580116272,-5.911065101623535,8.960842128843069,6.519461461046123,0.036557747423659775,1.344231128692627,1.3422925472259521,1.3417831659317017
16384,46,vae_isometric,0.023464515805244446,0.23294025659561157,-20.947574615478516,49.568053007125854,38.39132812275244,0.019264711067080498,,,
16384,47,pixel_naive,-61.041038513183594,0.09000305831432343,-6113.1044921875,12904.071651816368,10165.93210224954,0.44889914989471436,,,
16384,47,pixel_cf,-61.041038513183594,0.09000305831432343,-6113.1044921875,12904.071651816368,10165.93210224954,0.44889914989471436,,,
16384,47,vae_latent,0.17416124045848846,0.23369482159614563,-5.9533586502075195,9.136301174294204,6.723123937445252,0.04287745693537183,1.3537178039550781,1.3527185916900635,1.3517553806304932
16384,47,vae_isometric,0.013524264097213745,0.23314949870109558,-21.9625244140625,49.89021146297455,38.89195167720303,0.01956367678940296,,,
16384,48,pixel_naive,-62.184364318847656,0.09335753321647644,-6227.7724609375,12982.001648366451,10288.90468396325,0.4507603049278259,,,
16384,48,pixel_cf,-62.184364318847656,0.09335753321647644,-6227.7724609375,12982.001648366451,10288.90468396325,0.4507603049278259,,,
16384,48,vae_latent,0.16807204484939575,0.2348993569612503,-6.682730674743652,9.29479395179078,6.898093921611691,0.08228475276467309,1.3639732599258423,1.3596537113189697,1.3586019277572632
16384,48,vae_isometric,0.0011389553546905518,0.23438112437725067,-23.324216842651367,50.20595979690552,39.38576048558234,0.01982269249856472,,,
16384,49,pixel_naive,-63.577362060546875,0.09641195088624954,-6367.37744140625,13058.22398686409,10409.902500933054,0.4528219401836395,,,
16384,49,pixel_cf,-63.577362060546875,0.09641195088624954,-6367.37744140625,13058.22398686409,10409.902500933054,0.4528219401836395,,,
16384,49,vae_latent,0.16914010047912598,0.2351355105638504,-6.599541664123535,9.394916652701795,6.9782453711267864,0.03223593731370039,1.3724455833435059,1.363749384880066,1.3626105785369873
16384,49,vae_isometric,0.014900803565979004,0.23456396162509918,-21.96631622314453,50.51474940776825,39.87169626405862,0.019510813057422638,,,
16384,50,pixel_naive,-65.18855285644531,0.09912874549627304,-6528.7685546875,13132.732283830643,10528.8677077973,0.45500025153160095,,,
16384,50,pixel_cf,-65.18855285644531,0.09912874549627304,-6528.7685546875,13132.732283830643,10528.8677077973,0.45500025153160095,,,
16384,50,vae_latent,0.17078974843025208,0.23458939790725708,-6.379965782165527,9.506102472543716,7.078976763702301,0.033401970259679364,1.3792482614517212,1.365802526473999,1.364317774772644
16384,50,vae_isometric,0.007657065987586975,0.234038844704628,-22.6381778717041,50.8165979385376,40.34958952433518,0.01966841332614422,,,
16384,51,pixel_naive,-66.89837646484375,0.10169684886932373,-6700.0078125,13205.523529291153,10645.74872124581,0.4571002125740051,,,
16384,51,pixel_cf,-66.89837646484375,0.10169684886932373,-6700.0078125,13205.523529291153,10645.74872124581,0.4571002125740051,,,
16384,51,vae_latent,0.15890565514564514,0.23368382453918457,-7.477817535400391,9.633887855801731,7.2075648133408485,0.02870704711635527,1.3846275806427002,1.3661439418792725,1.363924503326416
16384,51,vae_isometric,-0.016679704189300537,0.23318475484848022,-24.986446380615234,51.11196571588516,40.819977649970326,0.020100988447666168,,,
16384,52,pixel_naive,-68.57027435302734,0.10421320796012878,-6867.4482421875,13276.59750264883,10760.499206118908,0.4588994085788727,,,
16384,52,pixel_cf,-68.57027435302734,0.10421320796012878,-6867.4482421875,13276.59750264883,10760.499206118908,0.4588994085788727,,,
16384,52,vae_latent,0.18714120984077454,0.2331986129283905,-4.605739593505859,9.777186282910407,7.368191079327021,0.053291319056181646,1.3877952098846436,1.3633480072021484,1.360777497291565
16384,52,vae_isometric,-0.026935607194900513,0.23263883590698242,-25.95744514465332,51.40086042881012,41.28269409932245,0.02027183026075363,,,
16384,53,pixel_naive,-69.504150390625,0.10795542597770691,-6961.21044921875,13345.939843058586,10873.051150399002,0.45924094319343567,,,
16384,53,pixel_cf,-69.504150390625,0.10795542597770691,-6961.21044921875,13345.939843058586,10873.051150399002,0.45924094319343567,,,
16384,53,vae_latent,0.1685287356376648,0.23509721457958221,-6.656847953796387,9.916804775130004,7.51339739974876,0.047462644151680396,1.387865662574768,1.3584139347076416,1.357604742050171
16384,53,vae_isometric,-0.01980072259902954,0.23456653952598572,-25.436725616455078,51.682996571063995,41.73710054310317,0.02013370767235756,,,
16384,54,pixel_naive,-71.54388427734375,0.10982882976531982,-7165.37109375,13413.56342637539,10983.38146383479,0.4610918462276459,,,
16384,54,pixel_cf,-71.54388427734375,0.10982882976531982,-7165.37109375,13413.56342637539,10983.38146383479,0.4610918462276459,,,
16384,54,vae_latent,0.16891808807849884,0.2332739233970642,-6.435583591461182,10.112008046358824,7.76242968073356,0.12521600107211212,1.3870445489883423,1.352089762687683,1.350881576538086
16384,54,vae_isometric,-0.023574098944664,0.23273839056491852,-25.631250381469727,51.95829105377197,42.18288399185624,0.020140644162893295,,,
16384,55,pixel_naive,-72.98413848876953,0.112727589905262,-7309.6865234375,13479.46965008974,11091.449834743911,0.46168461441993713,,,
16384,55,pixel_cf,-72.98413848876953,0.112727589905262,-7309.6865234375,13479.46965008974,11091.449834743911,0.46168461441993713,,,
16384,55,vae_latent,0.16201883554458618,0.23341363668441772,-7.1394805908203125,10.278934312285855,7.95455902254748,0.17481176575736423,1.3847200870513916,1.3439671993255615,1.3417978286743164
16384,55,vae_isometric,-0.04010668396949768,0.23291033506393433,-27.30170249938965,52.22696375846863,42.620228308135715,0.020374324172735214,,,
16384,56,pixel_naive,-74.56735229492188,0.11531805992126465,-7468.267578125,13543.665172815323,11197.225714896475,0.4623187184333801,,,
16384,56,pixel_cf,-74.56735229492188,0.11531805992126465,-7468.267578125,13543.665172815323,11197.225714896475,0.4623187184333801,,,
16384,56,vae_latent,0.14472739398479462,0.2330816090106964,-8.835421562194824,10.414981354959309,8.094974701718366,0.03450926703204736,1.3813807964324951,1.3355066776275635,1.3326029777526855
16384,56,vae_isometric,-0.03773309290409088,0.2326175719499588,-27.03506851196289,52.488834857940674,43.04867217020347,0.0202875267714262,,,
16384,57,pixel_naive,-75.7528076171875,0.11848242580890656,-7587.12939453125,13606.154287457466,11300.675852372413,0.46214693784713745,,,
16384,57,pixel_cf,-75.7528076171875,0.11848242580890656,-7587.12939453125,13606.154287457466,11300.675852372413,0.46214693784713745,,,
16384,57,vae_latent,0.15734469890594482,0.23435409367084503,-7.700940132141113,10.568358533782884,8.269134967659438,0.04554529460083246,1.3771228790283203,1.325539231300354,1.3228387832641602
16384,57,vae_isometric,-0.03313681483268738,0.23385700583457947,-26.699382781982422,52.74377906322479,43.46784275914705,0.020158329978585243,,,
16384,58,pixel_naive,-77.11174011230469,0.12145174294710159,-7723.3193359375,13666.946036577225,11401.776212687517,0.46191415190696716,,,
16384,58,pixel_cf,-77.11174011230469,0.12145174294710159,-7723.3193359375,13666.946036577225,11401.776212687517,0.46191415190696716,,,
16384,58,vae_latent,0.16348868608474731,0.23474609851837158,-7.125741958618164,10.738270987058058,8.476257195647204,0.0670450392961525,1.3712270259857178,1.314245343208313,1.3120006322860718
16384,58,vae_isometric,-0.057187676429748535,0.23427453637123108,-29.146221160888672,52.992173969745636,43.87820028504295,0.020468344911932945,,,
16384,59,pixel_naive,-79.08573913574219,0.12314622104167938,-7920.888671875,13726.062107980251,11500.525090913648,0.4623461663722992,,,
16384,59,pixel_cf,-79.08573913574219,0.12314622104167938,-7920.888671875,13726.062107980251,11500.525090913648,0.4623461663722992,,,
16384,59,vae_latent,0.13917112350463867,0.23320165276527405,-9.403054237365723,10.848564393352717,8.568876590676416,0.1391650383262163,1.3649322986602783,1.3031420707702637,1.3023877143859863
16384,59,vae_isometric,-0.06465066969394684,0.232767716050148,-29.741840362548828,53.234048426151276,44.27963830996681,0.020483316853642464,,,
16384,60,pixel_naive,-80.4257583618164,0.12598749995231628,-8055.1748046875,13783.515780866146,11596.908431076454,0.46163949370384216,,,
16384,60,pixel_cf,-80.4257583618164,0.12598749995231628,-8055.1748046875,13783.515780866146,11596.908431076454,0.46163949370384216,,,
16384,60,vae_latent,0.16684213280677795,0.2338053584098816,-6.696323394775391,10.968285078648478,8.67556301870384,0.15805177214770405,1.357627511024475,1.3194646835327148,1.2899677753448486
16384,60,vae_isometric,-0.08498971164226532,0.23337139189243317,-31.836111068725586,53.46963518857956,44.67239796835122,0.0206924919039011,,,
16384,61,pixel_naive,-81.85204315185547,0.12871253490447998,-8198.076171875,13839.323500573635,11690.918926562317,0.4607833921909332,,,
16384,61,pixel_cf,-81.85204315185547,0.12871253490447998,-8198.076171875,13839.323500573635,11690.918926562317,0.4607833921909332,,,
16384,61,vae_latent,0.140840083360672,0.23384959995746613,-9.300952911376953,11.090829759370536,8.79199334840256,0.03354942106939813,1.3499107360839844,1.3318288326263428,1.2773354053497314
16384,61,vae_isometric,-0.07033559679985046,0.23344331979751587,-30.377891540527344,53.69863706827164,45.05584277873321,0.02036883309483528,,,
16384,62,pixel_naive,-83.342529296875,0.13120561838150024,-8347.373046875,13893.505321085453,11782.556756961318,0.4598291516304016,,,
16384,62,pixel_cf,-83.342529296875,0.13120561838150024,-8347.373046875,13893.505321085453,11782.556756961318,0.4598291516304016,,,
16384,62,vae_latent,0.14564760029315948,0.23379763960838318,-8.815004348754883,11.232043859083205,8.93848673015312,0.03593099765421321,1.3412996530532837,1.3403083086013794,1.2769454717636108
16384,62,vae_isometric,-0.09749667346477509,0.2334381490945816,-33.093482971191406,53.9214084148407,45.430426475256866,0.020655132830142975,,,
16384,63,pixel_naive,-84.97270202636719,0.13323447108268738,-8510.59375,13946.085892438889,11871.831355585842,0.4588545858860016,,,
16384,63,pixel_cf,-84.97270965576172,0.13323447108268738,-8510.5947265625,13946.085892438889,11871.831355585842,0.4588545858860016,,,
16384,63,vae_latent,0.134026899933815,0.23352831602096558,-9.950141906738281,11.385870803613216,9.112125306828911,0.03987271563266384,1.3462142944335938,1.3326044082641602,1.2773609161376953
16384,63,vae_isometric,-0.11468055844306946,0.23317542672157288,-34.78559875488281,54.138094544410706,45.79626494999571,0.020757514983415604,,,
16384,64,pixel_naive,-86.18855285644531,0.1362045705318451,-8632.4765625,13997.084944605827,11958.745492919876,0.4571026563644409,,,
16384,64,pixel_cf,-86.18855285644531,0.1362045705318451,-8632.4765625,13997.084944605827,11958.745492919876,0.4571026563644409,,,
16384,64,vae_latent,0.1359890103340149,0.2342514842748642,-9.826248168945312,11.548288435442373,9.313179960054406,0.050613412585586035,1.3465070724487305,1.3242034912109375,1.289071798324585
16384,64,vae_isometric,-0.09181356430053711,0.23384025692939758,-32.56538391113281,54.34836304187775,46.152672239147265,0.020323988050222397,,,
16384,65,pixel_naive,-87.99417114257812,0.13781462609767914,-8813.19921875,14046.531671404839,12043.319452964624,0.45584970712661743,,,
16384,65,pixel_cf,-87.99417114257812,0.13781462609767914,-8813.19921875,14046.531671404839,12043.319452964624,0.45584970712661743,,,
16384,65,vae_latent,0.13703639805316925,0.23316776752471924,-9.613137245178223,11.68195792962797,9.479039455124028,0.1846247613016046,1.3437800407409668,1.3152611255645752,1.3013182878494263
16384,65,vae_isometric,-0.0952029675245285,0.23280717432498932,-32.8010139465332,54.55227428674698,46.4996241006323,0.020225679501891136,,,
16384,66,pixel_naive,-88.96058654785156,0.1410411298274994,-8910.1630859375,14094.447957277298,12125.562573838524,0.45349299907684326,,,
16384,66,pixel_cf,-88.96058654785156,0.1410411298274994,-8910.1630859375,14094.447957277298,12125.562573838524,0.45349299907684326,,,
16384,66,vae_latent,0.12967541813850403,0.23486444354057312,-10.518902778625488,11.782623555976897,9.588839377580706,0.17149378803378557,1.338179349899292,1.3249449729919434,1.30979585647583
16384,66,vae_isometric,-0.09642784297466278,0.2344982773065567,-33.092613220214844,54.749920070171356,46.8371551585893,0.02012648619711399,,,
16384,67,pixel_naive,-90.57046508789062,0.14291486144065857,-9071.337890625,14140.86376619339,12205.499522416223,0.45162418484687805,,,
16384,67,pixel_cf,-90.57046508789062,0.14291486144065857,-9071.337890625,14140.86376619339,12205.499522416223,0.45162418484687805,,,
16384,67,vae_latent,0.14796766638755798,0.2344086915254593,-8.644102096557617,11.880744419293478,9.703427181247747,0.04951064689839201,1.3330457210540771,1.328140139579773,1.3128925561904907
16384,67,vae_isometric,-0.11688491702079773,0.23402464389801025,-35.09095764160156,54.94154268503189,47.165566322950795,0.020221371203660965,,,
16384,68,pixel_naive,-92.17630004882812,0.14486050605773926,-9232.1162109375,14185.808925032616,12283.156295997971,0.449496328830719,,,
16384,68,pixel_cf,-92.17630004882812,0.14486050605773926,-9232.1162109375,14185.808925032616,12283.156295997971,0.449496328830719,,,
16384,68,vae_latent,0.1371295303106308,0.233619824051857,-9.649029731750488,11.993028431665152,9.851959420754959,0.1747705827602801,1.3394639492034912,1.3151497840881348,1.3133704662322998
16384,68,vae_isometric,-0.12187141180038452,0.23327907919883728,-35.51504898071289,55.12722611427307,47.4848935767832,0.02010422758758068,,,
16384,69,pixel_naive,-93.7059555053711,0.1466379314661026,-9385.259765625,14229.314715206623,12358.562785185426,0.447174072265625,,,
16384,69,pixel_cf,-93.7059555053711,0.1466379314661026,-9385.259765625,14229.314715206623,12358.562785185426,0.447174072265625,,,
16384,69,vae_latent,0.12885771691799164,0.233458012342453,-10.460029602050781,12.085116015514359,9.968542420468214,0.062078135579727,1.3440556526184082,1.3106231689453125,1.3012150526046753
16384,69,vae_isometric,-0.1248963475227356,0.23312443494796753,-35.80207824707031,55.30705106258392,47.79517273724021,0.019981713965535164,,,
16384,70,pixel_naive,-94.7879638671875,0.149446040391922,-9493.7412109375,14271.408879876137,12431.744234168458,0.4442030191421509,,,
16384,70,pixel_cf,-94.7879638671875,0.149446040391922,-9493.7412109375,14271.408879876137,12431.744234168458,0.4442030191421509,,,
16384,70,vae_latent,0.1353144347667694,0.23445641994476318,-9.91419792175293,12.116770342225209,9.979337063578315,0.19695282216023766,1.3476386070251465,1.3054791688919067,1.2862300872802734
16384,70,vae_isometric,-0.11955609917640686,0.2341155707836151,-35.36716842651367,55.48104852437973,48.09635884651992,0.01977895200252533,,,
16384,71,pixel_naive,-96.26981353759766,0.15120628476142883,-9642.1025390625,14312.124223828316,12502.73598437149,0.441485732793808,,,
16384,71,pixel_cf,-96.26980590820312,0.15120628476142883,-9642.1015625,14312.124223828316,12502.73598437149,0.441485732793808,,,
16384,71,vae_latent,0.13885149359703064,0.23431354761123657,-9.5462064743042,12.183660885319114,10.050374636855985,0.19617425518998963,1.3493216037750244,1.2968502044677734,1.282944679260254
16384,71,vae_isometric,-0.15294666588306427,0.2339894026517868,-38.693607330322266,55.64956647157669,48.38896156760008,0.019963020458817482,,,
16384,72,pixel_naive,-97.87598419189453,0.15270587801933289,-9802.869140625,14351.494273245335,12571.576036580609,0.43868717551231384,,,
16384,72,pixel_cf,-97.87598419189453,0.15270587801933289,-9802.869140625,14351.494273245335,12571.576036580609,0.43868717551231384,,,
16384,72,vae_latent,0.13090303540229797,0.23352733254432678,-10.262430191040039,12.210903964238241,10.061934473085639,0.17920959577817927,1.3497017621994019,1.286771297454834,1.2859349250793457
16384,72,vae_isometric,-0.14310920238494873,0.23321646451950073,-37.632568359375,55.81258273124695,48.67285577026026,0.0196544099599123,,,
16384,73,pixel_naive,-99.1219711303711,0.1548854112625122,-9927.685546875,14389.550480723381,12638.300084704086,0.4354099929332733,,,
16384,73,pixel_cf,-99.1219711303711,0.1548854112625122,-9927.685546875,14389.550480723381,12638.300084704086,0.4354099929332733,,,
16384,73,vae_latent,0.13308867812156677,0.2339215874671936,-10.083291053771973,12.242420489434153,10.075300948693796,0.04134880484158106,1.3489718437194824,1.2842098474502563,1.2825133800506592
16384,73,vae_isometric,-0.13838717341423035,0.23358047008514404,-37.1967658996582,55.97015172243118,48.94805262696897,0.019435470923781395,,,
16384,74,pixel_naive,-100.44551086425781,0.15676084160804749,-10060.2275390625,14426.32570528984,12702.947507634457,0.4320847690105438,,,
16384,74,pixel_cf,-100.44551086425781,0.15676084160804749,-10060.2275390625,14426.32570528984,12702.947507634457,0.4320847690105438,,,
16384,74,vae_latent,0.12902826070785522,0.23403982818126678,-10.501157760620117,12.271909926552325,10.085037472128537,0.038586023236105084,1.3474767208099365,1.3051270246505737,1.2778444290161133
16384,74,vae_isometric,-0.13963894546031952,0.2337096780538559,-37.334861755371094,56.12239497900009,49.21468463940069,0.019253071397542953,,,
16384,75,pixel_naive,-102.07278442382812,0.1579131782054901,-10223.0703125,14461.854806602001,12765.56242716129,0.4288625121116638,,,
16384,75,pixel_cf,-102.07278442382812,0.1579131782054901,-10223.0703125,14461.854806602001,12765.56242716129,0.4288625121116638,,,
16384,75,vae_latent,0.12747715413570404,0.23307785391807556,-10.560070037841797,12.28985134488903,10.077937616475172,0.17428643559002363,1.345008373260498,1.3240478038787842,1.2666254043579102
16384,75,vae_isometric,-0.16133594512939453,0.23279523849487305,-39.41312026977539,56.26955431699753,49.4731004738956,0.019274877384305,,,
16384,76,pixel_naive,-103.23179626464844,0.15994328260421753,-10339.173828125,14496.170017838478,12826.185515146384,0.4251583218574524,,,
16384,76,pixel_cf,-103.23178100585938,0.15994328260421753,-10339.1728515625,14496.170017838478,12826.185515146384,0.4251583218574524,,,
16384,76,vae_latent,0.1377902626991272,0.23371480405330658,-9.592453956604004,12.339842568384483,10.123503909544358,0.13428333408322315,1.3414638042449951,1.3373743295669556,1.2715599536895752
16384,76,vae_isometric,-0.16371701657772064,0.23340149223804474,-39.71185302734375,56.41173154115677,49.72341039939809,0.019087906926870346,,,
16384,77,pixel_naive,-104.53056335449219,0.16166457533836365,-10469.2236328125,14529.304419219494,12884.860053208253,0.42141178250312805,,,
16384,77,pixel_cf,-104.53056335449219,0.16166457533836365,-10469.2236328125,14529.304419219494,12884.860053208253,0.42141178250312805,,,
16384,77,vae_latent,0.11709973216056824,0.23364493250846863,-11.654520034790039,12.392632585717365,10.15622100109432,0.17883694378852297,1.3469538688659668,1.3375775814056396,1.2865971326828003
16384,77,vae_isometric,-0.1852107048034668,0.23337852954864502,-41.858924865722656,56.54914331436157,49.96593064006106,0.01907978020608425,,,
16384,78,pixel_naive,-105.6373291015625,0.16376185417175293,-10580.109375,14561.290273189545,12941.628934125009,0.41740724444389343,,,
16384,78,pixel_cf,-105.6373291015625,0.16376185417175293,-10580.109375,14561.290273189545,12941.628934125009,0.41740724444389343,,,
16384,78,vae_latent,0.12418533861637115,0.2340826839208603,-10.989734649658203,12.45082894153893,10.193579394809154,0.035420728030927925,1.353474736213684,1.332879900932312,1.2990916967391968
16384,78,vae_isometric,-0.1781613677740097,0.23382599651813507,-41.19873809814453,56.68183547258377,50.200681652505864,0.018792903050780296,,,
16384,79,pixel_naive,-106.84576416015625,0.16540834307670593,-10701.1171875,14592.160852134228,12996.537827947242,0.4134235978126526,,,
16384,79,pixel_cf,-106.84577178955078,0.16540834307670593,-10701.1181640625,14592.160852134228,12996.537827947242,0.4134235978126526,,,
16384,79,vae_latent,0.12839969992637634,0.23434701561927795,-10.594732284545898,12.499730616575107,10.20355081104523,0.1771996538453505,1.3573968410491943,1.3276619911193848,1.3089896440505981
16384,79,vae_isometric,-0.17532411217689514,0.23407194018363953,-40.939605712890625,56.80990445613861,50.42777551812819,0.018564492464065552,,,
