epoch,resolution,baseline,seed,train_mse,val_relative_l2,grad_norm,t2_exact,t2_discrete,t2_norm,t2_continuum,high_frequency_energy_ratio,noise_amplitude_summary
1,64,ordinary_noise,66026,0.003592193854274228,10.206993103027344,0.06527224893216044,230.57386201137524,230.57386201137524,0.002345518615838371,0.002345518615838371,0.43174566328525543,"{""sigma"":0.04843055456876755,""sigma2"":0.002345518615838371,""t2"":230.57386201137524}"
2,64,ordinary_noise,66026,0.002488025769707747,9.631922721862793,0.021739936317317188,216.57826737128198,216.57826737128198,0.002203148064893412,0.002203148064893412,0.45419764518737793,"{""sigma"":0.04693770408630371,""sigma2"":0.002203148064893412,""t2"":216.57826737128198}"
3,64,ordinary_noise,66026,0.002231384802144021,9.333169221878052,0.008703109546331689,203.7303524250965,203.7303524250965,0.002072452315522222,0.002072452315522222,0.4581228420138359,"{""sigma"":0.045524194836616516,""sigma2"":0.002072452315522222,""t2"":203.7303524250965}"
4,64,ordinary_noise,66026,0.002070460730465129,8.984119892120361,0.0068848384253215045,191.98736981177126,191.98736981177126,0.001952996519081332,0.001952996519081332,0.4649958238005638,"{""sigma"":0.04419272020459175,""sigma2"":0.001952996519081332,""t2"":191.98736981177126}"
5,64,ordinary_noise,66026,0.0019441640615696087,8.742114305496216,0.007606071332702413,181.25655713484412,181.25655713484412,0.0018438370476770438,0.0018438370476770438,0.4605715870857239,"{""sigma"":0.0429399237036705,""sigma2"":0.0018438370476770438,""t2"":181.25655713484412}"
6,64,ordinary_noise,66026,0.0018443028457113542,8.47107458114624,0.007454075108398683,171.38070949548273,171.38070949548273,0.0017433747303821079,0.0017433747303821079,0.4665753245353699,"{""sigma"":0.04175373911857605,""sigma2"":0.0017433747303821079,""t2"":171.38070949548273}"
7,64,ordinary_noise,66026,0.0017323451465927064,8.2747323513031,0.004979675795766525,162.30741911195219,162.30741911195219,0.0016510764476720396,0.0016510764476720396,0.472131185233593,"{""sigma"":0.040633440017700195,""sigma2"":0.0016510764476720396,""t2"":162.30741911195219}"
8,64,ordinary_noise,66026,0.001643253373913467,8.018142819404602,0.004974150579073466,153.95981519808993,153.95981519808993,0.0015661602294727572,0.0015661602294727572,0.46741873025894165,"{""sigma"":0.03957474231719971,""sigma2"":0.0015661602294727572,""t2"":153.95981519808993}"
9,64,ordinary_noise,66026,0.001555232382088434,7.8459755182266235,0.005157588588190265,146.25965055529377,146.25965055529377,0.0014878301041187925,0.0014878301041187925,0.4657296985387802,"{""sigma"":0.03857240080833435,""sigma2"":0.0014878301041187925,""t2"":146.25965055529377}"
10,64,ordinary_noise,66026,0.0014731604533153586,7.663169741630554,0.004573469457682222,139.14026343843398,139.14026343843398,0.00141540795327183,0.00141540795327183,0.46247293055057526,"{""sigma"":0.03762190788984299,""sigma2"":0.00141540795327183,""t2"":139.14026343843398}"
11,64,ordinary_noise,66026,0.0014131318530417047,7.482588768005371,0.005963496412732638,132.5422214219666,132.5422214219666,0.0013482891990353046,0.0013482891990353046,0.46616027504205704,"{""sigma"":0.03671905770897865,""sigma2"":0.0013482891990353046,""t2"":132.5422214219666}"
12,64,ordinary_noise,66026,0.0013513091325876303,7.294481635093689,0.006609585630940273,126.40122827443838,126.40122827443838,0.0012858197863203774,0.0012858197863203774,0.4671030268073082,"{""sigma"":0.03585832938551903,""sigma2"":0.0012858197863203774,""t2"":126.40122827443838}"
13,64,ordinary_noise,66026,0.001284607671550475,7.118543863296509,0.0038411782879848033,120.6796293075513,120.6796293075513,0.0012276166718297454,0.0012276166718297454,0.460274338722229,"{""sigma"":0.035037361085414886,""sigma2"":0.0012276166718297454,""t2"":120.6796293075513}"
14,64,ordinary_noise,66026,0.0012234787282068282,7.000769376754761,0.005262812512228265,115.35749422435538,115.35749422435538,0.0011734771140986672,0.0011734771140986672,0.4679093733429909,"{""sigma"":0.03425605222582817,""sigma2"":0.0011734771140986672,""t2"":115.35749422435538}"
15,64,ordinary_noise,66026,0.0011730140395229682,6.826447367668152,0.004041825042804703,110.38635622322909,110.38635622322909,0.0011229080833254912,0.0011229080833254912,0.4684719890356064,"{""sigma"":0.03350982069969177,""sigma2"":0.0011229080833254912,""t2"":110.38635622322909}"
16,64,ordinary_noise,66026,0.0011186091069248505,6.671877384185791,0.005014378577470779,105.74179197246985,105.74179197246985,0.0010756611325324489,0.0010756611325324489,0.4613463953137398,"{""sigma"":0.03279727324843407,""sigma2"":0.0010756611325324489,""t2"":105.74179197246985}"
17,64,ordinary_noise,66026,0.0010765423576231115,6.55557918548584,0.003993341044406407,101.37671356787905,101.37671356787905,0.0010312572587878321,0.0010312572587878321,0.45354674756526947,"{""sigma"":0.03211319446563721,""sigma2"":0.0010312572587878321,""t2"":101.37671356787905}"
18,64,ordinary_noise,66026,0.001030860912578646,6.366171956062317,0.004449726417078637,97.289173184015,97.289173184015,0.000989676647786611,0.000989676647786611,0.4601694270968437,"{""sigma"":0.031459126621484756,""sigma2"":0.000989676647786611,""t2"":97.289173184015}"
19,64,ordinary_noise,66026,0.000991778764728224,6.28152871131897,0.00384860196209047,93.43893579968926,93.43893579968926,0.0009505100077279588,0.0009505100077279588,0.4591423571109772,"{""sigma"":0.030830342322587967,""sigma2"":0.0009505100077279588,""t2"":93.43893579968926}"
20,64,ordinary_noise,66026,0.0009498116196482442,6.153107166290283,0.00423142418731004,89.82644328025378,89.82644328025378,0.0009137618334986754,0.0009137618334986754,0.46408966928720474,"{""sigma"":0.030228493735194206,""sigma2"":0.0009137618334986754,""t2"":89.82644328025378}"
1,64,ordinary_noise,66027,0.0134908206819091,13.453155994415283,0.44078737962991,230.57134353482388,230.57134353482388,0.002345492996570067,0.002345492996570067,0.22374675795435905,"{""sigma"":0.04843029007315636,""sigma2"":0.002345492996570067,""t2"":230.57134353482388}"
2,64,ordinary_noise,66027,0.0035272283712401986,11.054404497146606,0.0984866886283271,216.5710480091857,216.5710480091857,0.0022030746257444833,0.0022030746257444833,0.3060820698738098,"{""sigma"":0.046936921775341034,""sigma2"":0.0022030746257444833,""t2"":216.5710480091857}"
3,64,ordinary_noise,66027,0.0025005608185892925,9.439354419708252,0.047118835675064474,203.7452903253361,203.7452903253361,0.002072604271701417,0.002072604271701417,0.4476039484143257,"{""sigma"":0.04552586376667023,""sigma2"":0.002072604271701417,""t2"":203.7452903253361}"
4,64,ordinary_noise,66027,0.0021220650523900986,9.093908309936523,0.0220370392780751,192.05942710527006,192.05942710527006,0.0019537295237759406,0.0019537295237759406,0.44454991817474365,"{""sigma"":0.04420101270079613,""sigma2"":0.0019537295237759406,""t2"":192.05942710527006}"
5,64,ordinary_noise,66027,0.00196892638632562,8.820632934570312,0.014765282394364476,181.34638986082246,181.34638986082246,0.0018447508734214524,0.0018447508734214524,0.45715972781181335,"{""sigma"":0.04295056313276291,""sigma2"":0.0018447508734214524,""t2"":181.34638986082246}"
6,64,ordinary_noise,66027,0.0018420699270791374,8.53045129776001,0.009194077167194337,171.51911804650945,171.51911804650945,0.0017447826949718165,0.0017447826949718165,0.46425897628068924,"{""sigma"":0.04177059605717659,""sigma2"":0.0017447826949718165,""t2"":171.51911804650945}"
7,64,ordinary_noise,66027,0.0017300843246630393,8.292031645774841,0.006202677934197709,162.48978509437256,162.48978509437256,0.001652931570377325,0.001652931570377325,0.46618785709142685,"{""sigma"":0.04065626114606857,""sigma2"":0.001652931570377325,""t2"":162.48978509437256}"
8,64,ordinary_noise,66027,0.0016541217410122044,8.093032836914062,0.0051327834953553975,154.14160733210701,154.14160733210701,0.0015680095146902162,0.0015680095146902162,0.4608525112271309,"{""sigma"":0.03959809988737106,""sigma2"":0.0015680095146902162,""t2"":154.14160733210701}"
9,64,ordinary_noise,66027,0.0015593485659337603,7.839650630950928,0.005558964010560885,146.43522835818067,146.43522835818067,0.001489616173890998,0.001489616173890998,0.4671233519911766,"{""sigma"":0.038595546036958694,""sigma2"":0.001489616173890998,""t2"":146.43522835818067}"
10,64,ordinary_noise,66027,0.0014877752473694272,7.6666470766067505,0.004923102882457897,139.29764758681267,139.29764758681267,0.0014170089476197578,0.0014170089476197578,0.4614178314805031,"{""sigma"":0.037643179297447205,""sigma2"":0.0014170089476197578,""t2"":139.29764758681267}"
11,64,ordinary_noise,66027,0.0014155051103443839,7.5313451290130615,0.004911732728942297,132.68070707093784,132.68070707093784,0.0013496979479058618,0.0013496979479058618,0.4630916491150856,"{""sigma"":0.036738235503435135,""sigma2"":0.0013496979479058618,""t2"":132.68070707093784}"
12,64,ordinary_noise,66027,0.0013468879260472022,7.290439486503601,0.004280986831872724,126.52099158336023,126.52099158336023,0.001287038081699221,0.001287038081699221,0.4664934352040291,"{""sigma"":0.035875312983989716,""sigma2"":0.001287038081699221,""t2"":126.52099158336023}"
13,64,ordinary_noise,66027,0.0012763480262947269,7.1484081745147705,0.004266622316208668,120.81131193554029,120.81131193554029,0.0012289562167921986,0.0012289562167921986,0.46418242156505585,"{""sigma"":0.035056471824645996,""sigma2"":0.0012289562167921986,""t2"":120.81131193554029}"
14,64,ordinary_noise,66027,0.0012253080640221015,6.990840554237366,0.003852324516628869,115.48159705069702,115.48159705069702,0.001174739553331472,0.001174739553331472,0.4633909985423088,"{""sigma"":0.034274473786354065,""sigma2"":0.001174739553331472,""t2"":115.48159705069702}"
15,64,ordinary_noise,66027,0.0011662693650578149,6.849568724632263,0.003600856362027116,110.51340446902168,110.51340446902168,0.0011242004849143644,0.0011242004849143644,0.4606768414378166,"{""sigma"":0.03352909907698631,""sigma2"":0.0011242004849143644,""t2"":110.51340446902168}"
16,64,ordinary_noise,66027,0.0011256630095886067,6.6786357164382935,0.0040458764269715175,105.85695807667798,105.85695807667798,0.0010768326627266234,0.0010768326627266234,0.46694284677505493,"{""sigma"":0.032815128564834595,""sigma2"":0.0010768326627266234,""t2"":105.85695807667798}"
17,64,ordinary_noise,66027,0.0010775803893920965,6.54761815071106,0.0037232260510791093,101.48848981094625,101.48848981094625,0.0010323943055312729,0.0010323943055312729,0.4636214002966881,"{""sigma"":0.0321308933198452,""sigma2"":0.0010323943055312729,""t2"":101.48848981094625}"
18,64,ordinary_noise,66027,0.001030798623105511,6.373588919639587,0.0042730772838694975,97.39793570674374,97.39793570674374,0.0009907830373814264,0.0009907830373814264,0.46030888706445694,"{""sigma"":0.0314767062664032,""sigma2"":0.0009907830373814264,""t2"":97.39793570674374}"
19,64,ordinary_noise,66027,0.000985416892945068,6.271960496902466,0.003342428055475466,93.56462899854102,93.56462899854102,0.0009517886250665387,0.0009517886250665387,0.45910896360874176,"{""sigma"":0.030851071700453758,""sigma2"":0.0009517886250665387,""t2"":93.56462899854102}"
20,64,ordinary_noise,66027,0.0009522080290480517,6.194450259208679,0.0034696038637775928,89.9473130181591,89.9473130181591,0.0009149913840551666,0.0009149913840551666,0.45901887863874435,"{""sigma"":0.030248824506998062,""sigma2"":0.0009149913840551666,""t2"":89.9473130181591}"
1,64,ordinary_noise,66028,0.015765025236760266,15.345472812652588,0.3167958059348166,230.5820205509881,230.5820205509881,0.002345601608795045,0.002345601608795045,0.1686486452817917,"{""sigma"":0.048431411385536194,""sigma2"":0.002345601608795045,""t2"":230.5820205509881}"
2,64,ordinary_noise,66028,0.0037318514223443344,10.973297357559204,0.06119995936751366,216.56186927969748,216.56186927969748,0.002202981254879735,0.002202981254879735,0.34556639939546585,"{""sigma"":0.046935927122831345,""sigma2"":0.002202981254879735,""t2"":216.56186927969748}"
3,64,ordinary_noise,66028,0.002404988626949489,9.456962823867798,0.025347842019982636,203.73341998492833,203.73341998492833,0.0020724835203544956,0.0020724835203544956,0.4408126473426819,"{""sigma"":0.045524537563323975,""sigma2"":0.0020724835203544956,""t2"":203.73341998492833}"
4,64,ordinary_noise,66028,0.00208511805976741,9.02647352218628,0.012227600993355736,192.00704988679854,192.00704988679854,0.001953196715157049,0.001953196715157049,0.4665749743580818,"{""sigma"":0.044194985181093216,""sigma2"":0.001953196715157049,""t2"":192.00704988679854}"
5,64,ordinary_noise,66028,0.001940711896168068,8.753344058990479,0.006575700972462073,181.26875999432195,181.26875999432195,0.001843961181582865,0.001843961181582865,0.45834220945835114,"{""sigma"":0.042941369116306305,""sigma2"":0.001843961181582865,""t2"":181.26875999432195}"
6,64,ordinary_noise,66028,0.0018381623303866945,8.498609066009521,0.006270243553444743,171.4298266653259,171.4298266653259,0.0017438743760714304,0.0017438743760714304,0.4650113582611084,"{""sigma"":0.04175972193479538,""sigma2"":0.0017438743760714304,""t2"":171.4298266653259}"
7,64,ordinary_noise,66028,0.001732688964693807,8.28236722946167,0.004810829312191345,162.37941851926507,162.37941851926507,0.0016518088635179146,0.0016518088635179146,0.4663015082478523,"{""sigma"":0.040642451494932175,""sigma2"":0.0016518088635179146,""t2"":162.37941851926507}"
8,64,ordinary_noise,66028,0.0016407063812948763,8.053953409194946,0.004487404497922398,154.03280910257854,154.03280910257854,0.0015669027618670506,0.0015669027618670506,0.4689551144838333,"{""sigma"":0.039584122598171234,""sigma2"":0.0015669027618670506,""t2"":154.03280910257854}"
9,64,ordinary_noise,66028,0.0015562570551992394,7.892639517784119,0.0048450691101606935,146.33763445308432,146.33763445308432,0.0014886233973498975,0.0014886233973498975,0.4629264697432518,"{""sigma"":0.038582682609558105,""sigma2"":0.0014886233973498975,""t2"":146.33763445308432}"
10,64,ordinary_noise,66028,0.001478335245337803,7.653006553649902,0.004372243682155386,139.2036198430228,139.2036198430228,0.0014160524479474162,0.0014160524479474162,0.47212492674589157,"{""sigma"":0.03763047233223915,""sigma2"":0.0014160524479474162,""t2"":139.2036198430228}"
11,64,ordinary_noise,66028,0.0014108625910012051,7.485063076019287,0.004098261095350608,132.5885097631599,132.5885097631599,0.001348760068391519,0.001348760068391519,0.46897972375154495,"{""sigma"":0.036725468933582306,""sigma2"":0.001348760068391519,""t2"":132.5885097631599}"
12,64,ordinary_noise,66028,0.0013373373440117575,7.318485856056213,0.003635392800788395,126.446563009898,126.446563009898,0.0012862809550974325,0.0012862809550974325,0.47076917439699173,"{""sigma"":0.03586475923657417,""sigma2"":0.0012862809550974325,""t2"":126.446563009898}"
13,64,ordinary_noise,66028,0.0012800979311577976,7.135657787322998,0.0032601954007986933,120.73539955724618,120.73539955724618,0.001228183996147117,0.001228183996147117,0.46777188032865524,"{""sigma"":0.035045456141233444,""sigma2"":0.001228183996147117,""t2"":120.73539955724618}"
14,64,ordinary_noise,66028,0.0012252608576091006,6.993747591972351,0.0031321301648858935,115.39292385769068,115.39292385769068,0.0011738375229664172,0.0011738375229664172,0.4583990052342415,"{""sigma"":0.0342613123357296,""sigma2"":0.0011738375229664172,""t2"":115.39292385769068}"
15,64,ordinary_noise,66028,0.0011709755199262872,6.81385338306427,0.003340103314258158,110.40432266864082,110.40432266864082,0.0011230908474593182,0.0011230908474593182,0.46302665770053864,"{""sigma"":0.03351254761219025,""sigma2"":0.0011230908474593182,""t2"":110.40432266864082}"
16,64,ordinary_noise,66028,0.0011178092536283657,6.688551425933838,0.0029350839322432876,105.75005550939522,105.75005550939522,0.0010757451935770185,0.0010757451935770185,0.46459751576185226,"{""sigma"":0.03279855474829674,""sigma2"":0.0010757451935770185,""t2"":105.75005550939522}"
17,64,ordinary_noise,66028,0.0010735433461377397,6.5127657651901245,0.002752899847109802,101.38741563508802,101.38741563508802,0.001031366125845215,0.001031366125845215,0.4624294638633728,"{""sigma"":0.03211488947272301,""sigma2"":0.001031366125845215,""t2"":101.38741563508802}"
18,64,ordinary_noise,66028,0.0010306167096132413,6.387432813644409,0.0030771574965910986,97.2934819646398,97.2934819646398,0.0009897204789697245,0.0009897204789697245,0.4649679437279701,"{""sigma"":0.03145982325077057,""sigma2"":0.0009897204789697245,""t2"":97.2934819646398}"
19,64,ordinary_noise,66028,0.0009870592984952964,6.285163760185242,0.0032575229852227494,93.44673763485787,93.44673763485787,0.0009505893720993842,0.0009505893720993842,0.459529809653759,"{""sigma"":0.030831629410386086,""sigma2"":0.0009505893720993842,""t2"":93.44673763485787}"
20,64,ordinary_noise,66028,0.0009487619754509069,6.169149160385132,0.002869557880330831,89.8377128988235,89.8377128988235,0.0009138764739870554,0.0009138764739870554,0.4589550271630287,"{""sigma"":0.030230389907956123,""sigma2"":0.0009138764739870554,""t2"":89.8377128988235}"
1,64,cf_unfiltered,66026,0.001645903361350065,5.32926619052887,0.06518503709230572,97.62477332825262,97.62477332825262,0.0009930905489934552,0.0009930905489934552,0.33988023549318314,"{""beta_mean"":0.022460270673036575,""beta_std"":0.00020432495512068272,""beta_min"":0.021918226033449173,""beta_max"":0.02297878824174404,""t2"":97.62477332825262}"
2,64,cf_unfiltered,66026,0.0007101079390849918,4.917291164398193,0.020561126788379624,97.27598389295997,97.27598389295997,0.0009895424793798825,0.0009895424793798825,0.4032089412212372,"{""beta_mean"":0.022420182824134827,""beta_std"":0.000273296725936234,""beta_min"":0.02159159816801548,""beta_max"":0.023201677948236465,""t2"":97.27598389295997}"
3,64,cf_unfiltered,66026,0.0005748231851612218,4.72298789024353,0.007156751715228893,96.921200336907,96.921200336907,0.0009859334344167786,0.0009859334344167786,0.43552665412425995,"{""beta_mean"":0.022379310801625252,""beta_std"":0.000320459803333506,""beta_min"":0.0214142594486475,""beta_max"":0.023295080289244652,""t2"":96.921200336907}"
4,64,cf_unfiltered,66026,0.000539166616363218,4.674044847488403,0.003944457697798498,96.58073518693352,96.58073518693352,0.0009824700438123934,0.0009824700438123934,0.4439035654067993,"{""beta_mean"":0.022339578717947006,""beta_std"":0.00036080379504710436,""beta_min"":0.021122431382536888,""beta_max"":0.023527126759290695,""t2"":96.58073518693352}"
5,64,cf_unfiltered,66026,0.0005338868504622951,4.63166618347168,0.0041559195960871875,96.21594830283404,96.21594830283404,0.000978759239734233,0.000978759239734233,0.44600023329257965,"{""beta_mean"":0.02229725942015648,""beta_std"":0.0003970474353991449,""beta_min"":0.021065527573227882,""beta_max"":0.023700768128037453,""t2"":96.21594830283404}"
6,64,cf_unfiltered,66026,0.0005264884021016769,4.6252137422561646,0.006011425371980295,95.85790276645386,95.85790276645386,0.0009751170121913032,0.000975117012191303,0.4475805088877678,"{""beta_mean"":0.022255370393395424,""beta_std"":0.00043055915739387274,""beta_min"":0.020854871720075607,""beta_max"":0.023948727175593376,""t2"":95.85790276645386}"
7,64,cf_unfiltered,66026,0.0005184688307053875,4.61493992805481,0.0041794118587858975,95.51750125038103,95.51750125038103,0.0009716542689044294,0.0009716542689044295,0.44505029916763306,"{""beta_mean"":0.02221645787358284,""beta_std"":0.00045950221829116344,""beta_min"":0.020806776359677315,""beta_max"":0.024073800072073936,""t2"":95.51750125038103}"
8,64,cf_unfiltered,66026,0.0005163904861547053,4.567237973213196,0.00536279031803133,95.16841438255426,95.16841438255426,0.0009681031736506578,0.0009681031736506578,0.44524091482162476,"{""beta_mean"":0.022175196558237076,""beta_std"":0.0004882075299974531,""beta_min"":0.02056068927049637,""beta_max"":0.024204066023230553,""t2"":95.16841438255426}"
9,64,cf_unfiltered,66026,0.0005108294244564604,4.560160875320435,0.004429507920576725,94.83623304465574,94.83623304465574,0.0009647240503403294,0.0009647240503403294,0.45876045525074005,"{""beta_mean"":0.022135091945528984,""beta_std"":0.0005150233046151698,""beta_min"":0.020425869151949883,""beta_max"":0.02428482659161091,""t2"":94.83623304465574}"
10,64,cf_unfiltered,66026,0.0005059605318820104,4.550159931182861,0.0033803481528593693,94.52604434947634,94.52604434947634,0.0009615686477607863,0.0009615686477607863,0.4505726024508476,"{""beta_mean"":0.02209819294512272,""beta_std"":0.0005396136548370123,""beta_min"":0.02032802440226078,""beta_max"":0.02438448928296566,""t2"":94.52604434947634}"
11,64,cf_unfiltered,66026,0.00050822549383156,4.5492647886276245,0.003742255394172389,94.20304825923128,94.20304825923128,0.0009582829616214119,0.000958282961621412,0.44242721050977707,"{""beta_mean"":0.022060133516788483,""beta_std"":0.0005600576987490058,""beta_min"":0.02017100155353546,""beta_max"":0.024103723466396332,""t2"":94.20304825923128}"
12,64,cf_unfiltered,66026,0.0005073443571745884,4.528105735778809,0.005708400029106997,93.87449530537413,93.87449530537413,0.0009549407481422335,0.0009549407481422335,0.44198890030384064,"{""beta_mean"":0.022020967677235603,""beta_std"":0.0005792244337499142,""beta_min"":0.02005051262676716,""beta_max"":0.024080878123641014,""t2"":93.87449530537413}"
13,64,cf_unfiltered,66026,0.000500197616929654,4.5349098443984985,0.0031054294522618875,93.56656988573751,93.56656988573751,0.0009518083687920889,0.0009518083687920889,0.4501602202653885,"{""beta_mean"":0.02198426052927971,""beta_std"":0.000600309984292835,""beta_min"":0.019928444176912308,""beta_max"":0.024220343679189682,""t2"":93.56656988573751}"
14,64,cf_unfiltered,66026,0.0004988342989236116,4.524949908256531,0.0022659060268779285,93.22806815845317,93.22806815845317,0.0009483649511561398,0.0009483649511561399,0.4468405246734619,"{""beta_mean"":0.021944252774119377,""beta_std"":0.0006241379305720329,""beta_min"":0.019949596375226974,""beta_max"":0.024454131722450256,""t2"":93.22806815845317}"
15,64,cf_unfiltered,66026,0.0004961214508512057,4.552164435386658,0.003041194584511686,92.89523392974516,92.89523392974516,0.0009449791862970496,0.0009449791862970495,0.44324779510498047,"{""beta_mean"":0.021905241534113884,""beta_std"":0.0006449389620684087,""beta_min"":0.019827570766210556,""beta_max"":0.024574199691414833,""t2"":92.89523392974516}"
16,64,cf_unfiltered,66026,0.0004998526892450172,4.487056136131287,0.004434466944076121,92.54321146236586,92.54321146236586,0.0009413982285803819,0.0009413982285803818,0.44342510402202606,"{""beta_mean"":0.021864190697669983,""beta_std"":0.0006614603335037827,""beta_min"":0.01954362727701664,""beta_max"":0.024440031498670578,""t2"":92.54321146236586}"
17,64,cf_unfiltered,66026,0.0004928838770865696,4.492855072021484,0.0026083740012836643,92.19887578266582,92.19887578266582,0.0009378954649115583,0.0009378954649115583,0.451458141207695,"{""beta_mean"":0.021823549643158913,""beta_std"":0.0006780851981602609,""beta_min"":0.019350800663232803,""beta_max"":0.024451857432723045,""t2"":92.19887578266582}"
18,64,cf_unfiltered,66026,0.0004906356480205432,4.4842143058776855,0.0035483042665873654,91.87341073730784,91.87341073730784,0.0009345846632620019,0.000934584663262002,0.44923024624586105,"{""beta_mean"":0.0217838604003191,""beta_std"":0.0006954129785299301,""beta_min"":0.01926802098751068,""beta_max"":0.02433176152408123,""t2"":91.87341073730784}"
19,64,cf_unfiltered,66026,0.0004913809025310911,4.465913891792297,0.0039037470633047633,91.5499509205015,91.5499509205015,0.0009312942598521068,0.0009312942598521068,0.4435059353709221,"{""beta_mean"":0.021744392812252045,""beta_std"":0.0007129395380616188,""beta_min"":0.01944843865931034,""beta_max"":0.024334944784641266,""t2"":91.5499509205015}"
20,64,cf_unfiltered,66026,0.0004875693084613886,4.48560631275177,0.0022843742262921296,91.22891220683866,91.22891220683866,0.0009280284851769883,0.0009280284851769883,0.44931376725435257,"{""beta_mean"":0.02170535735785961,""beta_std"":0.0007281210273504257,""beta_min"":0.019461018964648247,""beta_max"":0.024367157369852066,""t2"":91.22891220683866}"
1,64,cf_unfiltered,66027,0.011538538907188922,10.356422662734985,0.44024199806153774,97.64715959104001,97.64715959104001,0.0009933182738346355,0.0009933182738346355,0.07944170199334621,"{""beta_mean"":0.02246270515024662,""beta_std"":0.00020690028031822294,""beta_min"":0.021954486146569252,""beta_max"":0.02304786816239357,""t2"":97.64715959104001}"
2,64,cf_unfiltered,66027,0.001746876114339102,7.322922587394714,0.09789837809512392,97.29252492485392,97.29252492485392,0.0009897107434575798,0.0009897107434575798,0.13961204513907433,"{""beta_mean"":0.022421754896640778,""beta_std"":0.0002776246692519635,""beta_min"":0.021619604900479317,""beta_max"":0.023290693759918213,""t2"":97.29252492485392}"
3,64,cf_unfiltered,66027,0.0008506127742293756,4.99295699596405,0.047420229006092995,96.94092289154739,96.94092289154739,0.0009861340626174662,0.0009861340626174662,0.37685616314411163,"{""beta_mean"":0.022380344569683075,""beta_std"":0.00032453477615490556,""beta_min"":0.021331682801246643,""beta_max"":0.02334817498922348,""t2"":96.94092289154739}"
4,64,cf_unfiltered,66027,0.0006060451451048721,4.818148970603943,0.02052981048473157,96.57400023169362,96.57400023169362,0.000982401532304826,0.000982401532304826,0.4016377776861191,"{""beta_mean"":0.022337276488542557,""beta_std"":0.0003622091608121991,""beta_min"":0.021140623837709427,""beta_max"":0.023634152486920357,""t2"":96.57400023169362}"
5,64,cf_unfiltered,66027,0.0005567330408666749,4.70802915096283,0.012628116382984444,96.20225081542549,96.20225081542549,0.000978619901686864,0.000978619901686864,0.4271213486790657,"{""beta_mean"":0.022293725982308388,""beta_std"":0.0003974205465056002,""beta_min"":0.020971227437257767,""beta_max"":0.02367645874619484,""t2"":96.20225081542549}"
6,64,cf_unfiltered,66027,0.0005352238258637954,4.668418049812317,0.007950524523039348,95.83900795544527,95.83900795544527,0.0009749248042342658,0.0009749248042342658,0.4442541375756264,"{""beta_mean"":0.022251257672905922,""beta_std"":0.0004275172541383654,""beta_min"":0.020854966714978218,""beta_max"":0.023623069748282433,""t2"":95.83900795544527}"
7,64,cf_unfiltered,66027,0.0005273323185974732,4.600884914398193,0.005748398107243702,95.45895977656849,95.45895977656849,0.0009710587542375538,0.0009710587542375538,0.44469358026981354,"{""beta_mean"":0.022206999361515045,""beta_std"":0.00045352563029155135,""beta_min"":0.020688872784376144,""beta_max"":0.023618265986442566,""t2"":95.45895977656849}"
8,64,cf_unfiltered,66027,0.0005167335366422776,4.622247815132141,0.00364922088192543,95.10483283683025,95.10483283683025,0.0009674563887210109,0.0009674563887210109,0.44278760254383087,"{""beta_mean"":0.022165413945913315,""beta_std"":0.0004761371819768101,""beta_min"":0.02047734335064888,""beta_max"":0.02363046072423458,""t2"":95.10483283683025}"
9,64,cf_unfiltered,66027,0.0005149074095243122,4.579710960388184,0.003945234217098914,94.74006724699339,94.74006724699339,0.0009637458012592915,0.0009637458012592916,0.4476756304502487,"{""beta_mean"":0.022122353315353394,""beta_std"":0.0005047896411269903,""beta_min"":0.020369842648506165,""beta_max"":0.02377835474908352,""t2"":94.74006724699339}"
10,64,cf_unfiltered,66027,0.0005105000927869696,4.551730990409851,0.0034340403726673685,94.37643279336669,94.37643279336669,0.0009600467203101266,0.0009600467203101266,0.4494173377752304,"{""beta_mean"":0.022078875452280045,""beta_std"":0.0005288280081003904,""beta_min"":0.020242027938365936,""beta_max"":0.023647047579288483,""t2"":94.37643279336669}"
11,64,cf_unfiltered,66027,0.0005070453662483487,4.5348358154296875,0.0035233834787504748,94.02500899477354,94.02500899477354,0.0009564718525672764,0.0009564718525672765,0.4524751231074333,"{""beta_mean"":0.022036895155906677,""beta_std"":0.0005544056184589863,""beta_min"":0.020166799426078796,""beta_max"":0.02365832030773163,""t2"":94.02500899477354}"
12,64,cf_unfiltered,66027,0.0005027268925914541,4.513447403907776,0.0024715995023143478,93.6706431491494,93.6706431491494,0.0009528670567743876,0.0009528670567743876,0.46377134323120117,"{""beta_mean"":0.02199437841773033,""beta_std"":0.0005781361251138151,""beta_min"":0.020114224404096603,""beta_max"":0.02379905804991722,""t2"":93.6706431491494}"
13,64,cf_unfiltered,66027,0.0004973485883965623,4.511229991912842,0.002655304931977298,93.33351673474182,93.33351673474182,0.0009494376295444928,0.0009494376295444928,0.4523070231080055,"{""beta_mean"":0.02195369452238083,""beta_std"":0.0005990820936858654,""beta_min"":0.02004927024245262,""beta_max"":0.024111615493893623,""t2"":93.33351673474182}"
14,64,cf_unfiltered,66027,0.0004985695850336924,4.483498811721802,0.0023039285952108912,92.99051157365581,92.99051157365581,0.0009459484006109193,0.0009459484006109193,0.4564603120088577,"{""beta_mean"":0.02191282995045185,""beta_std"":0.0006183668738231063,""beta_min"":0.019925842061638832,""beta_max"":0.024061089381575584,""t2"":92.99051157365581}"
15,64,cf_unfiltered,66027,0.0004945101172779687,4.499500274658203,0.002324479377421085,92.67601400888137,92.67601400888137,0.0009427491659432106,0.0009427491659432104,0.44903774559497833,"{""beta_mean"":0.021874461323022842,""beta_std"":0.0006406170432455838,""beta_min"":0.01973481848835945,""beta_max"":0.02398880571126938,""t2"":92.67601400888137}"
16,64,cf_unfiltered,66027,0.0004932145384373143,4.468178033828735,0.0028965802848688327,92.35432953328328,92.35432953328328,0.000939476822237989,0.0009394768222379891,0.4559940844774246,"{""beta_mean"":0.02183532901108265,""beta_std"":0.0006572015699930489,""beta_min"":0.019543377682566643,""beta_max"":0.023975729942321777,""t2"":92.35432953328328}"
17,64,cf_unfiltered,66027,0.000492143961309921,4.480995774269104,0.002347486537473742,92.02797673911223,92.02797673911223,0.0009361569899405134,0.0009361569899405134,0.4546065181493759,"{""beta_mean"":0.02179573103785515,""beta_std"":0.0006730208988301456,""beta_min"":0.019382035359740257,""beta_max"":0.023981334641575813,""t2"":92.02797673911223}"
18,64,cf_unfiltered,66027,0.0004885411672148621,4.453127026557922,0.0028883535633212887,91.70560288217949,91.70560288217949,0.0009328776334857126,0.0009328776334857126,0.4497210681438446,"{""beta_mean"":0.021757159382104874,""beta_std"":0.0006851189536973834,""beta_min"":0.019267261028289795,""beta_max"":0.02415253035724163,""t2"":91.70560288217949}"
19,64,cf_unfiltered,66027,0.00048558356320427265,4.441963195800781,0.003034416469745338,91.39627877657237,91.39627877657237,0.000929731025966109,0.000929731025966109,0.4536142647266388,"{""beta_mean"":0.021719124168157578,""beta_std"":0.0007023446378298104,""beta_min"":0.019235843792557716,""beta_max"":0.024275127798318863,""t2"":91.39627877657237}"
20,64,cf_unfiltered,66027,0.000483802938106237,4.446611762046814,0.002315624078619294,91.08791127586515,91.08791127586515,0.0009265941495347611,0.0009265941495347611,0.4517643451690674,"{""beta_mean"":0.02168123610317707,""beta_std"":0.0007179335807450116,""beta_min"":0.019116295501589775,""beta_max"":0.02419538050889969,""t2"":91.08791127586515}"
1,64,cf_unfiltered,66028,0.013832122960593551,12.708250999450684,0.316840345505625,97.60585524624446,97.60585524624446,0.0009928981043115688,0.0009928981043115688,0.05048483982682228,"{""beta_mean"":0.02245747670531273,""beta_std"":0.0002048304449999705,""beta_min"":0.021960480138659477,""beta_max"":0.023031553253531456,""t2"":97.60585524624446}"
2,64,cf_unfiltered,66028,0.0019553451347746886,7.082655668258667,0.060654671397060156,97.26096719804863,97.26096719804863,0.0009893897216598372,0.0009893897216598372,0.18883846327662468,"{""beta_mean"":0.02241743728518486,""beta_std"":0.00027509633218869567,""beta_min"":0.021644389256834984,""beta_max"":0.023294584825634956,""t2"":97.26096719804863}"
3,64,cf_unfiltered,66028,0.0007666877463634592,4.983663558959961,0.024564196064602584,96.87953037344711,96.87953037344711,0.0009855095456283275,0.0009855095456283275,0.3667614236474037,"{""beta_mean"":0.022372884675860405,""beta_std"":0.0003235988551750779,""beta_min"":0.02149597741663456,""beta_max"":0.023414479568600655,""t2"":96.87953037344711}"
4,64,cf_unfiltered,66028,0.0005665322787535843,4.6761157512664795,0.011841107509098947,96.506584009063,96.506584009063,0.0009817157390244852,0.0009817157390244852,0.4287658706307411,"{""beta_mean"":0.022329047322273254,""beta_std"":0.00036317837657406926,""beta_min"":0.021302081644535065,""beta_max"":0.023687591776251793,""t2"":96.506584009063}"
5,64,cf_unfiltered,66028,0.0005382950403145514,4.677084565162659,0.005079475769889541,96.15425578174356,96.15425578174356,0.000978131670956864,0.000978131670956864,0.4449639096856117,"{""beta_mean"":0.022287126630544662,""beta_std"":0.0003995825245510787,""beta_min"":0.0210980586707592,""beta_max"":0.023617342114448547,""t2"":96.15425578174356}"
6,64,cf_unfiltered,66028,0.0005308568397595081,4.6160231828689575,0.00472019847802585,95.79524543618695,95.79524543618695,0.0009744796288674616,0.0009744796288674617,0.44367776811122894,"{""beta_mean"":0.022244516760110855,""beta_std"":0.0004341050225775689,""beta_min"":0.02098042704164982,""beta_max"":0.023625582456588745,""t2"":95.79524543618695}"
7,64,cf_unfiltered,66028,0.00052151273121126,4.5979249477386475,0.003029814579349477,95.44962660776528,95.44962660776528,0.0009709638123348519,0.000970963812334852,0.4437439739704132,"{""beta_mean"":0.022203359752893448,""beta_std"":0.00046417192788794637,""beta_min"":0.020907772704958916,""beta_max"":0.02370712161064148,""t2"":95.44962660776528}"
8,64,cf_unfiltered,66028,0.0005154170758032706,4.608122944831848,0.0032336877557099797,95.14434984722635,95.14434984722635,0.000967858376538354,0.0009678583765383539,0.44784776866436005,"{""beta_mean"":0.022166531533002853,""beta_std"":0.0004940602229908109,""beta_min"":0.020738326013088226,""beta_max"":0.023840827867388725,""t2"":95.14434984722635}"
9,64,cf_unfiltered,66028,0.0005142377813172061,4.576207399368286,0.0028656202484853566,94.82169742836942,94.82169742836942,0.0009645761864051251,0.0009645761864051251,0.4509529769420624,"{""beta_mean"":0.022127272561192513,""beta_std"":0.0005192148964852095,""beta_min"":0.020601974800229073,""beta_max"":0.023992866277694702,""t2"":94.82169742836942}"
10,64,cf_unfiltered,66028,0.0005122664151713252,4.55830454826355,0.0034874696502811275,94.46830232456682,94.46830232456682,0.0009609812655086957,0.0009609812655086957,0.4551245719194412,"{""beta_mean"":0.022085072472691536,""beta_std"":0.0005433290498331189,""beta_min"":0.020367786288261414,""beta_max"":0.024007054045796394,""t2"":94.46830232456682}"
11,64,cf_unfiltered,66028,0.0005062770942458883,4.560686111450195,0.0030599739475292154,94.13344900627087,94.13344900627087,0.0009575749614081915,0.0009575749614081917,0.4483335092663765,"{""beta_mean"":0.022045990452170372,""beta_std"":0.0005667771329171956,""beta_min"":0.020288366824388504,""beta_max"":0.023985188454389572,""t2"":94.13344900627087}"
12,64,cf_unfiltered,66028,0.0005045151810918469,4.516353726387024,0.002258976182929473,93.80284881822536,93.80284881822536,0.0009542119223859188,0.0009542119223859187,0.45343461632728577,"{""beta_mean"":0.022006705403327942,""beta_std"":0.0005919781979173422,""beta_min"":0.020218506455421448,""beta_max"":0.024157261475920677,""t2"":93.80284881822536}"
13,64,cf_unfiltered,66028,0.0004990306842955761,4.494818329811096,0.0026694810439948924,93.47606793241432,93.47606793241432,0.0009508877353150871,0.0009508877353150871,0.45454780757427216,"{""beta_mean"":0.021966731175780296,""beta_std"":0.0006167891551740468,""beta_min"":0.020159687846899033,""beta_max"":0.023986024782061577,""t2"":93.47606793241432}"
14,64,cf_unfiltered,66028,0.0005006100982427597,4.527966380119324,0.002756339956249576,93.14980204786676,93.14980204786676,0.0009475687871080196,0.0009475687871080196,0.4492443799972534,"{""beta_mean"":0.02192699909210205,""beta_std"":0.0006387298926711082,""beta_min"":0.019966276362538338,""beta_max"":0.02416364476084709,""t2"":93.14980204786676}"
15,64,cf_unfiltered,66028,0.000498526915180264,4.49557363986969,0.002326393347175326,92.78417516553725,92.78417516553725,0.0009438494381259892,0.0009438494381259893,0.45323939621448517,"{""beta_mean"":0.02188296802341938,""beta_std"":0.000661735306493938,""beta_min"":0.019828084856271744,""beta_max"":0.02424546703696251,""t2"":92.78417516553725}"
16,64,cf_unfiltered,66028,0.000495558535476448,4.472293257713318,0.0019161473646818195,92.42167136141808,92.42167136141808,0.0009401618587383838,0.0009401618587383838,0.4530547708272934,"{""beta_mean"":0.02183905802667141,""beta_std"":0.0006847772747278214,""beta_min"":0.019793562591075897,""beta_max"":0.0244448184967041,""t2"":92.42167136141808}"
17,64,cf_unfiltered,66028,0.0004903975550405448,4.461343050003052,0.001727407448925078,92.08025576983331,92.08025576983331,0.0009366887997419568,0.0009366887997419567,0.45068273693323135,"{""beta_mean"":0.021797461435198784,""beta_std"":0.0007037910399958491,""beta_min"":0.01966750994324684,""beta_max"":0.024362120777368546,""t2"":92.08025576983331}"
18,64,cf_unfiltered,66028,0.000490748943775543,4.4449357986450195,0.0015145260113058612,91.72682829921608,91.72682829921608,0.0009330935495932626,0.0009330935495932626,0.4488670080900192,"{""beta_mean"":0.021755071356892586,""beta_std"":0.0007192714838311076,""beta_min"":0.019448349252343178,""beta_max"":0.024406522512435913,""t2"":91.72682829921608}"
19,64,cf_unfiltered,66028,0.0004861835750489263,4.45501708984375,0.002128617219568696,91.39445908084971,91.39445908084971,0.0009297125150639823,0.0009297125150639822,0.44467394053936005,"{""beta_mean"":0.02171539142727852,""beta_std"":0.0007336566341109574,""beta_min"":0.019392279908061028,""beta_max"":0.024650784209370613,""t2"":91.39445908084971}"
20,64,cf_unfiltered,66028,0.000486266020743642,4.450261473655701,0.0025074756413232535,91.0552000114782,91.0552000114782,0.000926261393345929,0.000926261393345929,0.44542407244443893,"{""beta_mean"":0.02167437970638275,""beta_std"":0.0007513554883189499,""beta_min"":0.019328096881508827,""beta_max"":0.02450200356543064,""t2"":91.0552000114782}"
1,64,cf_schatten_filtered,66026,0.00138919307210017,4.230993568897247,0.06518406479153782,47.944626451129004,47.944626451129004,0.0004877179611320903,0.0004877179611320903,0.20420869812369347,"{""beta_mean"":0.015555139631032944,""beta_std"":0.0023698131553828716,""beta_min"":0.011086421087384224,""beta_max"":0.022456610575318336,""t2"":47.944626451129004}"
2,64,cf_schatten_filtered,66026,0.0004530583810264943,3.6886417269706726,0.020558847987558693,47.824386863629094,47.824386863629094,0.0004864948207970082,0.0004864948207970082,0.26597222685813904,"{""beta_mean"":0.0155360521748662,""beta_std"":0.0023674550466239452,""beta_min"":0.01116889901459217,""beta_max"":0.022445853799581528,""t2"":47.824386863629094}"
3,64,cf_schatten_filtered,66026,0.0003197600854036864,3.457964062690735,0.007134394749300554,47.69420661593817,47.69420661593817,0.00048517055883726167,0.00048517055883726167,0.30466169118881226,"{""beta_mean"":0.015516013838350773,""beta_std"":0.0023609455674886703,""beta_min"":0.011113685555756092,""beta_max"":0.022329064086079597,""t2"":47.69420661593817}"
4,64,cf_schatten_filtered,66026,0.0002857231429516105,3.3934367299079895,0.003912330561433919,47.573263618620956,47.573263618620956,0.00048394026304749506,0.0004839402630474951,0.31555037945508957,"{""beta_mean"":0.015496808104217052,""beta_std"":0.0023552728816866875,""beta_min"":0.011042747646570206,""beta_max"":0.022459320724010468,""t2"":47.573263618620956}"
5,64,cf_schatten_filtered,66026,0.0002795756136038108,3.357608199119568,0.004117607866646722,47.445267294606715,47.445267294606715,0.0004826382171082226,0.0004826382171082226,0.3151826336979866,"{""beta_mean"":0.015476127155125141,""beta_std"":0.002352585783228278,""beta_min"":0.011000598780810833,""beta_max"":0.022651029750704765,""t2"":47.445267294606715}"
6,64,cf_schatten_filtered,66026,0.0002751646916294703,3.3449622988700867,0.005986347394355107,47.318339935411174,47.318339935411174,0.00048134704524140597,0.00048134704524140597,0.32132117450237274,"{""beta_mean"":0.0154555169865489,""beta_std"":0.0023487352300435305,""beta_min"":0.010977369733154774,""beta_max"":0.02275977097451687,""t2"":47.318339935411174}"
7,64,cf_schatten_filtered,66026,0.0002678556502360152,3.3329395055770874,0.004160768512520008,47.199564245735864,47.199564245735864,0.000480138796445067,0.000480138796445067,0.3181071877479553,"{""beta_mean"":0.015436866320669651,""beta_std"":0.0023448083084076643,""beta_min"":0.01099491212517023,""beta_max"":0.0226899366825819,""t2"":47.199564245735864}"
8,64,cf_schatten_filtered,66026,0.0002667910757736536,3.2841763496398926,0.005342235701391473,47.074756612411015,47.074756612411015,0.00047886918754487117,0.00047886918754487117,0.3177308067679405,"{""beta_mean"":0.015416468493640423,""beta_std"":0.0023402248043566942,""beta_min"":0.011086872778832912,""beta_max"":0.02256971225142479,""t2"":47.074756612411015}"
9,64,cf_schatten_filtered,66026,0.00026279087251168676,3.2608460783958435,0.00439912939327769,46.96069102194838,46.96069102194838,0.0004777088523554319,0.00047770885235543187,0.3310381770133972,"{""beta_mean"":0.015397069975733757,""beta_std"":0.0023371439892798662,""beta_min"":0.011072859168052673,""beta_max"":0.0225781612098217,""t2"":46.96069102194838}"
10,64,cf_schatten_filtered,66026,0.0002592704367998522,3.2646957635879517,0.0033467871107859537,46.861141399394086,46.861141399394086,0.0004766961812275603,0.0004766961812275603,0.32137881219387054,"{""beta_mean"":0.015380225144326687,""beta_std"":0.0023375346790999174,""beta_min"":0.01110152155160904,""beta_max"":0.022705942392349243,""t2"":46.861141399394086}"
11,64,cf_schatten_filtered,66026,0.00026167917349084746,3.2868239283561707,0.0036933529045199975,46.75675987706923,46.75675987706923,0.00047563435747344186,0.00047563435747344186,0.31280168890953064,"{""beta_mean"":0.015362810343503952,""beta_std"":0.002339736558496952,""beta_min"":0.011123490519821644,""beta_max"":0.02294096350669861,""t2"":46.75675987706923}"
12,64,cf_schatten_filtered,66026,0.0002626268396852538,3.253709852695465,0.005703425966203213,46.64507880267102,46.64507880267102,0.0004744982788357648,0.00047449827883576476,0.3131510689854622,"{""beta_mean"":0.015344173647463322,""beta_std"":0.0023387616965919733,""beta_min"":0.011121860705316067,""beta_max"":0.023180952295660973,""t2"":46.64507880267102}"
13,64,cf_schatten_filtered,66026,0.00025719860786921345,3.253702759742737,0.003081791626755148,46.54098323801699,46.54098323801699,0.00047343936399349965,0.0004734393639934997,0.3226296752691269,"{""beta_mean"":0.01532696932554245,""beta_std"":0.002336999401450157,""beta_min"":0.011092309840023518,""beta_max"":0.023288903757929802,""t2"":46.54098323801699}"
14,64,cf_schatten_filtered,66026,0.000255039609328378,3.255239963531494,0.002204737855208805,46.428224719431185,46.428224719431185,0.0004722923250267658,0.00047229232502676583,0.31805679202079773,"{""beta_mean"":0.015307899564504623,""beta_std"":0.0023390264250338078,""beta_min"":0.011093726381659508,""beta_max"":0.023311616852879524,""t2"":46.428224719431185}"
15,64,cf_schatten_filtered,66026,0.00025426845786569174,3.2791150212287903,0.002995895698404638,46.31883701183358,46.31883701183358,0.0004711795757225909,0.0004711795757225909,0.3120237663388252,"{""beta_mean"":0.015289679169654846,""beta_std"":0.0023420541547238827,""beta_min"":0.01114298403263092,""beta_max"":0.023432541638612747,""t2"":46.31883701183358}"
16,64,cf_schatten_filtered,66026,0.00025916906633938197,3.2290490865707397,0.004412489477545023,46.1932282654139,46.1932282654139,0.00046990181747857566,0.00046990181747857566,0.3152703642845154,"{""beta_mean"":0.015269358642399311,""beta_std"":0.0023401561193168163,""beta_min"":0.011102386750280857,""beta_max"":0.02349252626299858,""t2"":46.1932282654139}"
17,64,cf_schatten_filtered,66026,0.00025323571753688157,3.23565673828125,0.0025696398952277377,46.07007389065262,46.07007389065262,0.00046864902639417137,0.00046864902639417137,0.32315074652433395,"{""beta_mean"":0.015249117277562618,""beta_std"":0.002337399171665311,""beta_min"":0.010935509577393532,""beta_max"":0.023234426975250244,""t2"":46.07007389065262}"
18,64,cf_schatten_filtered,66026,0.0002531801692384761,3.2250038385391235,0.0035206601896788925,45.94986502290513,45.94986502290513,0.0004674261985565707,0.00046742619855657077,0.3192942142486572,"{""beta_mean"":0.0152291189879179,""beta_std"":0.0023319744504988194,""beta_min"":0.01089794933795929,""beta_max"":0.02307257615029812,""t2"":45.94986502290513}"
19,64,cf_schatten_filtered,66026,0.0002542129950597882,3.2119657397270203,0.003868385188980028,45.83397934181289,45.83397934181289,0.0004662473484478037,0.00046624734844780363,0.31491483747959137,"{""beta_mean"":0.01520946528762579,""beta_std"":0.0023280244786292315,""beta_min"":0.010917019098997116,""beta_max"":0.023324932903051376,""t2"":45.83397934181289}"
20,64,cf_schatten_filtered,66026,0.00025039978572749533,3.2295541763305664,0.002239192610431928,45.71909637102018,45.71909637102018,0.00046507869843567074,0.00046507869843567074,0.3219457194209099,"{""beta_mean"":0.015190103091299534,""beta_std"":0.0023243806790560484,""beta_min"":0.010868581011891365,""beta_max"":0.02330378256738186,""t2"":45.71909637102018}"
1,64,cf_schatten_filtered,66027,0.011281030645477585,9.830525875091553,0.440236346796155,47.96274139168137,47.96274139168137,0.0004879022358366025,0.0004879022358366025,0.03344658296555281,"{""beta_mean"":0.015557516366243362,""beta_std"":0.0023773855064064264,""beta_min"":0.011296134442090988,""beta_max"":0.02245979942381382,""t2"":47.96274139168137}"
2,64,cf_schatten_filtered,66027,0.0014906669312040322,6.571684837341309,0.09789235473726876,47.836688889750135,47.836688889750135,0.0004866199634780898,0.0004866199634780898,0.06263780780136585,"{""beta_mean"":0.0155376847833395,""beta_std"":0.0023734429851174355,""beta_min"":0.011228409595787525,""beta_max"":0.022426383569836617,""t2"":47.836688889750135}"
3,64,cf_schatten_filtered,66027,0.0005948611360508949,3.823495626449585,0.047409788123331964,47.71304820238029,47.71304820238029,0.00048536222536601045,0.00048536222536601045,0.23946093767881393,"{""beta_mean"":0.015517715364694595,""beta_std"":0.002370354486629367,""beta_min"":0.011184395290911198,""beta_max"":0.022519217804074287,""t2"":47.71304820238029}"
4,64,cf_schatten_filtered,66027,0.0003511349677864928,3.592658579349518,0.020521956437733024,47.57855190944917,47.57855190944917,0.00048399405832366097,0.00048399405832366097,0.2642609030008316,"{""beta_mean"":0.01549636572599411,""beta_std"":0.0023651523515582085,""beta_min"":0.011119448579847813,""beta_max"":0.02253027632832527,""t2"":47.57855190944917}"
5,64,cf_schatten_filtered,66027,0.00030318288736452814,3.4586734771728516,0.012620600071386434,47.44671357787681,47.44671357787681,0.00048265292946245126,0.0004826529294624512,0.2937077358365059,"{""beta_mean"":0.01547494437545538,""beta_std"":0.0023621537256985903,""beta_min"":0.01113433949649334,""beta_max"":0.022463291883468628,""t2"":47.44671357787681}"
6,64,cf_schatten_filtered,66027,0.00028418359033821616,3.3930988907814026,0.007935349945910275,47.31550740403543,47.31550740403543,0.00048131823124222237,0.0004813182312422224,0.31223349273204803,"{""beta_mean"":0.015453889966011047,""beta_std"":0.0023573185317218304,""beta_min"":0.011114679276943207,""beta_max"":0.022459551692008972,""t2"":47.31550740403543}"
7,64,cf_schatten_filtered,66027,0.0002753824010142125,3.3339757919311523,0.005725391863961704,47.17545911950697,47.17545911950697,0.00047989358642076585,0.00047989358642076585,0.3142898604273796,"{""beta_mean"":0.0154314199462533,""beta_std"":0.00235165748745203,""beta_min"":0.011191469617187977,""beta_max"":0.02245861478149891,""t2"":47.17545911950697}"
8,64,cf_schatten_filtered,66027,0.0002675844170880737,3.3430230617523193,0.003602165073971264,47.04572021610674,47.04572021610674,0.00047857381404730974,0.00047857381404730974,0.3147190064191818,"{""beta_mean"":0.015410589054226875,""beta_std"":0.002344600623473525,""beta_min"":0.01110115461051464,""beta_max"":0.022468123584985733,""t2"":47.04572021610674}"
9,64,cf_schatten_filtered,66027,0.0002656095293787075,3.300061583518982,0.0038903697168279905,46.90992778088152,46.90992778088152,0.00047719246196371986,0.00047719246196371986,0.32025907188653946,"{""beta_mean"":0.015388705767691135,""beta_std"":0.0023385132662951946,""beta_min"":0.011019657365977764,""beta_max"":0.022480031475424767,""t2"":46.90992778088152}"
10,64,cf_schatten_filtered,66027,0.0002629371902003186,3.2829508185386658,0.0033869582184706815,46.772934215515114,46.772934215515114,0.00047579889135248936,0.00047579889135248936,0.31797464936971664,"{""beta_mean"":0.01536634098738432,""beta_std"":0.00233090971596539,""beta_min"":0.010887795127928257,""beta_max"":0.02234547771513462,""t2"":46.772934215515114}"
11,64,cf_schatten_filtered,66027,0.0002614541572256712,3.2547298073768616,0.003484849519736599,46.64169017431868,46.64169017431868,0.0004744638079256051,0.0004744638079256051,0.3259445130825043,"{""beta_mean"":0.015345017425715923,""beta_std"":0.002324742032214999,""beta_min"":0.01086547039449215,""beta_max"":0.022354871034622192,""t2"":46.64169017431868}"
12,64,cf_schatten_filtered,66027,0.00025732547874213196,3.2322232723236084,0.002414819253317546,46.51165707190826,46.51165707190826,0.0004731410428050564,0.0004731410428050564,0.33608709275722504,"{""beta_mean"":0.015323535539209843,""beta_std"":0.0023205445613712072,""beta_min"":0.010802961885929108,""beta_max"":0.022369079291820526,""t2"":46.51165707190826}"
13,64,cf_schatten_filtered,66027,0.0002543628852436086,3.239237070083618,0.0025981698345276527,46.39270731707791,46.39270731707791,0.0004719310233263947,0.0004719310233263947,0.32612109929323196,"{""beta_mean"":0.015303417108952999,""beta_std"":0.0023173040244728327,""beta_min"":0.010696091689169407,""beta_max"":0.022231990471482277,""t2"":46.39270731707791}"
14,64,cf_schatten_filtered,66027,0.0002555768078309484,3.2123680114746094,0.00224082192289643,46.27200542735488,46.27200542735488,0.00047070318020990884,0.00047070318020990884,0.32921217381954193,"{""beta_mean"":0.015283209271728992,""beta_std"":0.0023139268159866333,""beta_min"":0.01068753469735384,""beta_max"":0.02240283414721489,""t2"":46.27200542735488}"
15,64,cf_schatten_filtered,66027,0.0002534091127017746,3.236586272716522,0.0022670400649076328,46.160557526594786,46.160557526594786,0.0004695694735371377,0.0004695694735371377,0.3215465843677521,"{""beta_mean"":0.015264415182173252,""beta_std"":0.002309525618329644,""beta_min"":0.010618508793413639,""beta_max"":0.022452199831604958,""t2"":46.160557526594786}"
16,64,cf_schatten_filtered,66027,0.0002537680065870518,3.1992640495300293,0.002849369680916425,46.04881748384409,46.04881748384409,0.00046843279504235933,0.0004684327950423593,0.32929059863090515,"{""beta_mean"":0.01524537056684494,""beta_std"":0.0023067453876137733,""beta_min"":0.010463159531354904,""beta_max"":0.022449256852269173,""t2"":46.04881748384409}"
17,64,cf_schatten_filtered,66027,0.00025285947776865214,3.213440775871277,0.0022935044253244996,45.93248966637893,45.93248966637893,0.0004672494472898247,0.00046724944728982474,0.32790443301200867,"{""beta_mean"":0.015225764364004135,""beta_std"":0.0023030319716781378,""beta_min"":0.010361826047301292,""beta_max"":0.02243422158062458,""t2"":45.93248966637893}"
18,64,cf_schatten_filtered,66027,0.00025003915652632713,3.1954808831214905,0.0028426120916265063,45.81916030661833,45.81916030661833,0.0004660966014263746,0.0004660966014263746,0.32231391221284866,"{""beta_mean"":0.015206985175609589,""beta_std"":0.002300483640283346,""beta_min"":0.010334550403058529,""beta_max"":0.022309694439172745,""t2"":45.81916030661833}"
19,64,cf_schatten_filtered,66027,0.0002488516602170421,3.1850383281707764,0.0029940462045487948,45.710910337532184,45.710910337532184,0.00046499542579683616,0.00046499542579683616,0.32651863247156143,"{""beta_mean"":0.01518853660672903,""beta_std"":0.0022984864190220833,""beta_min"":0.010342912748456001,""beta_max"":0.022199111059308052,""t2"":45.710910337532184}"
20,64,cf_schatten_filtered,66027,0.0002482444888300961,3.1964023113250732,0.002259305023471825,45.60319850083032,45.60319850083032,0.0004638997243329907,0.00046389972433299065,0.32449084520339966,"{""beta_mean"":0.015170124359428883,""beta_std"":0.002295859856531024,""beta_min"":0.010363031178712845,""beta_max"":0.02208021841943264,""t2"":45.60319850083032}"
1,64,cf_schatten_filtered,66028,0.013573808893852402,12.291228532791138,0.3168398067355156,47.9401318975213,47.9401318975213,0.0004876722401684702,0.00048767224016847026,0.020440328400582075,"{""beta_mean"":0.015553519129753113,""beta_std"":0.0023738464806228876,""beta_min"":0.01134984940290451,""beta_max"":0.022489061579108238,""t2"":47.9401318975213}"
2,64,cf_schatten_filtered,66028,0.0016993863937386777,6.2944594621658325,0.060651303036138415,47.821711438638445,47.821711438638445,0.0004864676049666183,0.0004864676049666183,0.0897709745913744,"{""beta_mean"":0.015534437261521816,""beta_std"":0.0023709284141659737,""beta_min"":0.011322353966534138,""beta_max"":0.022503359243273735,""t2"":47.821711438638445}"
3,64,cf_schatten_filtered,66028,0.0005098219626233913,3.8051979541778564,0.0245569430408068,47.68461664204769,47.68461664204769,0.0004850730045781219,0.0004850730045781219,0.22600750997662544,"{""beta_mean"":0.015512124635279179,""beta_std"":0.002367344917729497,""beta_min"":0.011243498884141445,""beta_max"":0.02246667444705963,""t2"":47.68461664204769}"
4,64,cf_schatten_filtered,66028,0.0003126481897197664,3.4223034977912903,0.0118284716445487,47.5583043633332,47.5583043633332,0.00048378808963351645,0.00048378808963351645,0.29764991998672485,"{""beta_mean"":0.015490924008190632,""beta_std"":0.0023683460894972086,""beta_min"":0.011159410700201988,""beta_max"":0.022486912086606026,""t2"":47.5583043633332}"
5,64,cf_schatten_filtered,66028,0.0002853448695532279,3.3966184258461,0.005049346887972206,47.43229509895682,47.43229509895682,0.00048250625711015647,0.00048250625711015647,0.3153185695409775,"{""beta_mean"":0.015470204874873161,""beta_std"":0.0023636335972696543,""beta_min"":0.011046825908124447,""beta_max"":0.02249409444630146,""t2"":47.43229509895682}"
6,64,cf_schatten_filtered,66028,0.0002787729390547611,3.338788688182831,0.004688112712756265,47.30279656642212,47.30279656642212,0.0004811889299155896,0.0004811889299155896,0.31288042664527893,"{""beta_mean"":0.015448943711817265,""beta_std"":0.002359431004151702,""beta_min"":0.01092305313795805,""beta_max"":0.0226130373775959,""t2"":47.30279656642212}"
7,64,cf_schatten_filtered,66028,0.00027140617203258444,3.3314513564109802,0.002984528604429215,47.18320377808534,47.18320377808534,0.0004799723691618382,0.0004799723691618382,0.3140464946627617,"{""beta_mean"":0.015429000370204449,""beta_std"":0.002356845187023282,""beta_min"":0.010814317502081394,""beta_max"":0.022622128948569298,""t2"":47.18320377808534}"
8,64,cf_schatten_filtered,66028,0.00026773485296871513,3.3278011083602905,0.0031946353847160935,47.080738698807636,47.080738698807636,0.0004789300404745243,0.00047893004047452426,0.31739214807748795,"{""beta_mean"":0.01541177835315466,""beta_std"":0.002353446092456579,""beta_min"":0.010807801969349384,""beta_max"":0.022466810420155525,""t2"":47.080738698807636}"
9,64,cf_schatten_filtered,66028,0.000266102144450997,3.2884525060653687,0.002812883525621146,46.96995839404635,46.96995839404635,0.00047780312493943635,0.00047780312493943635,0.32301015406847,"{""beta_mean"":0.015392914414405823,""beta_std"":0.0023499319795519114,""beta_min"":0.010804922319948673,""beta_max"":0.02245798148214817,""t2"":46.96995839404635}"
10,64,cf_schatten_filtered,66028,0.00026465477822057437,3.2764095664024353,0.0034454085543984547,46.84015784059081,46.84015784059081,0.0004764827254291871,0.0004764827254291871,0.3269038125872612,"{""beta_mean"":0.015371599234640598,""beta_std"":0.002344297245144844,""beta_min"":0.010843455791473389,""beta_max"":0.022412484511733055,""t2"":46.84015784059081}"
11,64,cf_schatten_filtered,66028,0.0002605375248094788,3.278869390487671,0.0030143684780341573,46.721044922131746,46.721044922131746,0.00047527104616426337,0.00047527104616426337,0.32058681547641754,"{""beta_mean"":0.0153525834903121,""beta_std"":0.00233996263705194,""beta_min"":0.010797119699418545,""beta_max"":0.02236190252006054,""t2"":46.721044922131746}"
12,64,cf_schatten_filtered,66028,0.00025961678511521313,3.243613600730896,0.0021974242336000316,46.604514609295286,46.604514609295286,0.00047408563852229093,0.00047408563852229093,0.32681624591350555,"{""beta_mean"":0.015333431772887707,""beta_std"":0.0023368706461042166,""beta_min"":0.01069306954741478,""beta_max"":0.0223741102963686,""t2"":46.604514609295286}"
13,64,cf_schatten_filtered,66028,0.00025627763170632534,3.225098669528961,0.0026238943391945213,46.487463637094834,46.487463637094834,0.0004728949344593794,0.0004728949344593794,0.32634562999010086,"{""beta_mean"":0.015313692390918732,""beta_std"":0.002332456409931183,""beta_min"":0.010731852613389492,""beta_max"":0.02238503098487854,""t2"":46.487463637094834}"
14,64,cf_schatten_filtered,66028,0.000257014415183221,3.256179988384247,0.002706003411731217,46.37506766847038,46.37506766847038,0.0004717515835415688,0.00047175158354156876,0.3215528801083565,"{""beta_mean"":0.015294544398784637,""beta_std"":0.00233170622959733,""beta_min"":0.01071855053305626,""beta_max"":0.022503023967146873,""t2"":46.37506766847038}"
15,64,cf_schatten_filtered,66028,0.0002559628956078086,3.224357545375824,0.0022701784982928075,46.24809929709237,46.24809929709237,0.000470459994477258,0.000470459994477258,0.3259255141019821,"{""beta_mean"":0.015272621065378189,""beta_std"":0.0023334845900535583,""beta_min"":0.010743922553956509,""beta_max"":0.022726736962795258,""t2"":46.24809929709237}"
16,64,cf_schatten_filtered,66028,0.00025371054471179377,3.2058557868003845,0.0018427369031996932,46.12139960723563,46.12139960723563,0.00046917113858271925,0.00046917113858271925,0.3257548436522484,"{""beta_mean"":0.01525075826793909,""beta_std"":0.0023355933371931314,""beta_min"":0.010754335671663284,""beta_max"":0.022796066477894783,""t2"":46.12139960723563}"
17,64,cf_schatten_filtered,66028,0.00025137325883406447,3.203748345375061,0.001651078520808369,45.99590988812877,45.99590988812877,0.0004678945911471433,0.0004678945911471433,0.32411302626132965,"{""beta_mean"":0.015229636803269386,""beta_std"":0.002331838710233569,""beta_min"":0.010764772072434425,""beta_max"":0.02270887792110443,""t2"":45.99590988812877}"
18,64,cf_schatten_filtered,66028,0.0002516419317544205,3.1857935190200806,0.0014283220807556063,45.86491501308661,45.86491501308661,0.000466562042369452,0.000466562042369452,0.32235530763864517,"{""beta_mean"":0.015208056196570396,""beta_std"":0.0023283809423446655,""beta_min"":0.010693332180380821,""beta_max"":0.022717708721756935,""t2"":45.86491501308661}"
19,64,cf_schatten_filtered,66028,0.00024972946175694233,3.201060652732849,0.0020647332166845445,45.74355960598073,45.74355960598073,0.0004653275513303704,0.0004653275513303704,0.31636615842580795,"{""beta_mean"":0.015188265591859818,""beta_std"":0.0023245711345225573,""beta_min"":0.01071640569716692,""beta_max"":0.022520679980516434,""t2"":45.74355960598073}"
20,64,cf_schatten_filtered,66028,0.0002495772478141589,3.198068618774414,0.002449299725412857,45.62261351667575,45.62261351667575,0.0004640972240872777,0.0004640972240872777,0.3177734985947609,"{""beta_mean"":0.01516777090728283,""beta_std"":0.002323351800441742,""beta_min"":0.010678333230316639,""beta_max"":0.022474344819784164,""t2"":45.62261351667575}"
1,128,ordinary_noise,130026,0.01158567875972949,46.206682205200195,0.26696622237795964,922.3021167179013,922.3021167179013,0.002345535575149285,0.002345535575149285,0.1292843483388424,"{""sigma"":0.048430729657411575,""sigma2"":0.002345535575149285,""t2"":922.3021167179013}"
2,128,ordinary_noise,130026,0.003297246541478671,29.43360471725464,0.07898978044977412,866.1611244987635,866.1611244987635,0.0022027616488107388,0.0022027616488107388,0.4477226808667183,"{""sigma"":0.04693358764052391,""sigma2"":0.0022027616488107388,""t2"":866.1611244987635}"
3,128,ordinary_noise,130026,0.002358030586037785,28.898690223693848,0.030273105076048523,814.8485903983456,814.8485903983456,0.0020722671264606363,0.0020722671264606363,0.42055363953113556,"{""sigma"":0.045522160828113556,""sigma2"":0.0020722671264606363,""t2"":814.8485903983456}"
4,128,ordinary_noise,130026,0.0020938683301210403,27.323008060455322,0.016813420748803765,767.9480550682856,767.9480550682856,0.0019529928972073507,0.0019529928972073507,0.4631853774189949,"{""sigma"":0.04419267922639847,""sigma2"":0.0019529928972073507,""t2"":767.9480550682856}"
5,128,ordinary_noise,130026,0.0019345462787896395,26.404189109802246,0.008494114270433784,725.0483696065712,725.0483696065712,0.001843893355322701,0.001843893355322701,0.46234268695116043,"{""sigma"":0.04294057935476303,""sigma2"":0.001843893355322701,""t2"":725.0483696065712}"
6,128,ordinary_noise,130026,0.0018182800413342193,25.6935453414917,0.004983179678674787,685.6778330333382,685.6778330333382,0.0017437689031813003,0.0017437689031813003,0.4671322926878929,"{""sigma"":0.0417584590613842,""sigma2"":0.0017437689031813003,""t2"":685.6778330333382}"
7,128,ordinary_noise,130026,0.0017160244242404588,25.000110626220703,0.004587742514559068,649.4845731271689,649.4845731271689,0.001651724683449221,0.001651724683449221,0.4670412763953209,"{""sigma"":0.0406414158642292,""sigma2"":0.001651724683449221,""t2"":649.4845731271689}"
8,128,ordinary_noise,130026,0.0016274158260785043,24.328288078308105,0.0036598920851247385,616.0983016234459,616.0983016234459,0.001566819004372777,0.001566819004372777,0.4668879061937332,"{""sigma"":0.03958306461572647,""sigma2"":0.001566819004372777,""t2"":616.0983016234459}"
9,128,ordinary_noise,130026,0.0015420541385537945,23.74181890487671,0.0036231288831913844,585.3161756149493,585.3161756149493,0.001488536009762953,0.001488536009762953,0.46803999692201614,"{""sigma"":0.03858155012130737,""sigma2"":0.001488536009762953,""t2"":585.3161756149493}"
10,128,ordinary_noise,130026,0.001465633962652646,23.121938705444336,0.0035835412272717804,556.8137076536877,556.8137076536877,0.0014160504853660272,0.0014160504853660272,0.46635156124830246,"{""sigma"":0.03763044625520706,""sigma2"":0.0014160504853660272,""t2"":556.8137076536877}"
11,128,ordinary_noise,130026,0.0013953916786704212,22.582706928253174,0.003212509836885147,530.3934192415327,530.3934192415327,0.0013488602173907793,0.0013488602173907793,0.4677438959479332,"{""sigma"":0.03672683238983154,""sigma2"":0.0013488602173907793,""t2"":530.3934192415327}"
12,128,ordinary_noise,130026,0.0013310332869878039,22.04397201538086,0.0028969489940209314,505.78961436635836,505.78961436635836,0.0012862895059365803,0.0012862895059365803,0.4686608761548996,"{""sigma"":0.035864878445863724,""sigma2"":0.0012862895059365803,""t2"":505.78961436635836}"
13,128,ordinary_noise,130026,0.0012657864717766643,21.50272560119629,0.0027190959663130343,482.93892875456913,482.93892875456913,0.0012281772073226144,0.0012281772073226144,0.4667516276240349,"{""sigma"":0.035045359283685684,""sigma2"":0.0012281772073226144,""t2"":482.93892875456913}"
14,128,ordinary_noise,130026,0.001209992347867228,21.00589895248413,0.0027019119152100757,461.655110773012,461.655110773012,0.0011740496591517435,0.0011740496591517435,0.46659257262945175,"{""sigma"":0.03426440805196762,""sigma2"":0.0011740496591517435,""t2"":461.655110773012}"
15,128,ordinary_noise,130026,0.0011571981813176535,20.619112014770508,0.002613253323943354,441.7794028619883,441.7794028619883,0.0011235031200713813,0.0011235031200713813,0.46733223646879196,"{""sigma"":0.03351869806647301,""sigma2"":0.0011235031200713813,""t2"":441.7794028619883}"
16,128,ordinary_noise,130026,0.0011095902227680199,20.172598838806152,0.002670491026947275,423.1765646740314,423.1765646740314,0.0010761936560924057,0.0010761936560924057,0.46693944185972214,"{""sigma"":0.032805390655994415,""sigma2"":0.0010761936560924057,""t2"":423.1765646740314}"
17,128,ordinary_noise,130026,0.0010624269125401042,19.720935821533203,0.0025238419766537845,405.7362577071981,405.7362577071981,0.0010318406618937126,0.0010318406618937126,0.4674603044986725,"{""sigma"":0.03212227672338486,""sigma2"":0.0010318406618937126,""t2"":405.7362577071981}"
18,128,ordinary_noise,130026,0.001016728456306737,19.31545639038086,0.002377141310716979,389.3912890494903,389.3912890494903,0.000990273257063523,0.000990273257063523,0.46933597326278687,"{""sigma"":0.03146860748529434,""sigma2"":0.000990273257063523,""t2"":389.3912890494903}"
19,128,ordinary_noise,130026,0.0009773947967914864,18.88674545288086,0.002197833775426261,374.0347586666953,374.0347586666953,0.0009512195807563663,0.0009512195807563663,0.4646143391728401,"{""sigma"":0.030841847881674767,""sigma2"":0.0009512195807563663,""t2"":374.0347586666953}"
20,128,ordinary_noise,130026,0.0009400460803590249,18.537996768951416,0.0020302291959524155,359.5625545391281,359.5625545391281,0.0009144148624143679,0.0009144148624143679,0.4690306857228279,"{""sigma"":0.030239293351769447,""sigma2"":0.0009144148624143679,""t2"":359.5625545391281}"
1,128,ordinary_noise,130027,0.0075752103148261085,34.339107513427734,0.1403626915998757,922.3038193615266,922.3038193615266,0.0023455399051959397,0.0023455399051959397,0.33532124757766724,"{""sigma"":0.04843077436089516,""sigma2"":0.0023455399051959397,""t2"":922.3038193615266}"
2,128,ordinary_noise,130027,0.002815302083035931,30.252529621124268,0.03243414772441611,866.2887298896148,866.2887298896148,0.002203086166101112,0.002203086166101112,0.42106588184833527,"{""sigma"":0.04693704470992088,""sigma2"":0.002203086166101112,""t2"":866.2887298896148}"
3,128,ordinary_noise,130027,0.0022717858955729753,28.49062156677246,0.014040731213754043,815.0030352029717,815.0030352029717,0.002072659899909901,0.002072659899909901,0.44886869192123413,"{""sigma"":0.045526474714279175,""sigma2"":0.002072659899909901,""t2"":815.0030352029717}"
4,128,ordinary_noise,130027,0.002064574306132272,27.214974403381348,0.010305990173947066,768.0454201506436,768.0454201506436,0.0019532405094163097,0.0019532405094163097,0.4670536145567894,"{""sigma"":0.04419548064470291,""sigma2"":0.0019532405094163097,""t2"":768.0454201506436}"
5,128,ordinary_noise,130027,0.0019221901529817842,26.37959384918213,0.006424618361052126,725.095672110001,725.095672110001,0.001844013651809695,0.001844013651809695,0.4665928781032562,"{""sigma"":0.04294198006391525,""sigma2"":0.001844013651809695,""t2"":725.095672110001}"
6,128,ordinary_noise,130027,0.0018073309111059643,25.618725299835205,0.00565481222292874,685.7040138796492,685.7040138796492,0.0017438354845165233,0.0017438354845165233,0.47030145674943924,"{""sigma"":0.04175925627350807,""sigma2"":0.0017438354845165233,""t2"":685.7040138796492}"
7,128,ordinary_noise,130027,0.0017151626088889316,25.010058879852295,0.005484571156557649,649.4505205121877,649.4505205121877,0.0016516380831710503,0.0016516380831710503,0.4673733115196228,"{""sigma"":0.04064035043120384,""sigma2"":0.0016516380831710503,""t2"":649.4505205121877}"
8,128,ordinary_noise,130027,0.0016260154952760786,24.258882522583008,0.005571776331635192,616.0090110314777,616.0090110314777,0.001566591926654759,0.001566591926654759,0.4713801443576813,"{""sigma"":0.039580196142196655,""sigma2"":0.001566591926654759,""t2"":616.0090110314777}"
9,128,ordinary_noise,130027,0.0015407934770337306,23.69254970550537,0.007897198825958185,585.1577156382482,585.1577156382482,0.0014881330252030645,0.0014881330252030645,0.4667572155594826,"{""sigma"":0.03857632726430893,""sigma2"":0.0014881330252030645,""t2"":585.1577156382482}"
10,128,ordinary_noise,130027,0.0014615222462452948,23.095489501953125,0.007586911029648036,556.6762400656498,556.6762400656498,0.001415700887211227,0.001415700887211227,0.4685741439461708,"{""sigma"":0.03762580081820488,""sigma2"":0.001415700887211227,""t2"":556.6762400656498}"
11,128,ordinary_noise,130027,0.0013920033161411993,22.508541584014893,0.007461914035957307,530.2632334795417,530.2632334795417,0.0013485291378772524,0.0013485291378772524,0.4689364954829216,"{""sigma"":0.036722324788570404,""sigma2"":0.0013485291378772524,""t2"":530.2632334795417}"
12,128,ordinary_noise,130027,0.0013256846359581687,21.95724630355835,0.0058041149022756144,505.7409667899119,505.7409667899119,0.001286165788752014,0.001286165788752014,0.46896200627088547,"{""sigma"":0.035863153636455536,""sigma2"":0.001286165788752014,""t2"":505.7409667899119}"
13,128,ordinary_noise,130027,0.001266965969989542,21.495644569396973,0.006745890044840053,482.9013515514871,482.9013515514871,0.0012280816435533831,0.0012280816435533831,0.4668823629617691,"{""sigma"":0.03504399582743645,""sigma2"":0.0012280816435533831,""t2"":482.9013515514871}"
14,128,ordinary_noise,130027,0.0012130189425079152,21.05666971206665,0.009322099416749552,461.57962508495984,461.57962508495984,0.0011738576891198726,0.0011738576891198726,0.468254879117012,"{""sigma"":0.03426160663366318,""sigma2"":0.0011738576891198726,""t2"":461.57962508495984}"
15,128,ordinary_noise,130027,0.0011581939543248154,20.52134609222412,0.008244906421168707,441.6816999503353,441.6816999503353,0.0011232546487180972,0.0011232546487180972,0.46984074264764786,"{""sigma"":0.03351499140262604,""sigma2"":0.0011232546487180972,""t2"":441.6816999503353}"
16,128,ordinary_noise,130027,0.0011088159735663794,20.192017078399658,0.007060461997753009,423.06402788207015,423.06402788207015,0.0010759074602306878,0.0010759074602306878,0.47052641212940216,"{""sigma"":0.032801028341054916,""sigma2"":0.0010759074602306878,""t2"":423.06402788207015}"
17,128,ordinary_noise,130027,0.001058512534655165,19.72420024871826,0.004663581887143664,405.64224902890237,405.64224902890237,0.0010316015854616861,0.0010316015854616861,0.4688534438610077,"{""sigma"":0.032118555158376694,""sigma2"":0.0010316015854616861,""t2"":405.64224902890237}"
18,128,ordinary_noise,130027,0.0010158720251638442,19.266932010650635,0.0027825108700199053,389.2986404092426,389.2986404092426,0.0009900376393871119,0.0009900376393871119,0.4706547409296036,"{""sigma"":0.03146486356854439,""sigma2"":0.0009900376393871119,""t2"":389.2986404092426}"
19,128,ordinary_noise,130027,0.0009753369085956365,18.906585216522217,0.0035245611506979913,373.9424195367187,373.9424195367187,0.0009509847502052783,0.0009509847502052783,0.46904265135526657,"{""sigma"":0.03083804063498974,""sigma2"":0.0009509847502052783,""t2"":373.9424195367187}"
20,128,ordinary_noise,130027,0.0009389745318912901,18.61245346069336,0.003690856392495334,359.48504099734555,359.48504099734555,0.0009142177352837767,0.0009142177352837767,0.46682336181402206,"{""sigma"":0.030236033722758293,""sigma2"":0.0009142177352837767,""t2"":359.48504099734555}"
1,128,ordinary_noise,130028,0.009291833179304376,32.85140895843506,0.3126736929407343,922.2070549423279,922.2070549423279,0.0023452938205523882,0.0023452938205523882,0.3500824570655823,"{""sigma"":0.048428233712911606,""sigma2"":0.0023452938205523882,""t2"":922.2070549423279}"
2,128,ordinary_noise,130028,0.0029629601049236953,32.04012155532837,0.07589608721900731,866.0232167412469,866.0232167412469,0.0022024109312470674,0.0022024109312470674,0.3417993187904358,"{""sigma"":0.04692985117435455,""sigma2"":0.0022024109312470674,""t2"":866.0232167412469}"
3,128,ordinary_noise,130028,0.0023319640604313463,28.520240306854248,0.02926305725122802,814.619750916514,814.619750916514,0.002071685157563563,0.002071685157563563,0.44722162187099457,"{""sigma"":0.045515768229961395,""sigma2"":0.002071685157563563,""t2"":814.619750916514}"
4,128,ordinary_noise,130028,0.002083259983919561,27.33646297454834,0.013845838780980557,767.6880998253691,767.6880998253691,0.0019523317968377918,0.0019523317968377918,0.4573843404650688,"{""sigma"":0.044185198843479156,""sigma2"":0.0019523317968377918,""t2"":767.6880998253691}"
5,128,ordinary_noise,130028,0.0019339138962095603,26.425708770751953,0.009042979159858078,724.7230808898748,724.7230808898748,0.0018430661033372875,0.0018430661033372875,0.4654942974448204,"{""sigma"":0.04293094575405121,""sigma2"":0.0018430661033372875,""t2"":724.7230808898748}"
6,128,ordinary_noise,130028,0.0018173936332459562,25.768835067749023,0.006651770760072395,685.331045159488,685.331045159488,0.0017428869760118815,0.0017428869760118815,0.46539977937936783,"{""sigma"":0.04174789786338806,""sigma2"":0.0017428869760118815,""t2"":685.331045159488}"
7,128,ordinary_noise,130028,0.0017145902311312966,24.957330226898193,0.006069610433769412,649.1149237957725,649.1149237957725,0.0016507846165867424,0.0016507846165867424,0.4689650982618332,"{""sigma"":0.04062984883785248,""sigma2"":0.0016507846165867424,""t2"":649.1149237957725}"
8,128,ordinary_noise,130028,0.0016261720957118087,24.315425395965576,0.0056532417656853795,615.7645966472046,615.7645966472046,0.001565970348732515,0.001565970348732515,0.46857280284166336,"{""sigma"":0.0395723432302475,""sigma2"":0.001565970348732515,""t2"":615.7645966472046}"
9,128,ordinary_noise,130028,0.0015444821037817746,23.720779418945312,0.005076808825833723,584.9320432828736,584.9320432828736,0.0014875591107250813,0.0014875591107250813,0.4670104905962944,"{""sigma"":0.0385688878595829,""sigma2"":0.0014875591107250813,""t2"":584.9320432828736}"
10,128,ordinary_noise,130028,0.0014620013535022736,23.08187770843506,0.0044056630722479895,556.4127069370297,556.4127069370297,0.0014150306878077945,0.0014150306878077945,0.46596527099609375,"{""sigma"":0.03761689364910126,""sigma2"":0.0014150306878077945,""t2"":556.4127069370297}"
11,128,ordinary_noise,130028,0.0013943199228378944,22.55922555923462,0.0054401837987825274,529.9811832936248,529.9811832936248,0.0013478118471619283,0.0013478118471619283,0.46757226437330246,"{""sigma"":0.03671255707740784,""sigma2"":0.0013478118471619283,""t2"":529.9811832936248}"
12,128,ordinary_noise,130028,0.0013305317334015854,21.9855318069458,0.0040267548902193084,505.4060659996103,505.4060659996103,0.0012853140919993344,0.0012853140919993344,0.469489261507988,"{""sigma"":0.03585127741098404,""sigma2"":0.0012853140919993344,""t2"":505.4060659996103}"
13,128,ordinary_noise,130028,0.0012654772945097648,21.512526512145996,0.004032213852042332,482.5549093564914,482.5549093564914,0.0012272005954907517,0.0012272005954907517,0.46927132457494736,"{""sigma"":0.03503142297267914,""sigma2"":0.0012272005954907517,""t2"":482.5549093564914}"
14,128,ordinary_noise,130028,0.0012098555089323781,21.046944618225098,0.0046457481948891655,461.27282725899386,461.27282725899386,0.0011730774619013312,0.0011730774619013312,0.4673513323068619,"{""sigma"":0.03425021842122078,""sigma2"":0.0011730774619013312,""t2"":461.27282725899386}"
15,128,ordinary_noise,130028,0.0011579094498301856,20.599320888519287,0.0035408914409345016,441.3511612985076,441.3511612985076,0.0011224140454572235,0.0011224140454572235,0.47028157860040665,"{""sigma"":0.033502448350191116,""sigma2"":0.0011224140454572235,""t2"":441.3511612985076}"
16,128,ordinary_noise,130028,0.0011065803992096335,20.097910404205322,0.002966953907161951,422.7453349603675,422.7453349603675,0.001075096982219359,0.001075096982219359,0.4678778573870659,"{""sigma"":0.03278867155313492,""sigma2"":0.001075096982219359,""t2"":422.7453349603675}"
17,128,ordinary_noise,130028,0.0010603530827211216,19.676344394683838,0.0031417438585776836,405.30676734442204,405.30676734442204,0.0010307484114187165,0.0010307484114187165,0.46901680529117584,"{""sigma"":0.03210527077317238,""sigma2"":0.0010307484114187165,""t2"":405.30676734442204}"
18,128,ordinary_noise,130028,0.0010186995205003768,19.25474262237549,0.0027517524868017063,388.9576409104393,388.9576409104393,0.000989170432816669,0.000989170432816669,0.470975786447525,"{""sigma"":0.03145107999444008,""sigma2"":0.000989170432816669,""t2"":388.9576409104393}"
19,128,ordinary_noise,130028,0.000976660339802038,18.96494722366333,0.0030708896374562755,373.5943077921379,373.5943077921379,0.0009500994562584887,0.0009500994562584887,0.4661860913038254,"{""sigma"":0.030823683366179466,""sigma2"":0.0009500994562584887,""t2"":373.5943077921379}"
20,128,ordinary_noise,130028,0.0009387292848259676,18.574594974517822,0.0028068246465409175,359.1346512226064,359.1346512226064,0.0009133266480067098,0.0009133266480067098,0.46589092165231705,"{""sigma"":0.03022129461169243,""sigma2"":0.0009133266480067098,""t2"":359.1346512226064}"
1,128,cf_unfiltered,130026,0.00964861232205294,37.95454120635986,0.2665791424224153,394.1597532045039,394.1597532045039,0.0010024000885124305,0.0010024000885124305,0.03607827331870794,"{""beta_mean"":0.0224742628633976,""beta_std"":0.00020283124467823654,""beta_min"":0.02193944901227951,""beta_max"":0.023064224049448967,""t2"":394.1597532045039}"
2,128,cf_unfiltered,130026,0.0015062497550388798,15.044780015945435,0.07857531873742118,393.2331327409935,393.2331327409935,0.0010000435708134804,0.0010000435708134804,0.3846762701869011,"{""beta_mean"":0.02244698815047741,""beta_std"":0.0002744460362009704,""beta_min"":0.021582577377557755,""beta_max"":0.02330990508198738,""t2"":393.2331327409935}"
3,128,cf_unfiltered,130026,0.0007159194210544229,15.657401084899902,0.029490596032701433,392.31955142542836,392.31955142542836,0.0009977202133825388,0.0009977202133825388,0.3250601440668106,"{""beta_mean"":0.02242017537355423,""beta_std"":0.000324374035699293,""beta_min"":0.021375885233283043,""beta_max"":0.023554429411888123,""t2"":392.31955142542836}"
4,128,cf_unfiltered,130026,0.0005780013598268852,14.12063217163086,0.015950281493132934,391.4325468096145,391.4325468096145,0.0009954644439941775,0.0009954644439941775,0.44089390337467194,"{""beta_mean"":0.022394172847270966,""beta_std"":0.00036626801011152565,""beta_min"":0.021137699484825134,""beta_max"":0.023698003962635994,""t2"":391.4325468096145}"
5,128,cf_unfiltered,130026,0.0005320717355061788,14.023658514022827,0.007169698510551825,390.5197688725133,390.5197688725133,0.0009931431296603223,0.0009931431296603223,0.44868163019418716,"{""beta_mean"":0.022367512807250023,""beta_std"":0.0004042350919917226,""beta_min"":0.02095622569322586,""beta_max"":0.02376031130552292,""t2"":390.5197688725133}"
6,128,cf_unfiltered,130026,0.0005192733187868726,13.858264446258545,0.003614109482441563,389.61553666064907,389.61553666064907,0.0009908435482295966,0.0009908435482295966,0.4553814232349396,"{""beta_mean"":0.022341035306453705,""beta_std"":0.00043807204929180443,""beta_min"":0.020876139402389526,""beta_max"":0.02404220774769783,""t2"":389.61553666064907}"
7,128,cf_unfiltered,130026,0.0005147820302227046,13.806969404220581,0.0030586239299736917,388.6168986200532,388.6168986200532,0.0009883038803610565,0.0009883038803610565,0.46004166454076767,"{""beta_mean"":0.02231207676231861,""beta_std"":0.00046875840052962303,""beta_min"":0.02073495462536812,""beta_max"":0.02421692945063114,""t2"":388.6168986200532}"
8,128,cf_unfiltered,130026,0.0005098912261018995,13.804203510284424,0.0021916555269854143,387.6093626762127,387.6093626762127,0.0009857415839543983,0.0009857415839543983,0.4628503695130348,"{""beta_mean"":0.02228270098567009,""beta_std"":0.0004958611680194736,""beta_min"":0.020634064450860023,""beta_max"":0.02419721893966198,""t2"":387.6093626762127}"
9,128,cf_unfiltered,130026,0.0005068077152827755,13.784794569015503,0.002215505388448946,386.6594373083341,386.6594373083341,0.000983325798818802,0.000983325798818802,0.46408553421497345,"{""beta_mean"":0.02225477062165737,""beta_std"":0.0005240310565568507,""beta_min"":0.02040603570640087,""beta_max"":0.02406276948750019,""t2"":386.6594373083341}"
10,128,cf_unfiltered,130026,0.0005040284522692673,13.697502613067627,0.002242933740490116,385.773237423761,385.773237423761,0.0009810720759678166,0.0009810720759678166,0.46220774948596954,"{""beta_mean"":0.02222839556634426,""beta_std"":0.0005515374359674752,""beta_min"":0.020339583978056908,""beta_max"":0.024268804118037224,""t2"":385.773237423761}"
11,128,cf_unfiltered,130026,0.0005006954015698284,13.700116157531738,0.0018550253807916306,384.8646906392523,384.8646906392523,0.0009787615220114448,0.0009787615220114448,0.4642157033085823,"{""beta_mean"":0.02220182865858078,""beta_std"":0.0005736984312534332,""beta_min"":0.020157629624009132,""beta_max"":0.024593953043222427,""t2"":384.8646906392523}"
12,128,cf_unfiltered,130026,0.0005006589999538846,13.691016435623169,0.0019707056853803806,383.97714789774375,383.97714789774375,0.0009765043840986729,0.0009765043840986728,0.46209216117858887,"{""beta_mean"":0.022175686433911324,""beta_std"":0.000593559758272022,""beta_min"":0.020140664651989937,""beta_max"":0.02458142302930355,""t2"":383.97714789774375}"
13,128,cf_unfiltered,130026,0.0004988433393009473,13.672154426574707,0.0016317887348122895,383.0328788790091,383.0328788790091,0.0009741029838028185,0.0009741029838028186,0.46249765157699585,"{""beta_mean"":0.022147925570607185,""beta_std"":0.0006106779910624027,""beta_min"":0.020097075030207634,""beta_max"":0.024935688823461533,""t2"":383.0328788790091}"
14,128,cf_unfiltered,130026,0.0004970772351953201,13.639079570770264,0.001677864980592858,382.14032835261116,382.14032835261116,0.000971833110434497,0.0009718331104344969,0.46517957746982574,"{""beta_mean"":0.022121675312519073,""beta_std"":0.0006285868585109711,""beta_min"":0.02000194974243641,""beta_max"":0.025000765919685364,""t2"":382.14032835261116}"
15,128,cf_unfiltered,130026,0.0004950402653776109,13.614421129226685,0.001652860693866387,381.2565857728773,381.2565857728773,0.0009695856368328789,0.000969585636832879,0.4625629261136055,"{""beta_mean"":0.022095460444688797,""beta_std"":0.0006470468360930681,""beta_min"":0.019816361367702484,""beta_max"":0.024804646149277687,""t2"":381.2565857728773}"
16,128,cf_unfiltered,130026,0.0004948206660628784,13.601428747177124,0.0017409924548701383,380.3410643198498,380.3410643198498,0.0009672573453772222,0.0009672573453772223,0.46248936653137207,"{""beta_mean"":0.022068312391638756,""beta_std"":0.0006638719933107495,""beta_min"":0.019760629162192345,""beta_max"":0.02454615756869316,""t2"":380.3410643198498}"
17,128,cf_unfiltered,130026,0.0004932555693812901,13.605721950531006,0.001971337704162579,379.41796463945866,379.41796463945866,0.000964909781492764,0.0009649097814927639,0.4620872363448143,"{""beta_mean"":0.02204088866710663,""beta_std"":0.0006806094315834343,""beta_min"":0.019842538982629776,""beta_max"":0.02467341348528862,""t2"":379.41796463945866}"
18,128,cf_unfiltered,130026,0.000491412625706289,13.564865112304688,0.001758016638632398,378.5442430710691,378.5442430710691,0.0009626877926408617,0.0009626877926408618,0.463551290333271,"{""beta_mean"":0.022014617919921875,""beta_std"":0.0006983174826018512,""beta_min"":0.019731128588318825,""beta_max"":0.025017866864800453,""t2"":378.5442430710691}"
19,128,cf_unfiltered,130026,0.00049045148807636,13.54193639755249,0.0016758005585870706,377.6660711674375,377.6660711674375,0.0009604544860011737,0.0009604544860011737,0.4632928743958473,"{""beta_mean"":0.021988170221447945,""beta_std"":0.0007189750904217362,""beta_min"":0.01952444016933441,""beta_max"":0.025306211784482002,""t2"":377.6660711674375}"
20,128,cf_unfiltered,130026,0.0004883988167421194,13.532517910003662,0.0015455832035513595,376.8056350749406,376.8056350749406,0.000958266283861645,0.0009582662838616451,0.46466347575187683,"{""beta_mean"":0.02196211740374565,""beta_std"":0.0007384701166301966,""beta_min"":0.019354209303855896,""beta_max"":0.02528764307498932,""t2"":376.8056350749406}"
1,128,cf_unfiltered,130027,0.00564860623126151,22.238837242126465,0.1420583660947159,394.15256646866135,394.15256646866135,0.0010023818116980524,0.0010023818116980524,0.16587649285793304,"{""beta_mean"":0.02247442491352558,""beta_std"":0.00020296375441830605,""beta_min"":0.0219107773154974,""beta_max"":0.023055125027894974,""t2"":394.15256646866135}"
2,128,cf_unfiltered,130027,0.0010514621280890424,16.791945457458496,0.03268953663064167,393.21108937106646,393.21108937106646,0.0009999875116248232,0.0009999875116248232,0.30800241231918335,"{""beta_mean"":0.0224467720836401,""beta_std"":0.0002728331310208887,""beta_min"":0.021636655554175377,""beta_max"":0.023372367024421692,""t2"":393.21108937106646}"
3,128,cf_unfiltered,130027,0.0006418628363462631,14.902451515197754,0.01548779447330162,392.232745005785,392.232745005785,0.0009974994532414372,0.0009974994532414372,0.3842712789773941,"{""beta_mean"":0.022418055683374405,""beta_std"":0.00032368043321184814,""beta_min"":0.021421661600470543,""beta_max"":0.023687347769737244,""t2"":392.232745005785}"
4,128,cf_unfiltered,130027,0.0005477960439748131,13.973078966140747,0.009073327208170667,391.2916367854673,391.2916367854673,0.0009951060912716352,0.0009951060912716352,0.4521396830677986,"{""beta_mean"":0.022390449419617653,""beta_std"":0.0003665561380330473,""beta_min"":0.02119315043091774,""beta_max"":0.023722680285573006,""t2"":391.2916367854673}"
5,128,cf_unfiltered,130027,0.0005193520300963428,13.831634759902954,0.005220233317231759,390.4060741959818,390.4060741959818,0.0009928539891458684,0.0009928539891458684,0.45980843156576157,"{""beta_mean"":0.02236432209610939,""beta_std"":0.000402682984713465,""beta_min"":0.021069172769784927,""beta_max"":0.023840291425585747,""t2"":390.4060741959818}"
6,128,cf_unfiltered,130027,0.0005114175473863725,13.799614429473877,0.005473896424518898,389.49002843337894,389.49002843337894,0.0009905243643020094,0.0009905243643020094,0.4636278972029686,"{""beta_mean"":0.02233751490712166,""beta_std"":0.0004362302424851805,""beta_min"":0.020889416337013245,""beta_max"":0.024061542004346848,""t2"":389.49002843337894}"
7,128,cf_unfiltered,130027,0.0005096271197544411,13.744672775268555,0.0061975146309123375,388.5583053802122,388.5583053802122,0.0009881548700465194,0.0009881548700465194,0.464012086391449,"{""beta_mean"":0.02231011725962162,""beta_std"":0.0004675769596360624,""beta_min"":0.020664844661951065,""beta_max"":0.024267008528113365,""t2"":388.5583053802122}"
8,128,cf_unfiltered,130027,0.0005039212483097799,13.751530170440674,0.004596880797180347,387.68169978561673,387.68169978561673,0.0009859255467366962,0.0009859255467366962,0.46030237525701523,"{""beta_mean"":0.022284334525465965,""beta_std"":0.0004936933983117342,""beta_min"":0.020376382395625114,""beta_max"":0.024111149832606316,""t2"":387.68169978561673}"
9,128,cf_unfiltered,130027,0.0005028009654779453,13.73881483078003,0.005513106836588122,386.87261299948005,386.87261299948005,0.0009838679326362103,0.0009838679326362103,0.45923661440610886,"{""beta_mean"":0.022260311990976334,""beta_std"":0.0005187749629840255,""beta_min"":0.020197173580527306,""beta_max"":0.024152083322405815,""t2"":386.87261299948005}"
10,128,cf_unfiltered,130027,0.0005031160362705123,13.724090814590454,0.0066693979752017185,386.0076542314989,386.0076542314989,0.0009816682287381463,0.0009816682287381463,0.46291130781173706,"{""beta_mean"":0.022235184907913208,""beta_std"":0.0005420799134299159,""beta_min"":0.020212393254041672,""beta_max"":0.02421719767153263,""t2"":386.0076542314989}"
11,128,cf_unfiltered,130027,0.0005000253295293078,13.691664457321167,0.005441733737825416,385.15288515423595,385.15288515423595,0.000979494438563629,0.000979494438563629,0.46506698429584503,"{""beta_mean"":0.02221027947962284,""beta_std"":0.0005654514534398913,""beta_min"":0.02011200599372387,""beta_max"":0.02420225366950035,""t2"":385.15288515423595}"
12,128,cf_unfiltered,130027,0.0004985941777704284,13.649637460708618,0.004198382026515901,384.31823361064403,384.31823361064403,0.0009773718099229025,0.0009773718099229025,0.46904847025871277,"{""beta_mean"":0.022185666486620903,""beta_std"":0.0005879953969269991,""beta_min"":0.019959084689617157,""beta_max"":0.024293959140777588,""t2"":384.31823361064403}"
13,128,cf_unfiltered,130027,0.000497202570841182,13.620050430297852,0.0038237173357629217,383.4373572142078,383.4373572142078,0.0009751316254023433,0.0009751316254023433,0.46604619175195694,"{""beta_mean"":0.022159511223435402,""beta_std"":0.0006083988700993359,""beta_min"":0.019893383607268333,""beta_max"":0.02450922317802906,""t2"":383.4373572142078}"
14,128,cf_unfiltered,130027,0.0004960481855960097,13.58252239227295,0.00423969700204907,382.5443660340395,382.5443660340395,0.0009728606313935331,0.0009728606313935331,0.4682455062866211,"{""beta_mean"":0.022132769227027893,""beta_std"":0.0006297717918641865,""beta_min"":0.01988239586353302,""beta_max"":0.024540577083826065,""t2"":382.5443660340395}"
15,128,cf_unfiltered,130027,0.0004938794481859077,13.604852199554443,0.003427518779062666,381.6840720901412,381.6840720901412,0.0009706727907565848,0.0009706727907565848,0.46625061333179474,"{""beta_mean"":0.022107135504484177,""beta_std"":0.0006485613994300365,""beta_min"":0.019707800820469856,""beta_max"":0.02458321861922741,""t2"":381.6840720901412}"
16,128,cf_unfiltered,130027,0.0004926208493998274,13.584008693695068,0.0027722969243768603,380.827696675223,380.827696675223,0.0009684949154541602,0.00096849491545416,0.46690531075000763,"{""beta_mean"":0.02208191156387329,""beta_std"":0.000667165732011199,""beta_min"":0.01968008652329445,""beta_max"":0.024572676047682762,""t2"":380.827696675223}"
17,128,cf_unfiltered,130027,0.00049166833741765,13.537256240844727,0.0031982006257749163,379.96694338938596,379.96694338938596,0.0009663059066502532,0.0009663059066502532,0.4647178202867508,"{""beta_mean"":0.02205635979771614,""beta_std"":0.000685345265083015,""beta_min"":0.019509846344590187,""beta_max"":0.0246430654078722,""t2"":379.96694338938596}"
18,128,cf_unfiltered,130027,0.0004905140413029585,13.537148475646973,0.003952652885345742,379.1127495004514,379.1127495004514,0.0009641335792552984,0.0009641335792552983,0.46814022958278656,"{""beta_mean"":0.022031087428331375,""beta_std"":0.0007018615142442286,""beta_min"":0.019464140757918358,""beta_max"":0.024717893451452255,""t2"":379.1127495004514}"
19,128,cf_unfiltered,130027,0.0004907184211333515,13.511817693710327,0.00424937650677748,378.2319725857312,378.2319725857312,0.000961893647729826,0.000961893647729826,0.4668753370642662,"{""beta_mean"":0.0220049899071455,""beta_std"":0.0007193148485384881,""beta_min"":0.019490232691168785,""beta_max"":0.024903008714318275,""t2"":378.2319725857312}"
20,128,cf_unfiltered,130027,0.0004899193863820983,13.549766778945923,0.00492793269950198,377.3176917368869,377.3176917368869,0.0009595685112937594,0.0009595685112937594,0.4619014486670494,"{""beta_mean"":0.021977849304676056,""beta_std"":0.0007350140367634594,""beta_min"":0.01942265033721924,""beta_max"":0.02528310939669609,""t2"":377.3176917368869}"
1,128,cf_unfiltered,130028,0.007396765373414382,19.744060516357422,0.3136655412381515,394.0755193630116,394.0755193630116,0.001002185870775888,0.001002185870775888,0.18638571351766586,"{""beta_mean"":0.022472789511084557,""beta_std"":0.00020302645862102509,""beta_min"":0.02189919911324978,""beta_max"":0.02307967096567154,""t2"":394.0755193630116}"
2,128,cf_unfiltered,130028,0.001177973761514295,19.76207447052002,0.075707325944677,393.1710671897479,393.1710671897479,0.0009998857299543962,0.0009998857299543962,0.18229274824261665,"{""beta_mean"":0.022446542978286743,""beta_std"":0.00027583143673837185,""beta_min"":0.021559279412031174,""beta_max"":0.023465607315301895,""t2"":393.1710671897479}"
3,128,cf_unfiltered,130028,0.0006874131904623937,14.921829223632812,0.028447530552512035,392.3206478157917,392.3206478157917,0.0009977230016474195,0.0009977230016474195,0.3870725706219673,"{""beta_mean"":0.022421572357416153,""beta_std"":0.0003259641525801271,""beta_min"":0.02136203646659851,""beta_max"":0.02360551245510578,""t2"":392.3206478157917}"
4,128,cf_unfiltered,130028,0.000568806251976639,14.224608659744263,0.012987075097043999,391.41991477004535,391.41991477004535,0.0009954323190563084,0.0009954323190563084,0.43572065234184265,"{""beta_mean"":0.022394919767975807,""beta_std"":0.00036826106952503324,""beta_min"":0.021094361320137978,""beta_max"":0.023689018562436104,""t2"":391.41991477004535}"
5,128,cf_unfiltered,130028,0.0005311417080520187,14.030457496643066,0.007902484736405313,390.48286455891616,390.48286455891616,0.0009930492771375431,0.0009930492771375431,0.4468621164560318,"{""beta_mean"":0.022367216646671295,""beta_std"":0.00040260181413032115,""beta_min"":0.02089780755341053,""beta_max"":0.023802686482667923,""t2"":390.48286455891616}"
6,128,cf_unfiltered,130028,0.0005177858984097838,13.917392015457153,0.005110421363497153,389.6023567221823,389.6023567221823,0.0009908100299127764,0.0009908100299127764,0.45357778668403625,"{""beta_mean"":0.02234136499464512,""beta_std"":0.0004337387508712709,""beta_min"":0.020705534145236015,""beta_max"":0.02388453669846058,""t2"":389.6023567221823}"
7,128,cf_unfiltered,130028,0.0005118544249853585,13.841985940933228,0.004819548841624055,388.7423007617982,388.7423007617982,0.000988622794499202,0.000988622794499202,0.45701660960912704,"{""beta_mean"":0.022316040471196175,""beta_std"":0.00046385216410271823,""beta_min"":0.020432373508810997,""beta_max"":0.0240437313914299,""t2"":388.7423007617982}"
8,128,cf_unfiltered,130028,0.0005100574089738075,13.797696352005005,0.004638362894183956,387.8328464787663,387.8328464787663,0.0009863099326547402,0.0009863099326547402,0.4633633643388748,"{""beta_mean"":0.02228930965065956,""beta_std"":0.000490922830067575,""beta_min"":0.020256029441952705,""beta_max"":0.024231044575572014,""t2"":387.8328464787663}"
9,128,cf_unfiltered,130028,0.0005068412283435464,13.745980501174927,0.00399912604916608,386.9133318322663,386.9133318322663,0.0009839714859829363,0.0009839714859829363,0.4601450711488724,"{""beta_mean"":0.022262297570705414,""beta_std"":0.0005174187244847417,""beta_min"":0.02013590931892395,""beta_max"":0.02432195283472538,""t2"":386.9133318322663}"
10,128,cf_unfiltered,130028,0.0005044927311246283,13.771900653839111,0.0032270011433865875,385.94243457983544,385.94243457983544,0.0009815023665869025,0.0009815023665869025,0.4598715156316757,"{""beta_mean"":0.022233692929148674,""beta_std"":0.0005431633908301592,""beta_min"":0.01982804946601391,""beta_max"":0.024327734485268593,""t2"":385.94243457983544}"
11,128,cf_unfiltered,130028,0.0005004828017263208,13.677441835403442,0.003935354281566106,385.0360108804352,385.0360108804352,0.0009791972119151692,0.0009791972119151692,0.46464502811431885,"{""beta_mean"":0.02220671996474266,""beta_std"":0.0005686010117642581,""beta_min"":0.019779391586780548,""beta_max"":0.024236107245087624,""t2"":385.0360108804352}"
12,128,cf_unfiltered,130028,0.000499019672133727,13.656521320343018,0.002480218819982838,384.1667490248623,384.1667490248623,0.0009769865646994586,0.0009769865646994586,0.46447180956602097,"{""beta_mean"":0.02218109555542469,""beta_std"":0.0005907645681872964,""beta_min"":0.0198203157633543,""beta_max"":0.024224961176514626,""t2"":384.1667490248623}"
13,128,cf_unfiltered,130028,0.0004972196402377449,13.689931631088257,0.003793369120103307,383.3438839926109,383.3438839926109,0.0009748939107071201,0.0009748939107071201,0.4618970826268196,"{""beta_mean"":0.02215704135596752,""beta_std"":0.000612160365562886,""beta_min"":0.01985197328031063,""beta_max"":0.024271627888083458,""t2"":383.3438839926109}"
14,128,cf_unfiltered,130028,0.0004970987283741124,13.597245693206787,0.004071043338626623,382.49709970293907,382.49709970293907,0.0009727404268975297,0.0009727404268975298,0.46181368082761765,"{""beta_mean"":0.022131994366645813,""beta_std"":0.000634848780464381,""beta_min"":0.01973665878176689,""beta_max"":0.024360019713640213,""t2"":382.49709970293907}"
15,128,cf_unfiltered,130028,0.0004942208324791864,13.648046731948853,0.0030484198650810868,381.6734796104457,381.6734796104457,0.0009706458526876977,0.0009706458526876977,0.46643727272748947,"{""beta_mean"":0.022107671946287155,""beta_std"":0.0006551897386088967,""beta_min"":0.019782032817602158,""beta_max"":0.02454894222319126,""t2"":381.6734796104457}"
16,128,cf_unfiltered,130028,0.0004932783813274,13.589746713638306,0.0022695062871207483,380.85688795125037,380.85688795125037,0.0009685691527080545,0.0009685691527080545,0.46633677929639816,"{""beta_mean"":0.022083789110183716,""beta_std"":0.0006753061898052692,""beta_min"":0.01975383050739765,""beta_max"":0.024680709466338158,""t2"":380.85688795125037}"
17,128,cf_unfiltered,130028,0.000493207699037157,13.586832761764526,0.002999796583026182,379.9607027863874,379.9607027863874,0.0009662900359761235,0.0009662900359761236,0.4624524191021919,"{""beta_mean"":0.022057397291064262,""beta_std"":0.000692760047968477,""beta_min"":0.01945144683122635,""beta_max"":0.024554820731282234,""t2"":379.9607027863874}"
18,128,cf_unfiltered,130028,0.0004904430334136123,13.569910049438477,0.0024519928920199163,379.1188449517893,379.1188449517893,0.000964149080789666,0.000964149080789666,0.46307213604450226,"{""beta_mean"":0.022032780572772026,""beta_std"":0.0007095265900716186,""beta_min"":0.019539669156074524,""beta_max"":0.02464837022125721,""t2"":379.1188449517893}"
19,128,cf_unfiltered,130028,0.0004894436679023784,13.527522802352905,0.002474152897775639,378.2832895235298,378.2832895235298,0.0009620241534513595,0.0009620241534513596,0.4642736092209816,"{""beta_mean"":0.02200804464519024,""beta_std"":0.0007250223425216973,""beta_min"":0.019583331421017647,""beta_max"":0.024800410494208336,""t2"":378.2832895235298}"
20,128,cf_unfiltered,130028,0.0004886949027422816,13.553108930587769,0.00209556458867155,377.4534042122345,377.4534042122345,0.0009599136459661725,0.0009599136459661725,0.46537888050079346,"{""beta_mean"":0.021983452141284943,""beta_std"":0.0007425662479363382,""beta_min"":0.019450891762971878,""beta_max"":0.02473519742488861,""t2"":377.4534042122345}"
1,128,cf_schatten_filtered,130026,0.009390804520080565,36.661051750183105,0.26657422952121124,193.54486798585327,193.54486798585327,0.0004922100524542574,0.0004922100524542574,0.01400109357200563,"{""beta_mean"":0.015567757189273834,""beta_std"":0.0023634969256818295,""beta_min"":0.011094971559941769,""beta_max"":0.022674184292554855,""t2"":193.54486798585327}"
2,128,cf_schatten_filtered,130026,0.0012494523289205972,11.413478374481201,0.07856532675214112,193.2219346214089,193.2219346214089,0.000491388790439374,0.000491388790439374,0.2454253025352955,"{""beta_mean"":0.015554433688521385,""beta_std"":0.002362919971346855,""beta_min"":0.011029733344912529,""beta_max"":0.02278941310942173,""t2"":193.2219346214089}"
3,128,cf_schatten_filtered,130026,0.00045988715828571003,12.196056365966797,0.029452603921527043,192.92170258773515,192.92170258773515,0.0004906252608941019,0.0004906252608941019,0.18723605573177338,"{""beta_mean"":0.015541795641183853,""beta_std"":0.0023643532767891884,""beta_min"":0.011048235930502415,""beta_max"":0.02279083803296089,""t2"":192.92170258773515}"
4,128,cf_schatten_filtered,130026,0.00032280764389724936,10.204987287521362,0.015900360915111378,192.6261163423621,192.6261163423621,0.0004898735461994479,0.0004898735461994479,0.3102736249566078,"{""beta_mean"":0.015529549680650234,""beta_std"":0.0023646128829568624,""beta_min"":0.010970375500619411,""beta_max"":0.022894209250807762,""t2"":192.6261163423621}"
5,128,cf_schatten_filtered,130026,0.0002777635927486699,10.059647798538208,0.007073196233250201,192.3112177476418,192.3112177476418,0.0004890727176606287,0.0004890727176606287,0.32143019884824753,"{""beta_mean"":0.015516640618443489,""beta_std"":0.0023639549035578966,""beta_min"":0.01095255371183157,""beta_max"":0.023024726659059525,""t2"":192.3112177476418}"
6,128,cf_schatten_filtered,130026,0.00026527066256676335,9.895636558532715,0.003463103530521039,191.9966417247913,191.9966417247913,0.0004882727094644961,0.0004882727094644961,0.3301341086626053,"{""beta_mean"":0.015503800474107265,""beta_std"":0.002362988656386733,""beta_min"":0.010885144583880901,""beta_max"":0.023034000769257545,""t2"":191.9966417247913}"
7,128,cf_schatten_filtered,130026,0.0002606690650281962,9.809883832931519,0.002876752674637828,191.62814926574094,191.62814926574094,0.0004873355846805342,0.0004873355846805342,0.3361731767654419,"{""beta_mean"":0.015489116311073303,""beta_std"":0.0023607658222317696,""beta_min"":0.010897749103605747,""beta_max"":0.023017024621367455,""t2"":191.62814926574094}"
8,128,cf_schatten_filtered,130026,0.00025733838810992893,9.812264204025269,0.001959033565071877,191.25794696911916,191.25794696911916,0.00048639411155476675,0.00048639411155476675,0.33977609872817993,"{""beta_mean"":0.015474238432943821,""beta_std"":0.002358922502025962,""beta_min"":0.010961021296679974,""beta_max"":0.0230477936565876,""t2"":191.25794696911916}"
9,128,cf_schatten_filtered,130026,0.0002549743712734198,9.76995587348938,0.0019882653359672986,190.93167657589862,190.93167657589862,0.00048556436303685157,0.00048556436303685157,0.34233424067497253,"{""beta_mean"":0.015460625290870667,""beta_std"":0.0023596722166985273,""beta_min"":0.010963319800794125,""beta_max"":0.023026401177048683,""t2"":190.93167657589862}"
10,128,cf_schatten_filtered,130026,0.000253397318374482,9.7060387134552,0.002013556681049522,190.63298579746558,190.63298579746558,0.0004848047531063476,0.0004848047531063476,0.341536246240139,"{""beta_mean"":0.015447957441210747,""beta_std"":0.0023600058630108833,""beta_min"":0.010943830013275146,""beta_max"":0.023228395730257034,""t2"":190.63298579746558}"
11,128,cf_schatten_filtered,130026,0.00025114692471106537,9.705010890960693,0.001581735625222791,190.31409600792892,190.31409600792892,0.0004839937744342268,0.00048399377443422676,0.3423967882990837,"{""beta_mean"":0.015435008332133293,""beta_std"":0.002358880825340748,""beta_min"":0.010883216746151447,""beta_max"":0.0232443418353796,""t2"":190.31409600792892}"
12,128,cf_schatten_filtered,130026,0.00025127522530965507,9.713999509811401,0.0017121369528467767,189.99105157973713,189.99105157973713,0.00048317222996962773,0.0004831722299696277,0.3403492346405983,"{""beta_mean"":0.015422065742313862,""beta_std"":0.0023555001243948936,""beta_min"":0.01084430143237114,""beta_max"":0.023177776485681534,""t2"":189.99105157973713}"
13,128,cf_schatten_filtered,130026,0.00025012026890181005,9.689274549484253,0.0013183977425796911,189.64430747451235,189.64430747451235,0.00048229041410957933,0.00048229041410957933,0.34156837314367294,"{""beta_mean"":0.015408061444759369,""beta_std"":0.002352341078221798,""beta_min"":0.010862352326512337,""beta_max"":0.023207828402519226,""t2"":189.64430747451235}"
14,128,cf_schatten_filtered,130026,0.00024925777324824594,9.664790868759155,0.0013729890561080538,189.32970474958006,189.32970474958006,0.0004814903380065411,0.00048149033800654105,0.34438690543174744,"{""beta_mean"":0.015395259484648705,""beta_std"":0.002350859809666872,""beta_min"":0.010862631723284721,""beta_max"":0.02337336540222168,""t2"":189.32970474958006}"
15,128,cf_schatten_filtered,130026,0.00024831700466165785,9.65051555633545,0.001348210069409106,189.0158922947832,189.0158922947832,0.00048069227166438604,0.000480692271664386,0.3420644700527191,"{""beta_mean"":0.015382426790893078,""beta_std"":0.002349298447370529,""beta_min"":0.010761067271232605,""beta_max"":0.023290392011404037,""t2"":189.0158922947832}"
16,128,cf_schatten_filtered,130026,0.000248260237640352,9.65142273902893,0.0014515609946101904,188.6938879027323,188.6938879027323,0.0004798733721484688,0.0004798733721484688,0.34159060567617416,"{""beta_mean"":0.01536908932030201,""beta_std"":0.0023487538564950228,""beta_min"":0.010731254704296589,""beta_max"":0.023218728601932526,""t2"":188.6938879027323}"
17,128,cf_schatten_filtered,130026,0.0002475512355886167,9.656527757644653,0.0017120359843829647,188.36306867531798,188.36306867531798,0.0004790320553469797,0.0004790320553469797,0.3412484750151634,"{""beta_mean"":0.015355437062680721,""beta_std"":0.002347484463825822,""beta_min"":0.01065690815448761,""beta_max"":0.023118356242775917,""t2"":188.36306867531798}"
18,128,cf_schatten_filtered,130026,0.00024702468363102525,9.629977703094482,0.0014795499228057452,188.04431059248816,188.04431059248816,0.0004782214116223352,0.0004782214116223352,0.3427765667438507,"{""beta_mean"":0.015342322178184986,""beta_std"":0.002344898646697402,""beta_min"":0.01053275354206562,""beta_max"":0.023230841383337975,""t2"":188.04431059248816}"
19,128,cf_schatten_filtered,130026,0.000246333152972511,9.602123498916626,0.0013810079108225182,187.72424296348566,187.72424296348566,0.0004774074375495546,0.0004774074375495546,0.3435271382331848,"{""beta_mean"":0.01532908994704485,""beta_std"":0.002342924242839217,""beta_min"":0.010424918495118618,""beta_max"":0.023339735344052315,""t2"":187.72424296348566}"
20,128,cf_schatten_filtered,130026,0.0002453222459735116,9.603809118270874,0.0012199359262012877,187.41351345332296,187.41351345332296,0.0004766172115410435,0.0004766172115410435,0.3444806933403015,"{""beta_mean"":0.015316115692257881,""beta_std"":0.0023410040885210037,""beta_min"":0.01039717998355627,""beta_max"":0.02341434918344021,""t2"":187.41351345332296}"
1,128,cf_schatten_filtered,130027,0.005390864724176936,19.94252586364746,0.14205710124224424,193.51832078486095,193.51832078486095,0.0004921425394309004,0.0004921425394309004,0.07613280788064003,"{""beta_mean"":0.015567456372082233,""beta_std"":0.002360883867368102,""beta_min"":0.011193476617336273,""beta_max"":0.022782135754823685,""t2"":193.51832078486095}"
2,128,cf_schatten_filtered,130027,0.000794617910287343,13.63564920425415,0.03267460054485127,193.17661213115846,193.17661213115846,0.0004912735293862876,0.0004912735293862876,0.17167571187019348,"{""beta_mean"":0.015553716570138931,""beta_std"":0.0023584424052387476,""beta_min"":0.011133190244436264,""beta_max"":0.022802380844950676,""t2"":193.17661213115846}"
3,128,cf_schatten_filtered,130027,0.0003850134562526364,11.26314902305603,0.01545744645409286,192.8238591265898,192.8238591265898,0.0004903764321049749,0.0004903764321049749,0.24265536293387413,"{""beta_mean"":0.015539352782070637,""beta_std"":0.002356464508920908,""beta_min"":0.01109888032078743,""beta_max"":0.022901030257344246,""t2"":192.8238591265898}"
4,128,cf_schatten_filtered,130027,0.0002925991648226045,9.994248867034912,0.009016457857796922,192.48665192068228,192.48665192068228,0.0004895188698340919,0.0004895188698340919,0.32567788660526276,"{""beta_mean"":0.015525707975029945,""beta_std"":0.002354474738240242,""beta_min"":0.011070284061133862,""beta_max"":0.0229727104306221,""t2"":192.48665192068228}"
5,128,cf_schatten_filtered,130027,0.00026520064966462087,9.823550939559937,0.0051214751292718574,192.17076551474784,192.17076551474784,0.0004887155291614478,0.0004887155291614478,0.33613797277212143,"{""beta_mean"":0.015513024292886257,""beta_std"":0.0023520528338849545,""beta_min"":0.010982715524733067,""beta_max"":0.023040859028697014,""t2"":192.17076551474784}"
6,128,cf_schatten_filtered,130027,0.0002577374380052788,9.769580602645874,0.005366327881347388,191.84267535982434,191.84267535982434,0.0004878811527502043,0.0004878811527502043,0.3410372883081436,"{""beta_mean"":0.015499921515583992,""beta_std"":0.0023499159142374992,""beta_min"":0.010897940024733543,""beta_max"":0.02300277352333069,""t2"":191.84267535982434}"
7,128,cf_schatten_filtered,130027,0.00025627132527006324,9.72035837173462,0.006093890879128594,191.50664872689632,191.50664872689632,0.00048702659283166586,0.00048702659283166586,0.34206537157297134,"{""beta_mean"":0.015486308373510838,""beta_std"":0.0023472707252949476,""beta_min"":0.010829301550984383,""beta_max"":0.023136280477046967,""t2"":191.50664872689632}"
8,128,cf_schatten_filtered,130027,0.0002523117345845094,9.750663995742798,0.004456226393813267,191.20564518794873,191.20564518794873,0.00048626110124702133,0.00048626110124702133,0.3364940583705902,"{""beta_mean"":0.015473989769816399,""beta_std"":0.0023459901567548513,""beta_min"":0.01083108875900507,""beta_max"":0.02325965091586113,""t2"":191.20564518794873}"
9,128,cf_schatten_filtered,130027,0.0002521481364965439,9.742367506027222,0.0053918232952128164,190.93315577185393,190.93315577185393,0.0004855681248266956,0.0004855681248266956,0.3356167823076248,"{""beta_mean"":0.015462761744856834,""beta_std"":0.002344096777960658,""beta_min"":0.010833030566573143,""beta_max"":0.023307958617806435,""t2"":190.93315577185393}"
10,128,cf_schatten_filtered,130027,0.00025214129163941834,9.713880062103271,0.006576147578016389,190.64073077023647,190.64073077023647,0.0004848244495906486,0.0004848244495906486,0.3404848650097847,"{""beta_mean"":0.015450888313353062,""beta_std"":0.002343467902392149,""beta_min"":0.010779831558465958,""beta_max"":0.023434076458215714,""t2"":190.64073077023647}"
11,128,cf_schatten_filtered,130027,0.0002503467731003184,9.683207750320435,0.0053288444760255516,190.34676180385597,190.34676180385597,0.0004840768478491617,0.0004840768478491617,0.34257931262254715,"{""beta_mean"":0.015439067967236042,""beta_std"":0.002342632971704006,""beta_min"":0.010779705829918385,""beta_max"":0.023573655635118484,""t2"":190.34676180385597}"
12,128,cf_schatten_filtered,130027,0.0002494397085683886,9.636009454727173,0.004071087394549977,190.06707104986737,190.06707104986737,0.0004833655574795211,0.00048336555747952113,0.3486687168478966,"{""beta_mean"":0.015427530743181705,""beta_std"":0.002342408522963524,""beta_min"":0.010736942291259766,""beta_max"":0.02361188642680645,""t2"":190.06707104986737}"
13,128,cf_schatten_filtered,130027,0.00024843165920174215,9.645292043685913,0.003675814346934203,189.76421924692227,189.76421924692227,0.0004825953655164649,0.0004825953655164649,0.34343019127845764,"{""beta_mean"":0.015414911322295666,""beta_std"":0.0023419675417244434,""beta_min"":0.010601562447845936,""beta_max"":0.02377055212855339,""t2"":189.76421924692227}"
14,128,cf_schatten_filtered,130027,0.0002481121900927974,9.5934419631958,0.0040966427768580616,189.44692376199856,189.44692376199856,0.0004817884413706425,0.00048178844137064254,0.34814807772636414,"{""beta_mean"":0.015401686541736126,""beta_std"":0.0023402762599289417,""beta_min"":0.010513067245483398,""beta_max"":0.02387143485248089,""t2"":189.44692376199856}"
15,128,cf_schatten_filtered,130027,0.00024693285649846075,9.613367795944214,0.0032634122981107794,189.14967587040323,189.14967587040323,0.0004810325008911215,0.0004810325008911215,0.347512923181057,"{""beta_mean"":0.015389306470751762,""beta_std"":0.0023392897564917803,""beta_min"":0.010536410845816135,""beta_max"":0.023782141506671906,""t2"":189.14967587040323}"
16,128,cf_schatten_filtered,130027,0.00024628720893815625,9.602474451065063,0.0025639848900027573,188.8573028521796,188.8573028521796,0.0004802889578556814,0.0004802889578556814,0.3474982902407646,"{""beta_mean"":0.015377266332507133,""beta_std"":0.002338934689760208,""beta_min"":0.01052255928516388,""beta_max"":0.023884160444140434,""t2"":188.8573028521796}"
17,128,cf_schatten_filtered,130027,0.00024609667161712423,9.576239109039307,0.0030308666464406997,188.54445427221103,188.54445427221103,0.0004794933427739742,0.0004794933427739742,0.3454430550336838,"{""beta_mean"":0.015364617109298706,""beta_std"":0.002335826400667429,""beta_min"":0.010499170050024986,""beta_max"":0.023765157908201218,""t2"":188.54445427221103}"
18,128,cf_schatten_filtered,130027,0.00024551606838940643,9.581207990646362,0.00382500250270823,188.2455864869726,188.2455864869726,0.00047873328269188586,0.00047873328269188586,0.3476441502571106,"{""beta_mean"":0.015352425165474415,""beta_std"":0.0023348683025687933,""beta_min"":0.010465515777468681,""beta_max"":0.02380412630736828,""t2"":188.2455864869726}"
19,128,cf_schatten_filtered,130027,0.00024584915627201553,9.555907726287842,0.004118462740734685,187.9349254922567,187.9349254922567,0.0004779432309271665,0.0004779432309271665,0.3477579206228256,"{""beta_mean"":0.015339710749685764,""beta_std"":0.002334611490368843,""beta_min"":0.010396196506917477,""beta_max"":0.024097882211208344,""t2"":187.9349254922567}"
20,128,cf_schatten_filtered,130027,0.00024582089372415794,9.614728689193726,0.0047861152270343155,187.6108297128591,187.6108297128591,0.00047711901273818743,0.00047711901273818743,0.34055233001708984,"{""beta_mean"":0.015326290391385555,""beta_std"":0.002334361895918846,""beta_min"":0.01030901912599802,""beta_max"":0.024116698652505875,""t2"":187.6108297128591}"
1,128,cf_schatten_filtered,130028,0.007138723129173741,17.12406063079834,0.31366250419523567,193.5104693905322,193.5104693905322,0.0004921225723025823,0.0004921225723025823,0.0880464855581522,"{""beta_mean"":0.015566994436085224,""beta_std"":0.0023656366392970085,""beta_min"":0.011199998669326305,""beta_max"":0.02273198775947094,""t2"":193.5104693905322}"
2,128,cf_schatten_filtered,130028,0.0009214722213073401,17.147627353668213,0.07569862063974142,193.20539759981907,193.20539759981907,0.0004913467346186805,0.0004913467346186805,0.08472235687077045,"{""beta_mean"":0.0155545175075531,""beta_std"":0.002366413362324238,""beta_min"":0.011176818050444126,""beta_max"":0.022726595401763916,""t2"":193.20539759981907}"
3,128,cf_schatten_filtered,130028,0.0004318742885516258,11.277415037155151,0.028420809452654794,192.92112651508816,192.92112651508816,0.000490623795865601,0.000490623795865601,0.24682075902819633,"{""beta_mean"":0.01554286852478981,""beta_std"":0.002366121392697096,""beta_min"":0.011140433140099049,""beta_max"":0.02276737056672573,""t2"":192.92112651508816}"
4,128,cf_schatten_filtered,130028,0.00031317706088884734,10.32593846321106,0.012933037127368152,192.6149930324575,192.6149930324575,0.0004898452581595294,0.0004898452581595294,0.3028886169195175,"{""beta_mean"":0.01553014200180769,""beta_std"":0.002366152359172702,""beta_min"":0.011036952026188374,""beta_max"":0.022715389728546143,""t2"":192.6149930324575}"
5,128,cf_schatten_filtered,130028,0.00027673210024659056,10.073357582092285,0.007813032425474375,192.2765203035291,192.2765203035291,0.0004889844774971749,0.0004889844774971749,0.3187146335840225,"{""beta_mean"":0.015516391023993492,""beta_std"":0.002364007057622075,""beta_min"":0.010983417741954327,""beta_max"":0.022734113037586212,""t2"":192.2765203035291}"
6,128,cf_schatten_filtered,130028,0.00026419758432894014,9.939543724060059,0.00500145394471474,191.9712721615935,191.9712721615935,0.0004882081913289223,0.0004882081913289223,0.3270631656050682,"{""beta_mean"":0.015504023060202599,""beta_std"":0.00236290181055665,""beta_min"":0.010901096276938915,""beta_max"":0.02291293442249298,""t2"":191.9712721615935}"
7,128,cf_schatten_filtered,130028,0.0002593614917714149,9.848830699920654,0.004695369898399804,191.67581824311947,191.67581824311947,0.0004874568131589749,0.0004874568131589749,0.3328738212585449,"{""beta_mean"":0.015491988509893417,""beta_std"":0.0023617269471287727,""beta_min"":0.010774372145533562,""beta_max"":0.022749798372387886,""t2"":191.67581824311947}"
8,128,cf_schatten_filtered,130028,0.00025741119497979525,9.794865608215332,0.004501220471865963,191.36016629103034,191.36016629103034,0.0004866540687332925,0.0004866540687332925,0.33976157009601593,"{""beta_mean"":0.015479014255106449,""beta_std"":0.002360890619456768,""beta_min"":0.010729647241532803,""beta_max"":0.02281833067536354,""t2"":191.36016629103034}"
9,128,cf_schatten_filtered,130028,0.0002547020267229527,9.760671854019165,0.0038492565508931875,191.04387125331465,191.04387125331465,0.0004858496888562893,0.0004858496888562893,0.3370993137359619,"{""beta_mean"":0.015465978533029556,""beta_std"":0.0023609702475368977,""beta_min"":0.01069563440978527,""beta_max"":0.0229821614921093,""t2"":191.04387125331465}"
10,128,cf_schatten_filtered,130028,0.00025310890487162396,9.780161380767822,0.003042217285837978,190.6969555290322,190.6969555290322,0.0004849674365464076,0.00048496743654640763,0.3363736569881439,"{""beta_mean"":0.015451699495315552,""beta_std"":0.002360318088904023,""beta_min"":0.010670443996787071,""beta_max"":0.023082418367266655,""t2"":190.6969555290322}"
11,128,cf_schatten_filtered,130028,0.0002508168199710781,9.68301010131836,0.0037656937711290084,190.3795486743554,190.3795486743554,0.00048416022917265674,0.00048416022917265674,0.3425881192088127,"{""beta_mean"":0.015438511036336422,""beta_std"":0.0023596740793436766,""beta_min"":0.010677192360162735,""beta_max"":0.022994989529252052,""t2"":190.3795486743554}"
12,128,cf_schatten_filtered,130028,0.00024987849974422716,9.669936418533325,0.0022580566874239594,190.08519055529672,190.08519055529672,0.00048341163776473165,0.00048341163776473165,0.34283844381570816,"{""beta_mean"":0.01542633306235075,""beta_std"":0.0023596398532390594,""beta_min"":0.010670932941138744,""beta_max"":0.022958381101489067,""t2"":190.08519055529672}"
13,128,cf_schatten_filtered,130028,0.00024892721921787597,9.713587284088135,0.0036370768430060707,189.80605979567463,189.80605979567463,0.0004827017715344102,0.00048270177153441013,0.34020740538835526,"{""beta_mean"":0.015415074303746223,""beta_std"":0.0023587746545672417,""beta_min"":0.010600904934108257,""beta_max"":0.02303006872534752,""t2"":189.80605979567463}"
14,128,cf_schatten_filtered,130028,0.00024935063265729696,9.649828433990479,0.003929529448214453,189.5211508437331,189.5211508437331,0.00048197721060112787,0.00048197721060112787,0.3390061557292938,"{""beta_mean"":0.015403250232338905,""beta_std"":0.0023593015503138304,""beta_min"":0.010592591017484665,""beta_max"":0.02322961576282978,""t2"":189.5211508437331}"
15,128,cf_schatten_filtered,130028,0.00024776806276349816,9.66585373878479,0.0028688545207842253,189.2411512416657,189.2411512416657,0.00048126513479020616,0.00048126513479020616,0.3455475866794586,"{""beta_mean"":0.015391788445413113,""beta_std"":0.0023589706979691982,""beta_min"":0.010607181116938591,""beta_max"":0.023329555988311768,""t2"":189.2411512416657}"
16,128,cf_schatten_filtered,130028,0.00024717389896977693,9.630623817443848,0.0020394206803757697,188.95444086279872,188.95444086279872,0.000480535992591346,0.00048053599259134606,0.3448493927717209,"{""beta_mean"":0.015380378812551498,""beta_std"":0.002357170917093754,""beta_min"":0.01058188546448946,""beta_max"":0.023427940905094147,""t2"":188.95444086279872}"
17,128,cf_schatten_filtered,130028,0.00024754424703132827,9.639050006866455,0.0028243688138900325,188.62427788038042,188.62427788038042,0.0004796963447071849,0.00047969634470718494,0.3419827073812485,"{""beta_mean"":0.015367137268185616,""beta_std"":0.002354169264435768,""beta_min"":0.010563121177256107,""beta_max"":0.0234475526958704,""t2"":188.62427788038042}"
18,128,cf_schatten_filtered,130028,0.0002459581965013058,9.638570785522461,0.002232143553555943,188.31749970099514,188.31749970099514,0.00047891616745248197,0.0004789161674524819,0.340929813683033,"{""beta_mean"":0.015355115756392479,""beta_std"":0.0023511378094553947,""beta_min"":0.010566772893071175,""beta_max"":0.023240668699145317,""t2"":188.31749970099514}"
19,128,cf_schatten_filtered,130028,0.00024564889190514805,9.592050552368164,0.0022562009980902076,188.01747736856828,188.01747736856828,0.00047815317120505847,0.0004781531712050585,0.3438737541437149,"{""beta_mean"":0.015343056991696358,""beta_std"":0.002348398556932807,""beta_min"":0.010525570251047611,""beta_max"":0.023127876222133636,""t2"":188.01747736856828}"
20,128,cf_schatten_filtered,130028,0.0002451179798299563,9.60852313041687,0.0018574951391201466,187.71996171898593,187.71996171898593,0.0004773965497817635,0.00047739654978176357,0.34475095570087433,"{""beta_mean"":0.015331138856709003,""beta_std"":0.002346557565033436,""beta_min"":0.010489464737474918,""beta_max"":0.023271648213267326,""t2"":187.71996171898593}"
1,256,ordinary_noise,258026,0.020720530184917152,198.31635284423828,0.4562528030946851,3689.0637436496036,3689.0637436496036,0.0023454435626027448,0.0023454435626027448,0.10000857338309288,"{""sigma"":0.04842977970838547,""sigma2"":0.0023454435626027448,""t2"":3689.0637436496036}"
2,256,ordinary_noise,258026,0.004620389227056876,125.1104679107666,0.11165809375233948,3464.761649620137,3464.761649620137,0.0022028361318080503,0.0022028361318080503,0.30562523752450943,"{""sigma"":0.04693438112735748,""sigma2"":0.0022028361318080503,""t2"":3464.761649620137}"
3,256,ordinary_noise,258026,0.002647844230523333,101.8928451538086,0.037955530802719295,3259.281268456107,3259.281268456107,0.002072195223780382,0.002072195223780382,0.4345828667283058,"{""sigma"":0.04552137106657028,""sigma2"":0.002072195223780382,""t2"":3259.281268456107}"
4,256,ordinary_noise,258026,0.002116510717314668,96.46442604064941,0.01463016591151245,3071.4711412287725,3071.4711412287725,0.0019527887606485828,0.0019527887606485828,0.4534424692392349,"{""sigma"":0.04419036954641342,""sigma2"":0.0019527887606485828,""t2"":3071.4711412287725}"
5,256,ordinary_noise,258026,0.0019474507644190453,93.0839900970459,0.01027942739892751,2899.685761845285,2899.685761845285,0.0018435705578138256,0.0018435705578138256,0.4630933776497841,"{""sigma"":0.04293682053685188,""sigma2"":0.0018435705578138256,""t2"":2899.685761845285}"
6,256,ordinary_noise,258026,0.0018210573107353412,90.49552536010742,0.005221564177190885,2742.2264008404454,2742.2264008404454,0.0017434605921684554,0.0017434605921684554,0.4634510427713394,"{""sigma"":0.041754767298698425,""sigma2"":0.0017434605921684554,""t2"":2742.2264008404454}"
7,256,ordinary_noise,258026,0.0017191852166433819,87.97961044311523,0.0050635860388865694,2597.451570850353,2597.451570850353,0.0016514152341527005,0.0016514152341527005,0.4669608771800995,"{""sigma"":0.040637608617544174,""sigma2"":0.0016514152341527005,""t2"":2597.451570850353}"
8,256,ordinary_noise,258026,0.001627681907848455,85.5416145324707,0.004207581470836885,2464.0054314130393,2464.0054314130393,0.0015665724636160783,0.0015665724636160783,0.467362605035305,"{""sigma"":0.03957995027303696,""sigma2"":0.0015665724636160783,""t2"":2464.0054314130393}"
9,256,ordinary_noise,258026,0.00154224948346382,83.31778144836426,0.004212492756778374,2340.8297759663255,2340.8297759663255,0.0014882594909453872,0.0014882594909453872,0.4660799205303192,"{""sigma"":0.03857796639204025,""sigma2"":0.0014882594909453872,""t2"":2340.8297759663255}"
10,256,ordinary_noise,258026,0.0014656835846835747,81.2122859954834,0.004247111806762405,2226.817398157058,2226.817398157058,0.0014157723732993177,0.0014157723732993177,0.4683913514018059,"{""sigma"":0.03762675076723099,""sigma2"":0.0014157723732993177,""t2"":2226.817398157058}"
11,256,ordinary_noise,258026,0.0013948286286904477,79.44383239746094,0.004044774017529562,2121.16396302497,2121.16396302497,0.0013485997282822737,0.0013485997282822737,0.46651890128850937,"{""sigma"":0.03672328591346741,""sigma2"":0.0013485997282822737,""t2"":2121.16396302497}"
12,256,ordinary_noise,258026,0.0013294178861542605,77.45737838745117,0.0040745184815023094,2022.966809060039,2022.966809060039,0.0012861676591619103,0.0012861676591619103,0.46868428587913513,"{""sigma"":0.035863179713487625,""sigma2"":0.0012861676591619103,""t2"":2022.966809060039}"
13,256,ordinary_noise,258026,0.0012679539722739719,75.50818252563477,0.0030920660647097975,1931.5224513877401,1931.5224513877401,0.0012280289023003516,0.0012280289023003516,0.46847450733184814,"{""sigma"":0.03504324331879616,""sigma2"":0.0012280289023003516,""t2"":1931.5224513877401}"
14,256,ordinary_noise,258026,0.0012122917105443776,73.99571323394775,0.004063994434545748,1846.2197318729013,1846.2197318729013,0.0011737948938197462,0.0011737948938197462,0.4684160649776459,"{""sigma"":0.034260690212249756,""sigma2"":0.0011737948938197462,""t2"":1846.2197318729013}"
15,256,ordinary_noise,258026,0.0011577537952689454,72.31956958770752,0.003914561923011206,1766.5987643805274,1766.5987643805274,0.001123173245989817,0.001123173245989817,0.4692244455218315,"{""sigma"":0.03351377695798874,""sigma2"":0.001123173245989817,""t2"":1766.5987643805274}"
16,256,ordinary_noise,258026,0.0011076653754571453,70.77808475494385,0.0029874391766497865,1692.1211943626404,1692.1211943626404,0.001075821682206879,0.001075821682206879,0.4693369045853615,"{""sigma"":0.032799720764160156,""sigma2"":0.001075821682206879,""t2"":1692.1211943626404}"
17,256,ordinary_noise,258026,0.001060728362062946,69.1966381072998,0.0028730586636811495,1622.3762905067051,1622.3762905067051,0.0010314790665351264,0.0010314790665351264,0.4680960550904274,"{""sigma"":0.03211664780974388,""sigma2"":0.0010314790665351264,""t2"":1622.3762905067051}"
18,256,ordinary_noise,258026,0.0010182760452153161,67.82351303100586,0.0026228837086819112,1556.916921174503,1556.916921174503,0.000989861120334945,0.000989861120334945,0.4685136452317238,"{""sigma"":0.031462058424949646,""sigma2"":0.000989861120334945,""t2"":1556.916921174503}"
19,256,ordinary_noise,258026,0.0009761527799128089,66.51402854919434,0.0024070890358416364,1495.4343332527842,1495.4343332527842,0.0009507715436635235,0.0009507715436635235,0.46954823285341263,"{""sigma"":0.030834583565592766,""sigma2"":0.0009507715436635235,""t2"":1495.4343332527842}"
20,256,ordinary_noise,258026,0.00093790376195102,65.18376541137695,0.002577066872618161,1437.6453777703628,1437.6453777703628,0.0009140303152531705,0.0009140303152531705,0.4692438468337059,"{""sigma"":0.030232934281229973,""sigma2"":0.0009140303152531705,""t2"":1437.6453777703628}"
1,256,ordinary_noise,258027,0.052552952169207856,156.96303939819336,0.7440839475020766,3689.093823144409,3689.093823144409,0.002345462686630509,0.002345462686630509,0.1452835351228714,"{""sigma"":0.048429977148771286,""sigma2"":0.002345462686630509,""t2"":3689.093823144409}"
2,256,ordinary_noise,258027,0.006583364462130703,117.28116798400879,0.17815295874606818,3464.4261502521986,3464.4261502521986,0.002202622827054468,0.002202622827054468,0.30271583795547485,"{""sigma"":0.04693210870027542,""sigma2"":0.002202622827054468,""t2"":3464.4261502521986}"
3,256,ordinary_noise,258027,0.0029722514445893466,105.86419868469238,0.0668671625899151,3258.844918043702,3258.844918043702,0.0020719177996595395,0.0020719177996595395,0.3883841931819916,"{""sigma"":0.04551832377910614,""sigma2"":0.0020719177996595395,""t2"":3258.844918043702}"
4,256,ordinary_noise,258027,0.002278749394463375,99.00989151000977,0.02509475377155468,3070.9703949911273,3070.9703949911273,0.0019524703947646632,0.0019524703947646632,0.4216640368103981,"{""sigma"":0.04418676719069481,""sigma2"":0.0019524703947646632,""t2"":3070.9703949911273}"
5,256,ordinary_noise,258027,0.0020198817874188535,94.7552375793457,0.01585515183978714,2899.1247590420244,2899.1247590420244,0.0018432138818372246,0.0018432138818372246,0.4417600780725479,"{""sigma"":0.0429326668381691,""sigma2"":0.0018432138818372246,""t2"":2899.1247590420244}"
6,256,ordinary_noise,258027,0.00187422196904663,91.34722900390625,0.012109475472243503,2741.584458866506,2741.584458866506,0.0017430524564530092,0.0017430524564530092,0.45131077617406845,"{""sigma"":0.04174987971782684,""sigma2"":0.0017430524564530092,""t2"":2741.584458866506}"
7,256,ordinary_noise,258027,0.0017468638689024374,88.58532905578613,0.006408715707948431,2596.812520269792,2596.812520269792,0.0016510089367356567,0.0016510089367356567,0.4566694423556328,"{""sigma"":0.04063260927796364,""sigma2"":0.0016510089367356567,""t2"":2596.812520269792}"
8,256,ordinary_noise,258027,0.0016466686865896918,85.97587585449219,0.005857606345671229,2463.392289550393,2463.392289550393,0.0015661826385182653,0.0015661826385182653,0.45713192224502563,"{""sigma"":0.03957502543926239,""sigma2"":0.0015661826385182653,""t2"":2463.392289550393}"
9,256,ordinary_noise,258027,0.0015582014821120538,83.6225471496582,0.005494531884323806,2340.193282793829,2340.193282793829,0.001487854819484602,0.001487854819484602,0.4626825526356697,"{""sigma"":0.03857272118330002,""sigma2"":0.001487854819484602,""t2"":2340.193282793829}"
10,256,ordinary_noise,258027,0.0014740512415301055,81.5539722442627,0.004566482937661931,2226.275076843216,2226.275076843216,0.0014154275746938172,0.0014154275746938172,0.463522270321846,"{""sigma"":0.03762216866016388,""sigma2"":0.0014154275746938172,""t2"":2226.275076843216}"
11,256,ordinary_noise,258027,0.001401286106556654,79.48757934570312,0.00401239114580676,2120.626918965485,2120.626918965485,0.001348258284864734,0.001348258284864734,0.4633975997567177,"{""sigma"":0.03671863675117493,""sigma2"":0.001348258284864734,""t2"":2120.626918965485}"
12,256,ordinary_noise,258027,0.0013338073040358722,77.56785583496094,0.0038234210369409993,2022.4843659874969,2022.4843659874969,0.0012858609301169693,0.0012858609301169693,0.46564195305109024,"{""sigma"":0.03585890308022499,""sigma2"":0.0012858609301169693,""t2"":2022.4843659874969}"
13,256,ordinary_noise,258027,0.0012687596899922937,75.7261848449707,0.003368665958987549,1931.1890074176117,1931.1890074176117,0.0012278169043335035,0.0012278169043335035,0.4663129448890686,"{""sigma"":0.03504021838307381,""sigma2"":0.0012278169043335035,""t2"":1931.1890074176117}"
14,256,ordinary_noise,258027,0.0012162342827650718,74.00884056091309,0.003270134737249464,1845.9575666018864,1845.9575666018864,0.0011736282136293325,0.0011736282136293325,0.46637143939733505,"{""sigma"":0.03425825759768486,""sigma2"":0.0011736282136293325,""t2"":1845.9575666018864}"
15,256,ordinary_noise,258027,0.0011587905100896023,72.38390731811523,0.0030832853371975943,1766.3544888105243,1766.3544888105243,0.001123017939764992,0.001123017939764992,0.46687018871307373,"{""sigma"":0.033511459827423096,""sigma2"":0.001123017939764992,""t2"":1766.3544888105243}"
16,256,ordinary_noise,258027,0.0011100987685495056,70.79462909698486,0.003001059842063114,1691.884814005949,1691.884814005949,0.0010756713956234926,0.0010756713956234926,0.4666329026222229,"{""sigma"":0.0327974297106266,""sigma2"":0.0010756713956234926,""t2"":1691.884814005949}"
17,256,ordinary_noise,258027,0.0010623935668263584,69.38469314575195,0.0027079351420979947,1622.1659081932157,1622.1659081932157,0.0010313453090624591,0.0010313453090624591,0.4677356258034706,"{""sigma"":0.03211456537246704,""sigma2"":0.0010313453090624591,""t2"":1622.1659081932157}"
18,256,ordinary_noise,258027,0.0010195317881880328,67.87715435028076,0.0029251900559756905,1556.753593131456,1556.753593131456,0.0009897572791617432,0.0009897572791617432,0.46754854917526245,"{""sigma"":0.03146040812134743,""sigma2"":0.0009897572791617432,""t2"":1556.753593131456}"
19,256,ordinary_noise,258027,0.000977401894488139,66.5400562286377,0.0023522029805462807,1495.2540286426429,1495.2540286426429,0.0009506569090796425,0.0009506569090796425,0.46784699708223343,"{""sigma"":0.030832724645733833,""sigma2"":0.0009506569090796425,""t2"":1495.2540286426429}"
20,256,ordinary_noise,258027,0.0009384766017319635,65.18263244628906,0.0024834474606905133,1437.4609745946,1437.4609745946,0.0009139130748714447,0.0009139130748714447,0.4689859375357628,"{""sigma"":0.030230995267629623,""sigma2"":0.0009139130748714447,""t2"":1437.4609745946}"
1,256,ordinary_noise,258028,0.008633385557914153,135.67109489440918,0.22017598478123546,3689.0977959170414,3689.0977959170414,0.0023454652124513253,0.0023454652124513253,0.2546842731535435,"{""sigma"":0.048430003225803375,""sigma2"":0.0023454652124513253,""t2"":3689.0977959170414}"
2,256,ordinary_noise,258028,0.002965447652968578,110.03083801269531,0.0555560109205544,3464.61644789984,3464.61644789984,0.0022027438150404866,0.0022027438150404866,0.38710740208625793,"{""sigma"":0.04693339765071869,""sigma2"":0.0022027438150404866,""t2"":3464.61644789984}"
3,256,ordinary_noise,258028,0.002333986631128937,99.89604949951172,0.022496632824186236,3259.1041642777564,3259.1041642777564,0.0020720826239762347,0.0020720826239762347,0.44485316425561905,"{""sigma"":0.04552013427019119,""sigma2"":0.0020720826239762347,""t2"":3259.1041642777564}"
4,256,ordinary_noise,258028,0.0020721843175124377,96.54483413696289,0.013438622816465795,3071.3012868441583,3071.3012868441583,0.001952680770139159,0.001952680770139159,0.45185550302267075,"{""sigma"":0.044189147651195526,""sigma2"":0.001952680770139159,""t2"":3071.3012868441583}"
5,256,ordinary_noise,258028,0.0019327792615513317,92.98453330993652,0.009087027865462005,2899.391417283914,2899.391417283914,0.00184338341858159,0.00184338341858159,0.46398210525512695,"{""sigma"":0.04293464124202728,""sigma2"":0.00184338341858159,""t2"":2899.391417283914}"
6,256,ordinary_noise,258028,0.001814768955227919,90.322265625,0.0055379019904648885,2741.806585772516,2741.806585772516,0.0017431936809365056,0.0017431936809365056,0.4641687721014023,"{""sigma"":0.041751570999622345,""sigma2"":0.0017431936809365056,""t2"":2741.806585772516}"
7,256,ordinary_noise,258028,0.0017178809139295481,87.93046760559082,0.007090269849868491,2596.955847427802,2596.955847427802,0.0016511000616886151,0.0016511000616886151,0.4668985679745674,"{""sigma"":0.040633730590343475,""sigma2"":0.0016511000616886151,""t2"":2596.955847427802}"
8,256,ordinary_noise,258028,0.001624633303435985,85.4748706817627,0.005591797817032784,2463.4966388670364,2463.4966388670364,0.001566248982027077,0.001566248982027077,0.46622082591056824,"{""sigma"":0.039575863629579544,""sigma2"":0.001566248982027077,""t2"":2463.4966388670364}"
9,256,ordinary_noise,258028,0.0015385555307148024,83.25409126281738,0.00491853962012101,2340.3505898158473,2340.3505898158473,0.0014879548325957281,0.0014879548325957281,0.4673599749803543,"{""sigma"":0.03857401758432388,""sigma2"":0.0014879548325957281,""t2"":2340.3505898158473}"
10,256,ordinary_noise,258028,0.0014656997009296902,81.25090789794922,0.005973713836283423,2226.3204882080536,2226.3204882080536,0.0014154564464620295,0.0014154564464620295,0.46781547367572784,"{""sigma"":0.03762255236506462,""sigma2"":0.0014154564464620295,""t2"":2226.3204882080536}"
11,256,ordinary_noise,258028,0.0013931353896623477,79.28835487365723,0.004960600126651116,2120.5877621625186,2120.5877621625186,0.0013482333896398663,0.0013482333896398663,0.4695817232131958,"{""sigma"":0.03671829774975777,""sigma2"":0.0013482333896398663,""t2"":2120.5877621625186}"
12,256,ordinary_noise,258028,0.001326219702605158,77.35028839111328,0.004408619410241954,2022.39065767391,2022.39065767391,0.0012858013519757017,0.0012858013519757017,0.46839626133441925,"{""sigma"":0.035858072340488434,""sigma2"":0.0012858013519757017,""t2"":2022.39065767391}"
13,256,ordinary_noise,258028,0.001265784951101523,75.50822448730469,0.004049362454679795,1931.0149052566485,1931.0149052566485,0.0012277062131606092,0.0012277062131606092,0.46853575855493546,"{""sigma"":0.03503863885998726,""sigma2"":0.0012277062131606092,""t2"":1931.0149052566485}"
14,256,ordinary_noise,258028,0.0012092928736819886,73.85449695587158,0.004531439000857063,1845.7973859583726,1845.7973859583726,0.0011735263735188628,0.0011735263735188628,0.46965740621089935,"{""sigma"":0.034256771206855774,""sigma2"":0.0011735263735188628,""t2"":1845.7973859583726}"
15,256,ordinary_noise,258028,0.0011530919509823434,72.17536544799805,0.003073589628911577,1766.2712347585475,1766.2712347585475,0.001122965008264254,0.001122965008264254,0.46950236707925797,"{""sigma"":0.03351067006587982,""sigma2"":0.001122965008264254,""t2"":1766.2712347585475}"
16,256,ordinary_noise,258028,0.001104986855352763,70.68620777130127,0.0036732827575178817,1691.8775114611199,1691.8775114611199,0.0010756667527905273,0.0010756667527905273,0.47099246084690094,"{""sigma"":0.03279735893011093,""sigma2"":0.0010756667527905273,""t2"":1691.8775114611199}"
17,256,ordinary_noise,258028,0.0010574019761406817,69.1994514465332,0.0027453232323750854,1622.2054244029787,1622.2054244029787,0.0010313704327920142,0.0010313704327920142,0.470115102827549,"{""sigma"":0.03211495652794838,""sigma2"":0.0010313704327920142,""t2"":1622.2054244029787}"
18,256,ordinary_noise,258028,0.0010150452144443989,67.79843425750732,0.0026960353570757434,1556.8055769741477,1556.8055769741477,0.0009897903295988386,0.0009897903295988386,0.4715711399912834,"{""sigma"":0.03146093338727951,""sigma2"":0.0009897903295988386,""t2"":1556.8055769741477}"
19,256,ordinary_noise,258028,0.0009752936311997473,66.46495723724365,0.002730578067712486,1495.3317136649039,1495.3317136649039,0.0009507062998866424,0.0009507062998866424,0.4713360145688057,"{""sigma"":0.030833525583148003,""sigma2"":0.0009507062998866424,""t2"":1495.3317136649039}"
20,256,ordinary_noise,258028,0.0009359728283016011,65.15478706359863,0.002557086350861937,1437.508978509335,1437.508978509335,0.0009139435949384912,0.0009139435949384912,0.4695991948246956,"{""sigma"":0.030231500044465065,""sigma2"":0.0009139435949384912,""t2"":1437.508978509335}"
1,256,cf_unfiltered,258026,0.01879554585320875,175.35795974731445,0.45627735322341323,1583.5147431837281,1583.5147431837281,0.0010067715601499736,0.0010067715601499736,0.02600807324051857,"{""beta_mean"":0.02247936837375164,""beta_std"":0.00020214600954204798,""beta_min"":0.021882526576519012,""beta_max"":0.02309359237551689,""t2"":1583.5147431837281}"
2,256,cf_unfiltered,258026,0.002845479190000333,87.52993202209473,0.11159542086534202,1580.4185577069948,1580.4185577069948,0.0010048030584379798,0.0010048030584379798,0.1493057794868946,"{""beta_mean"":0.02245659939944744,""beta_std"":0.00027479042182676494,""beta_min"":0.02146494947373867,""beta_max"":0.023505840450525284,""t2"":1580.4185577069948}"
3,256,cf_unfiltered,258026,0.0010084097884828225,55.76678943634033,0.037782925995998085,1577.2181578553577,1577.2181578553577,0.0010027682990108222,0.0010027682990108222,0.34453610330820084,"{""beta_mean"":0.022433150559663773,""beta_std"":0.00032609165646135807,""beta_min"":0.02133745327591896,""beta_max"":0.02375206910073757,""t2"":1577.2181578553577}"
4,256,cf_unfiltered,258026,0.0006022349152772222,51.00426769256592,0.014205550571205094,1574.0205644964772,1574.0205644964772,0.001000735323903705,0.001000735323903705,0.40919093787670135,"{""beta_mean"":0.022409746423363686,""beta_std"":0.0003673227329272777,""beta_min"":0.021157288923859596,""beta_max"":0.02401721104979515,""t2"":1574.0205644964772}"
5,256,cf_unfiltered,258026,0.0005487779963004868,49.7163610458374,0.009877722564851865,1570.8290269255094,1570.8290269255094,0.0009987061989628534,0.0009987061989628534,0.43890460580587387,"{""beta_mean"":0.02238636650145054,""beta_std"":0.00040375557728111744,""beta_min"":0.020873064175248146,""beta_max"":0.02423172816634178,""t2"":1570.8290269255094}"
6,256,cf_unfiltered,258026,0.0005261865044303704,49.325340270996094,0.004579659216688015,1567.641483225918,1567.641483225918,0.0009966796132570381,0.0009966796132570381,0.4454203471541405,"{""beta_mean"":0.022362973541021347,""beta_std"":0.0004380479804240167,""beta_min"":0.02080160565674305,""beta_max"":0.024166429415345192,""t2"":1567.641483225918}"
7,256,cf_unfiltered,258026,0.000519472399901133,48.958322525024414,0.004631455347407609,1564.529368164536,1564.529368164536,0.0009947009837878774,0.0009947009837878774,0.4506625309586525,"{""beta_mean"":0.02234020084142685,""beta_std"":0.0004688039771281183,""beta_min"":0.020609524101018906,""beta_max"":0.02420053444802761,""t2"":1564.529368164536}"
8,256,cf_unfiltered,258026,0.0005146364565007389,48.74991989135742,0.003750343807041645,1561.3638699404569,1561.3638699404569,0.0009926884142179215,0.0009926884142179215,0.45442289859056473,"{""beta_mean"":0.022317036986351013,""beta_std"":0.000496095628477633,""beta_min"":0.02043008618056774,""beta_max"":0.024245645850896835,""t2"":1561.3638699404569}"
9,256,cf_unfiltered,258026,0.0005112750404805411,48.747843742370605,0.00391735223820433,1558.2687171883783,1558.2687171883783,0.0009907205690945805,0.0009907205690945805,0.4551878944039345,"{""beta_mean"":0.022294389083981514,""beta_std"":0.0005218565929681063,""beta_min"":0.020234515890479088,""beta_max"":0.02439218945801258,""t2"":1558.2687171883783}"
10,256,cf_unfiltered,258026,0.0005091155144327786,48.42282485961914,0.004140476987231523,1555.2123817645138,1555.2123817645138,0.0009887774033638724,0.0009887774033638724,0.459230937063694,"{""beta_mean"":0.02227199077606201,""beta_std"":0.0005469044554047287,""beta_min"":0.020107874646782875,""beta_max"":0.024355774745345116,""t2"":1555.2123817645138}"
11,256,cf_unfiltered,258026,0.0005069912076578476,48.445608139038086,0.004043318011099473,1552.1677679046825,1552.1677679046825,0.0009868416900028754,0.0009868416900028754,0.45768627524375916,"{""beta_mean"":0.02224949561059475,""beta_std"":0.0005716979503631592,""beta_min"":0.020093770697712898,""beta_max"":0.024504564702510834,""t2"":1552.1677679046825}"
12,256,cf_unfiltered,258026,0.00050536996423034,48.27210807800293,0.004084287356818095,1549.0331368781865,1549.0331368781865,0.0009848487452686224,0.0009848487452686224,0.4634436145424843,"{""beta_mean"":0.022226277738809586,""beta_std"":0.0005942388088442385,""beta_min"":0.019943056628108025,""beta_max"":0.02458938956260681,""t2"":1549.0331368781865}"
13,256,cf_unfiltered,258026,0.0005029909043514635,48.187561988830566,0.003325207726447843,1545.9523564277074,1545.9523564277074,0.00098289003780855,0.00098289003780855,0.4629840552806854,"{""beta_mean"":0.022203510627150536,""beta_std"":0.0006152878049761057,""beta_min"":0.020033985376358032,""beta_max"":0.024624984711408615,""t2"":1545.9523564277074}"
14,256,cf_unfiltered,258026,0.0005015547903894912,48.09584712982178,0.004353393902420066,1542.847815928742,1542.847815928742,0.0009809162241164791,0.0009809162241164791,0.46328307688236237,"{""beta_mean"":0.022180672734975815,""beta_std"":0.0006355560617521405,""beta_min"":0.01983785815536976,""beta_max"":0.024913741275668144,""t2"":1542.847815928742}"
15,256,cf_unfiltered,258026,0.0004991453024558723,48.090983390808105,0.004262232934706844,1539.7538103523223,1539.7538103523223,0.0009789491083477798,0.0009789491083477798,0.46372122317552567,"{""beta_mean"":0.022157834842801094,""beta_std"":0.0006559797911904752,""beta_min"":0.019690150395035744,""beta_max"":0.024917759001255035,""t2"":1539.7538103523223}"
16,256,cf_unfiltered,258026,0.0004968693610862829,47.96501064300537,0.0034108938270946965,1536.891488423836,1536.891488423836,0.0009771292930754573,0.0009771292930754573,0.4649879112839699,"{""beta_mean"":0.022136587649583817,""beta_std"":0.0006759242387488484,""beta_min"":0.019662979990243912,""beta_max"":0.025043189525604248,""t2"":1536.891488423836}"
17,256,cf_unfiltered,258026,0.0004966589003743138,47.88172912597656,0.0032718278089305386,1533.9437734294752,1533.9437734294752,0.0009752551863539856,0.0009752551863539856,0.4641274958848953,"{""beta_mean"":0.022114694118499756,""beta_std"":0.0006951827090233564,""beta_min"":0.019531449303030968,""beta_max"":0.02521255798637867,""t2"":1533.9437734294752}"
18,256,cf_unfiltered,258026,0.0004944108040945139,47.83603382110596,0.003077324465266429,1530.9205446071478,1530.9205446071478,0.0009733330692336704,0.0009733330692336704,0.4652636796236038,"{""beta_mean"":0.022092223167419434,""beta_std"":0.0007140150992199779,""beta_min"":0.019357480108737946,""beta_max"":0.02522585168480873,""t2"":1530.9205446071478}"
19,256,cf_unfiltered,258026,0.0004933195341436658,47.798041343688965,0.003062976131332107,1527.931242721013,1527.931242721013,0.000971432522278476,0.000971432522278476,0.46629152446985245,"{""beta_mean"":0.02206992357969284,""beta_std"":0.0007319762371480465,""beta_min"":0.019220780581235886,""beta_max"":0.02521330676972866,""t2"":1527.931242721013}"
20,256,cf_unfiltered,258026,0.0004919057537335902,47.657599449157715,0.003236867516534403,1525.0063719981663,1525.0063719981663,0.0009695729395536845,0.0009695729395536843,0.4676450118422508,"{""beta_mean"":0.02204830013215542,""beta_std"":0.0007488924311473966,""beta_min"":0.01914305053651333,""beta_max"":0.025279447436332703,""t2"":1525.0063719981663}"
1,256,cf_unfiltered,258027,0.05064429546473548,126.87507820129395,0.7441392187029123,1583.2371033498744,1583.2371033498744,0.0010065950414974685,0.0010065950414974685,0.04198508895933628,"{""beta_mean"":0.02247745916247368,""beta_std"":0.0002012887125601992,""beta_min"":0.021913813427090645,""beta_max"":0.02309439145028591,""t2"":1583.2371033498744}"
2,256,cf_unfiltered,258027,0.004805063934327336,76.64340591430664,0.17802094714716077,1580.0722010728787,1580.0722010728787,0.0010045828508204642,0.0010045828508204642,0.14426379092037678,"{""beta_mean"":0.02245408669114113,""beta_std"":0.0002743749937508255,""beta_min"":0.021569259464740753,""beta_max"":0.023488976061344147,""t2"":1580.0722010728787}"
3,256,cf_unfiltered,258027,0.0013372802204685286,62.60395622253418,0.06685652572195977,1576.8903261953665,1576.8903261953665,0.0010025598692546631,0.0010025598692546631,0.25744180381298065,"{""beta_mean"":0.022430788725614548,""beta_std"":0.00032526240102015436,""beta_min"":0.02123364247381687,""beta_max"":0.023671051487326622,""t2"":1576.8903261953665}"
4,256,cf_unfiltered,258027,0.0007622067641932517,55.95551013946533,0.02486897836206481,1573.733076566074,1573.733076566074,0.001000552544000037,0.001000552544000037,0.32319747656583786,"{""beta_mean"":0.022407716140151024,""beta_std"":0.00036755340988747776,""beta_min"":0.02115190587937832,""beta_max"":0.023921886458992958,""t2"":1573.733076566074}"
5,256,cf_unfiltered,258027,0.0006174156078486703,52.411375999450684,0.015379987540654838,1570.7022546925728,1570.7022546925728,0.0009986255993477966,0.0009986255993477966,0.3783329501748085,"{""beta_mean"":0.022385498508810997,""beta_std"":0.00040446381899528205,""beta_min"":0.020936308428645134,""beta_max"":0.02408951334655285,""t2"":1570.7022546925728}"
6,256,cf_unfiltered,258027,0.000576549100514967,51.00817680358887,0.011637353978585452,1567.6854671544309,1567.6854671544309,0.0009967075774856764,0.0009967075774856764,0.4057931825518608,"{""beta_mean"":0.02236337587237358,""beta_std"":0.00043784742592833936,""beta_min"":0.020807353779673576,""beta_max"":0.024210575968027115,""t2"":1567.6854671544309}"
7,256,cf_unfiltered,258027,0.0005447609364637174,50.109801292419434,0.005863053040229715,1564.7118440155912,1564.7118440155912,0.0009948169988095545,0.0009948169988095545,0.4247589409351349,"{""beta_mean"":0.022341521456837654,""beta_std"":0.0004689041234087199,""beta_min"":0.020671185106039047,""beta_max"":0.024359917268157005,""t2"":1564.7118440155912}"
8,256,cf_unfiltered,258027,0.0005323063378455117,49.737013816833496,0.005542666156543419,1561.7202689345554,1561.7202689345554,0.0009929150065959647,0.0009929150065959647,0.4295317679643631,"{""beta_mean"":0.02231951616704464,""beta_std"":0.0004978859215043485,""beta_min"":0.020475758239626884,""beta_max"":0.024542927742004395,""t2"":1561.7202689345554}"
9,256,cf_unfiltered,258027,0.0005247906774457078,49.19498825073242,0.005219653059612028,1558.7272378561358,1558.7272378561358,0.0009910120886841684,0.0009910120886841684,0.4432298168540001,"{""beta_mean"":0.022297510877251625,""beta_std"":0.0005246139480732381,""beta_min"":0.020215177908539772,""beta_max"":0.024574795737862587,""t2"":1558.7272378561358}"
10,256,cf_unfiltered,258027,0.000518338038091315,48.97649383544922,0.004458185489056632,1555.674428747569,1555.674428747569,0.0009890711649243476,0.0009890711649243476,0.4486173689365387,"{""beta_mean"":0.022274959832429886,""beta_std"":0.0005501243867911398,""beta_min"":0.020255887880921364,""beta_max"":0.024618059396743774,""t2"":1555.674428747569}"
11,256,cf_unfiltered,258027,0.0005131197067385074,48.79070568084717,0.0038946723070694134,1552.6165204631739,1552.6165204631739,0.0009871269991958453,0.0009871269991958453,0.4501817524433136,"{""beta_mean"":0.02225232869386673,""beta_std"":0.0005745513481087983,""beta_min"":0.020072046667337418,""beta_max"":0.024786392226815224,""t2"":1552.6165204631739}"
12,256,cf_unfiltered,258027,0.0005106536082166713,48.564327239990234,0.003849189932225272,1549.5266392269689,1549.5266392269689,0.0009851625056120357,0.0009851625056120357,0.4525512456893921,"{""beta_mean"":0.022229567170143127,""beta_std"":0.0005978838889859617,""beta_min"":0.019995935261249542,""beta_max"":0.02479824796319008,""t2"":1549.5266392269689}"
13,256,cf_unfiltered,258027,0.0005065841723990161,48.40407752990723,0.0034816209226846695,1546.304477077856,1546.304477077856,0.0009831139100887655,0.0009831139100887655,0.45694176852703094,"{""beta_mean"":0.022205892950296402,""beta_std"":0.0006200580974109471,""beta_min"":0.019762437790632248,""beta_max"":0.024765057489275932,""t2"":1546.304477077856}"
14,256,cf_unfiltered,258027,0.0005049386236350983,48.30518341064453,0.003397709791897796,1543.0778330692292,1543.0778330692292,0.0009810624650759565,0.0009810624650759565,0.4590983986854553,"{""beta_mean"":0.022182127460837364,""beta_std"":0.0006406587199307978,""beta_min"":0.019688859581947327,""beta_max"":0.024743257090449333,""t2"":1543.0778330692292}"
15,256,cf_unfiltered,258027,0.0005014665402995888,48.153846740722656,0.0033155873097712174,1539.9390521421788,1539.9390521421788,0.0009790668819059873,0.0009790668819059873,0.4593936800956726,"{""beta_mean"":0.022158926352858543,""beta_std"":0.0006613333825953305,""beta_min"":0.019831253215670586,""beta_max"":0.024883173406124115,""t2"":1539.9390521421788}"
16,256,cf_unfiltered,258027,0.0004996773313905578,48.08227348327637,0.0033805046550696716,1536.846607438667,1536.846607438667,0.0009771007585135567,0.0009771007585135567,0.4610324949026108,"{""beta_mean"":0.02213612198829651,""beta_std"":0.0006799756083637476,""beta_min"":0.019790679216384888,""beta_max"":0.0248713381588459,""t2"":1536.846607438667}"
17,256,cf_unfiltered,258027,0.0004973658906237688,47.9842004776001,0.0032314285781467333,1533.8173350867653,1533.8173350867653,0.000975174799020618,0.000975174799020618,0.46450043469667435,"{""beta_mean"":0.02211381494998932,""beta_std"":0.0006988170789554715,""beta_min"":0.019651569426059723,""beta_max"":0.025060655549168587,""t2"":1533.8173350867653}"
18,256,cf_unfiltered,258027,0.0004957826859026682,47.89055919647217,0.003413935352000408,1530.7941514615597,1530.7941514615597,0.000973252710635859,0.000973252710635859,0.46408191323280334,"{""beta_mean"":0.02209145575761795,""beta_std"":0.0007169060409069061,""beta_min"":0.019632674753665924,""beta_max"":0.02522287145256996,""t2"":1530.7941514615597}"
19,256,cf_unfiltered,258027,0.0004936854638799559,47.834564208984375,0.002972468515508808,1527.8709560983284,1527.8709560983284,0.0009713941930760247,0.0009713941930760247,0.4639498367905617,"{""beta_mean"":0.0220696572214365,""beta_std"":0.0007342377793975174,""beta_min"":0.019519533962011337,""beta_max"":0.02527630142867565,""t2"":1527.8709560983284}"
20,256,cf_unfiltered,258027,0.0004927174995827954,47.807312965393066,0.0031041381298564374,1524.879768559102,1524.879768559102,0.0009694924472548816,0.0009694924472548815,0.46355150640010834,"{""beta_mean"":0.02204742841422558,""beta_std"":0.0007502636290155351,""beta_min"":0.019418057054281235,""beta_max"":0.025405066087841988,""t2"":1524.879768559102}"
1,256,cf_unfiltered,258028,0.006722341742715798,99.31436538696289,0.22078130021691322,1583.3989388942748,1583.3989388942748,0.001006697933765586,0.001006697933765586,0.09670711867511272,"{""beta_mean"":0.022478505969047546,""beta_std"":0.0002023123379331082,""beta_min"":0.021909186616539955,""beta_max"":0.02313830330967903,""t2"":1583.3989388942748}"
2,256,cf_unfiltered,258028,0.0011962767348450143,65.15235233306885,0.05558213475160301,1580.421405798245,1580.421405798245,0.0010048048692056306,0.0010048048692056306,0.247674360871315,"{""beta_mean"":0.022456420585513115,""beta_std"":0.0002753425214905292,""beta_min"":0.021540185436606407,""beta_max"":0.023427972570061684,""t2"":1580.421405798245}"
3,256,cf_unfiltered,258028,0.000697919891536003,52.39913082122803,0.022270381916314363,1577.2752687725044,1577.2752687725044,0.0010028046091540683,0.0010028046091540683,0.377025730907917,"{""beta_mean"":0.022433310747146606,""beta_std"":0.00032624066807329655,""beta_min"":0.021248478442430496,""beta_max"":0.02371017262339592,""t2"":1577.2752687725044}"
4,256,cf_unfiltered,258028,0.0005596235096163582,51.116435050964355,0.01310547612956725,1574.0779212677417,1574.0779212677417,0.0010007717903567897,0.0010007717903567897,0.4031784236431122,"{""beta_mean"":0.022409988567233086,""beta_std"":0.0003671114973258227,""beta_min"":0.02104879729449749,""beta_max"":0.023865196853876114,""t2"":1574.0779212677417}"
5,256,cf_unfiltered,258028,0.0005325068013917189,49.29444122314453,0.008493529181578197,1570.9216813374512,1570.9216813374512,0.0009987651070515005,0.0009987651070515005,0.4422219470143318,"{""beta_mean"":0.022386925294995308,""beta_std"":0.0004042196087539196,""beta_min"":0.020919201895594597,""beta_max"":0.024131301790475845,""t2"":1570.9216813374512}"
6,256,cf_unfiltered,258028,0.0005195113662921358,49.20591163635254,0.005153870690264739,1567.8679273875816,1567.8679273875816,0.0009968235825777573,0.0009968235825777573,0.44484633952379227,"{""beta_mean"":0.022364549338817596,""beta_std"":0.00043823698069900274,""beta_min"":0.020683202892541885,""beta_max"":0.024311376735568047,""t2"":1567.8679273875816}"
7,256,cf_unfiltered,258028,0.0005166099726920947,48.780765533447266,0.006292510050116107,1564.726708832691,1564.726708832691,0.0009948264496057453,0.0009948264496057453,0.45411504805088043,"{""beta_mean"":0.022341547533869743,""beta_std"":0.000468747311970219,""beta_min"":0.020564014092087746,""beta_max"":0.024286244064569473,""t2"":1564.726708832691}"
8,256,cf_unfiltered,258028,0.0005117337859701365,48.62072277069092,0.005321893491782248,1561.5950695539038,1561.5950695539038,0.0009928354069734598,0.0009928354069734598,0.4558064565062523,"{""beta_mean"":0.022318599745631218,""beta_std"":0.0004965809639543295,""beta_min"":0.020562438294291496,""beta_max"":0.024308808147907257,""t2"":1561.5950695539038}"
9,256,cf_unfiltered,258028,0.0005074112086731475,48.5457878112793,0.004833688362850808,1558.5462959848446,1558.5462959848446,0.0009908970489405599,0.0009908970489405599,0.4564768448472023,"{""beta_mean"":0.022296084091067314,""beta_std"":0.0005236183060333133,""beta_min"":0.020548000931739807,""beta_max"":0.024325523525476456,""t2"":1558.5462959848446}"
10,256,cf_unfiltered,258028,0.000508052824443439,48.47175312042236,0.006170295964693651,1555.46562427054,1555.46562427054,0.0009889384106130854,0.0009889384106130854,0.45824094116687775,"{""beta_mean"":0.022273298352956772,""beta_std"":0.0005491040647029877,""beta_min"":0.020407188683748245,""beta_max"":0.02463827095925808,""t2"":1555.46562427054}"
11,256,cf_unfiltered,258028,0.000505000127304811,48.305731773376465,0.005051579442806542,1552.2894367341958,1552.2894367341958,0.000986919044961418,0.000986919044961418,0.4604193791747093,"{""beta_mean"":0.02224985510110855,""beta_std"":0.0005729510448873043,""beta_min"":0.02020365558564663,""beta_max"":0.024848446249961853,""t2"":1552.2894367341958}"
12,256,cf_unfiltered,258028,0.000502529841469368,48.20319366455078,0.004540429596090689,1549.2256838682329,1549.2256838682329,0.000984971163348028,0.000984971163348028,0.4628771245479584,"{""beta_mean"":0.02222725749015808,""beta_std"":0.0005958130350336432,""beta_min"":0.02009042352437973,""beta_max"":0.02526167407631874,""t2"":1549.2256838682329}"
13,256,cf_unfiltered,258028,0.0005010473869333509,48.111778259277344,0.004027888207929209,1546.1993825943,1546.1993825943,0.00098304709281559,0.00098304709281559,0.46308623254299164,"{""beta_mean"":0.02220485359430313,""beta_std"":0.0006184751400724053,""beta_min"":0.019973451271653175,""beta_max"":0.025716692209243774,""t2"":1546.1993825943}"
14,256,cf_unfiltered,258028,0.0004988117616449017,48.02170372009277,0.004502825773670338,1543.13279704903,1543.13279704903,0.0009810974102331988,0.0009810974102331988,0.46482813358306885,"{""beta_mean"":0.022182216867804527,""beta_std"":0.000638936588075012,""beta_min"":0.01997092179954052,""beta_max"":0.025768738240003586,""t2"":1543.13279704903}"
15,256,cf_unfiltered,258028,0.0004966723172401544,47.99599266052246,0.003427300340263173,1540.0948894057071,1540.0948894057071,0.0009791659605698313,0.0009791659605698313,0.46073926240205765,"{""beta_mean"":0.022159764543175697,""beta_std"":0.0006588997202925384,""beta_min"":0.01984815113246441,""beta_max"":0.025617022067308426,""t2"":1540.0948894057071}"
16,256,cf_unfiltered,258028,0.0004956658885930665,47.80830478668213,0.0037947618984617293,1537.057267313855,1537.057267313855,0.0009772346924551995,0.0009772346924551995,0.46713166683912277,"{""beta_mean"":0.022137301042675972,""beta_std"":0.0006769726169295609,""beta_min"":0.01970204897224903,""beta_max"":0.025600342079997063,""t2"":1537.057267313855}"
17,256,cf_unfiltered,258028,0.0004942958184983581,47.790658950805664,0.0034800150169758126,1534.0430361456706,1534.0430361456706,0.0009753182958893271,0.0009753182958893271,0.4666479825973511,"{""beta_mean"":0.022114960476756096,""beta_std"":0.0006952208932489157,""beta_min"":0.01955852471292019,""beta_max"":0.02564159780740738,""t2"":1534.0430361456706}"
18,256,cf_unfiltered,258028,0.0004927416412101593,47.719533920288086,0.0034085406514350325,1531.0222481940316,1531.0222481940316,0.0009733977306328021,0.0009733977306328021,0.46770714968442917,"{""beta_mean"":0.022092552855610847,""beta_std"":0.0007138631772249937,""beta_min"":0.01942238211631775,""beta_max"":0.0258006788790226,""t2"":1531.0222481940316}"
19,256,cf_unfiltered,258028,0.0004915081117360387,47.7234411239624,0.003397877575480379,1528.0948748889596,1528.0948748889596,0.0009715365568090818,0.0009715365568090818,0.4683559536933899,"{""beta_mean"":0.022070884704589844,""beta_std"":0.0007309418870136142,""beta_min"":0.019433001056313515,""beta_max"":0.025808434933423996,""t2"":1528.0948748889596}"
20,256,cf_unfiltered,258028,0.000490904705657158,47.61331844329834,0.003378531851922162,1525.0638771812187,1525.0638771812187,0.0009696095003644427,0.0009696095003644426,0.4688279777765274,"{""beta_mean"":0.022048454731702805,""beta_std"":0.000748808030039072,""beta_min"":0.01940177194774151,""beta_max"":0.025847865268588066,""t2"":1525.0638771812187}"
1,256,cf_schatten_filtered,258026,0.018538272997830063,171.92198944091797,0.4562702840194106,777.391954350581,777.391954350581,0.0004942524937633394,0.0004942524937633394,0.00999872200191021,"{""beta_mean"":0.015572655014693737,""beta_std"":0.0023547427263110876,""beta_min"":0.011114715598523617,""beta_max"":0.02284206822514534,""t2"":777.391954350581}"
2,256,cf_schatten_filtered,258026,0.002588379276858177,80.15060615539551,0.11157599906437099,776.3079809494759,776.3079809494759,0.0004935633220351384,0.0004935633220351384,0.06754805147647858,"{""beta_mean"":0.015561617910861969,""beta_std"":0.002354126889258623,""beta_min"":0.011007463559508324,""beta_max"":0.023119712248444557,""t2"":776.3079809494759}"
3,256,cf_schatten_filtered,258026,0.0007518641687056515,43.86118221282959,0.037728264229372144,775.178180683426,775.178180683426,0.0004928450143708712,0.0004928450143708712,0.20340615138411522,"{""beta_mean"":0.015550132840871811,""beta_std"":0.002353232353925705,""beta_min"":0.01102073211222887,""beta_max"":0.023158013820648193,""t2"":775.178180683426}"
4,256,cf_schatten_filtered,258026,0.00034656245952646714,37.691033363342285,0.014056034910026938,774.0555807340927,774.0555807340927,0.0004921312845446858,0.0004921312845446858,0.2701893523335457,"{""beta_mean"":0.015538718551397324,""beta_std"":0.0023524626158177853,""beta_min"":0.011009282432496548,""beta_max"":0.02324630878865719,""t2"":774.0555807340927}"
5,256,cf_schatten_filtered,258026,0.0002935287029686151,35.97853755950928,0.009654240275267512,772.939927028185,772.939927028185,0.0004914219710211341,0.0004914219710211341,0.3072827011346817,"{""beta_mean"":0.015527327544987202,""beta_std"":0.0023517960216850042,""beta_min"":0.010962624102830887,""beta_max"":0.023261165246367455,""t2"":772.939927028185}"
6,256,cf_schatten_filtered,258026,0.0002718478863243945,35.52313041687012,0.004123184829950333,771.8211137768453,771.8211137768453,0.0004907106487126956,0.0004907106487126956,0.3160117268562317,"{""beta_mean"":0.015515907667577267,""beta_std"":0.0023512160405516624,""beta_min"":0.0108971381559968,""beta_max"":0.023488154634833336,""t2"":771.8211137768453}"
7,256,cf_schatten_filtered,258026,0.0002657727436599089,35.04386043548584,0.004189172541373409,770.7489235368973,770.7489235368973,0.0004900289685166024,0.0004900289685166024,0.32354605942964554,"{""beta_mean"":0.01550495158880949,""beta_std"":0.0023510591126978397,""beta_min"":0.01079289335757494,""beta_max"":0.023431215435266495,""t2"":770.7489235368973}"
8,256,cf_schatten_filtered,258026,0.0002614045315567637,34.7874641418457,0.003207078611012548,769.6472890131515,769.6472890131515,0.0004893285681490272,0.0004893285681490272,0.3285990580916405,"{""beta_mean"":0.015493701212108135,""beta_std"":0.002350653288885951,""beta_min"":0.010790391825139523,""beta_max"":0.023316580802202225,""t2"":769.6472890131515}"
9,256,cf_schatten_filtered,258026,0.00025898083003994543,34.76910591125488,0.0033802771649789065,768.5538493416853,768.5538493416853,0.0004886333779282159,0.0004886333779282159,0.3290146738290787,"{""beta_mean"":0.015482675284147263,""beta_std"":0.002349426969885826,""beta_min"":0.010752728208899498,""beta_max"":0.023305177688598633,""t2"":768.5538493416853}"
10,256,cf_schatten_filtered,258026,0.00025755174465302844,34.43861436843872,0.0036356741475174204,767.4759762019389,767.4759762019389,0.00048794808464173566,0.00048794808464173566,0.33536963909864426,"{""beta_mean"":0.01547181885689497,""beta_std"":0.002348373644053936,""beta_min"":0.010701755061745644,""beta_max"":0.023429319262504578,""t2"":767.4759762019389}"
11,256,cf_schatten_filtered,258026,0.00025560802896507084,34.48746156692505,0.0035389713884796947,766.4317217959398,766.4317217959398,0.0004872841655705387,0.0004872841655705387,0.33350062370300293,"{""beta_mean"":0.01546100527048111,""beta_std"":0.0023482877295464277,""beta_min"":0.010711443610489368,""beta_max"":0.023486178368330002,""t2"":766.4317217959398}"
12,256,cf_schatten_filtered,258026,0.00025493437533441465,34.25717353820801,0.0035611091734608635,765.3218785570863,765.3218785570863,0.0004865785462424509,0.0004865785462424509,0.3410356342792511,"{""beta_mean"":0.01544957235455513,""beta_std"":0.0023472679313272238,""beta_min"":0.010673428885638714,""beta_max"":0.023568466305732727,""t2"":765.3218785570863}"
13,256,cf_schatten_filtered,258026,0.00025291410565841943,34.19163465499878,0.0027106182678835467,764.2410682213422,764.2410682213422,0.0004858913855370472,0.0004858913855370472,0.3409992605447769,"{""beta_mean"":0.015438479371368885,""beta_std"":0.002346590394154191,""beta_min"":0.010580753907561302,""beta_max"":0.023453744128346443,""t2"":764.2410682213422}"
14,256,cf_schatten_filtered,258026,0.0002522073355066823,34.13526487350464,0.0038784501957707107,763.1484211867124,763.1484211867124,0.0004851966992611646,0.0004851966992611646,0.34147627651691437,"{""beta_mean"":0.01542732585221529,""beta_std"":0.0023459619842469692,""beta_min"":0.010476566851139069,""beta_max"":0.023348994553089142,""t2"":763.1484211867124}"
15,256,cf_schatten_filtered,258026,0.00025075760277104564,34.12057304382324,0.0037675677449442446,762.0638070099887,762.0638070099887,0.000484507120138797,0.00048450712013879693,0.34167608618736267,"{""beta_mean"":0.015416169539093971,""beta_std"":0.0023455906193703413,""beta_min"":0.010437003336846828,""beta_max"":0.023486029356718063,""t2"":762.0638070099887}"
16,256,cf_schatten_filtered,258026,0.00024921863951021805,34.004127502441406,0.0028057825766154565,761.0786070405777,761.0786070405777,0.00048388074686722926,0.00048388074686722926,0.34400849789381027,"{""beta_mean"":0.015406048856675625,""beta_std"":0.0023449312429875135,""beta_min"":0.01044111605733633,""beta_max"":0.023595236241817474,""t2"":761.0786070405777}"
17,256,cf_schatten_filtered,258026,0.0002491554005246144,33.96641302108765,0.0026524926797719672,760.0471654219452,760.0471654219452,0.0004832249739468544,0.00048322497394685446,0.34323182702064514,"{""beta_mean"":0.015395442955195904,""beta_std"":0.0023441750090569258,""beta_min"":0.010414831340312958,""beta_max"":0.023523541167378426,""t2"":760.0471654219452}"
18,256,cf_schatten_filtered,258026,0.000247763153311098,33.928839683532715,0.00241495809314074,758.9722857563083,758.9722857563083,0.0004825415838599576,0.0004825415838599576,0.3447093144059181,"{""beta_mean"":0.01538439467549324,""beta_std"":0.0023433025926351547,""beta_min"":0.010368055664002895,""beta_max"":0.023522280156612396,""t2"":758.9722857563083}"
19,256,cf_schatten_filtered,258026,0.00024728881362534594,33.90046215057373,0.002409492473816499,757.9007120560959,757.9007120560959,0.0004818602956492716,0.00048186029564927164,0.34572848677635193,"{""beta_mean"":0.015373383648693562,""beta_std"":0.0023418827913701534,""beta_min"":0.010304024443030357,""beta_max"":0.023625856265425682,""t2"":757.9007120560959}"
20,256,cf_schatten_filtered,258026,0.0002465019078954356,33.75443887710571,0.0026138915127376094,756.8645594049417,756.8645594049417,0.0004812015275350836,0.0004812015275350836,0.3478141948580742,"{""beta_mean"":0.015362859703600407,""beta_std"":0.0023407451808452606,""beta_min"":0.010141455568373203,""beta_max"":0.02366037666797638,""t2"":756.8645594049417}"
1,256,cf_schatten_filtered,258027,0.05038639291888103,122.09024620056152,0.7441322903614491,777.2997913075578,777.2997913075578,0.0004941938980786374,0.0004941938980786374,0.01688315556384623,"{""beta_mean"":0.015571575611829758,""beta_std"":0.0023558861576020718,""beta_min"":0.011074615642428398,""beta_max"":0.022694431245326996,""t2"":777.2997913075578}"
2,256,cf_schatten_filtered,258027,0.004548085278656799,68.34723854064941,0.17800044920295477,776.2300165899596,776.2300165899596,0.0004935137536302946,0.0004935137536302946,0.06654884666204453,"{""beta_mean"":0.015560368075966835,""beta_std"":0.002357017481699586,""beta_min"":0.011047198437154293,""beta_max"":0.02280207723379135,""t2"":776.2300165899596}"
3,256,cf_schatten_filtered,258027,0.0010808564275066601,52.175174713134766,0.06681762915104628,775.1233682687356,775.1233682687356,0.0004928101655761309,0.0004928101655761309,0.13728589564561844,"{""beta_mean"":0.01554905716329813,""beta_std"":0.0023565166629850864,""beta_min"":0.011023689061403275,""beta_max"":0.02290039323270321,""t2"":775.1233682687356}"
4,256,cf_schatten_filtered,258027,0.0005067700494691962,44.16188907623291,0.024729514960199594,774.0285841080283,774.0285841080283,0.000492114120552081,0.000492114120552081,0.18827609717845917,"{""beta_mean"":0.015537917613983154,""beta_std"":0.0023562777787446976,""beta_min"":0.011025487445294857,""beta_max"":0.023059075698256493,""t2"":774.0285841080283}"
5,256,cf_schatten_filtered,258027,0.0003625015015131794,39.6522216796875,0.015224952658172697,772.9851485214608,772.9851485214608,0.0004914507220722585,0.0004914507220722585,0.24117598682641983,"{""beta_mean"":0.015527316369116306,""beta_std"":0.0023557075764983892,""beta_min"":0.010979840531945229,""beta_max"":0.023083116859197617,""t2"":772.9851485214608}"
6,256,cf_schatten_filtered,258027,0.0003224554839107441,37.764427185058594,0.011437187204137444,771.9459234859935,771.9459234859935,0.0004907900005887308,0.0004907900005887308,0.26883214712142944,"{""beta_mean"":0.015516771003603935,""beta_std"":0.002355114324018359,""beta_min"":0.011019939556717873,""beta_max"":0.023161619901657104,""t2"":771.9459234859935}"
7,256,cf_schatten_filtered,258027,0.00029139812977518886,36.59542417526245,0.0054913299973122776,770.9134841436992,770.9134841436992,0.0004901335933327352,0.0004901335933327352,0.29094842076301575,"{""beta_mean"":0.015506323426961899,""beta_std"":0.0023539771791547537,""beta_min"":0.010919518768787384,""beta_max"":0.02315163053572178,""t2"":770.9134841436992}"
8,256,cf_schatten_filtered,258027,0.00027931156364502385,36.13827848434448,0.005140964814927429,769.9056754893609,769.9056754893609,0.0004894928458464056,0.0004894928458464056,0.29694337397813797,"{""beta_mean"":0.015495914034545422,""beta_std"":0.002354019321501255,""beta_min"":0.010836979374289513,""beta_max"":0.02313850075006485,""t2"":769.9056754893609}"
9,256,cf_schatten_filtered,258027,0.000272605426289374,35.443626403808594,0.004801107992534526,768.862717674584,768.862717674584,0.000488829751125707,0.000488829751125707,0.31403424590826035,"{""beta_mean"":0.015485341660678387,""beta_std"":0.0023528693709522486,""beta_min"":0.010784000158309937,""beta_max"":0.023243505507707596,""t2"":768.862717674584}"
10,256,cf_schatten_filtered,258027,0.0002664577878022101,35.14985370635986,0.00397680772584863,767.795874284935,767.795874284935,0.000488151470365483,0.00048815147036548304,0.32109759747982025,"{""beta_mean"":0.015474404208362103,""beta_std"":0.0023520623799413443,""beta_min"":0.010710906237363815,""beta_max"":0.023504462093114853,""t2"":767.795874284935}"
11,256,cf_schatten_filtered,258027,0.00026212063858110923,34.968170166015625,0.003369008336449042,766.720954738976,766.720954738976,0.0004874680549233602,0.0004874680549233602,0.3234497904777527,"{""beta_mean"":0.015463368967175484,""beta_std"":0.002351251197978854,""beta_min"":0.01064482145011425,""beta_max"":0.023670367896556854,""t2"":766.720954738976}"
12,256,cf_schatten_filtered,258027,0.000259814623859711,34.71932506561279,0.003313365567009896,765.6222873106676,765.6222873106676,0.00048676954098426033,0.00048676954098426033,0.32734499126672745,"{""beta_mean"":0.01545218750834465,""beta_std"":0.002350094262510538,""beta_min"":0.010648561641573906,""beta_max"":0.023626618087291718,""t2"":765.6222873106676}"
13,256,cf_schatten_filtered,258027,0.00025659250241005793,34.51069688796997,0.002884077752241865,764.4529966770009,764.4529966770009,0.00048602612602043207,0.00048602612602043207,0.3328041359782219,"{""beta_mean"":0.015440347604453564,""beta_std"":0.0023488414008170366,""beta_min"":0.010646690614521503,""beta_max"":0.02386101707816124,""t2"":764.4529966770009}"
14,256,cf_schatten_filtered,258027,0.00025522457144688815,34.403846740722656,0.0027995148120680824,763.299481118484,763.299481118484,0.000485292740579277,0.00048529274057927706,0.33564361184835434,"{""beta_mean"":0.015428541228175163,""beta_std"":0.002348081674426794,""beta_min"":0.010580269619822502,""beta_max"":0.023845387622714043,""t2"":763.299481118484}"
15,256,cf_schatten_filtered,258027,0.00025279824149038177,34.260497093200684,0.0026938263108604588,762.1678827116428,762.1678827116428,0.0004845732896878833,0.0004845732896878833,0.3366931676864624,"{""beta_mean"":0.015417023561894894,""beta_std"":0.0023469298612326384,""beta_min"":0.010505438782274723,""beta_max"":0.02370551787316799,""t2"":762.1678827116428}"
16,256,cf_schatten_filtered,258027,0.00025144138089672197,34.19194936752319,0.002771609491901472,761.0953305700216,761.0953305700216,0.0004838913794009028,0.0004838913794009028,0.3388831242918968,"{""beta_mean"":0.01540594082325697,""beta_std"":0.002347032306715846,""beta_min"":0.010513500310480595,""beta_max"":0.023610496893525124,""t2"":761.0953305700216}"
17,256,cf_schatten_filtered,258027,0.00025024292699526995,34.06881093978882,0.002601982356281951,760.027323358412,760.027323358412,0.00048321235870260365,0.00048321235870260365,0.3428531885147095,"{""beta_mean"":0.015395065769553185,""beta_std"":0.0023464474361389875,""beta_min"":0.010516262613236904,""beta_max"":0.023524468764662743,""t2"":760.027323358412}"
18,256,cf_schatten_filtered,258027,0.0002491259710950544,34.00714302062988,0.002811652870150283,758.9560056553914,758.9560056553914,0.00048253123325054894,0.00048253123325054894,0.34293171763420105,"{""beta_mean"":0.015384113416075706,""beta_std"":0.0023455710615962744,""beta_min"":0.010415831580758095,""beta_max"":0.02341303788125515,""t2"":758.9560056553914}"
19,256,cf_schatten_filtered,258027,0.0002477383877703687,33.94704055786133,0.0022890772743267007,757.9451958689444,757.9451958689444,0.00048188857769581125,0.00048188857769581125,0.3433631360530853,"{""beta_mean"":0.015373597852885723,""beta_std"":0.0023452644236385822,""beta_min"":0.010480659082531929,""beta_max"":0.023464225232601166,""t2"":757.9451958689444}"
20,256,cf_schatten_filtered,258027,0.00024715205654501915,33.96892070770264,0.0024505418696207926,756.9002255385332,756.9002255385332,0.0004812242034521314,0.0004812242034521314,0.3423961400985718,"{""beta_mean"":0.01536280382424593,""beta_std"":0.0023447764106094837,""beta_min"":0.010478670708835125,""beta_max"":0.023621195927262306,""t2"":756.9002255385332}"
1,256,cf_schatten_filtered,258028,0.006465076236054301,93.0870418548584,0.22076942026615143,777.3334612777358,777.3334612777358,0.0004942153048691659,0.0004942153048691659,0.04013329651206732,"{""beta_mean"":0.015572011470794678,""beta_std"":0.002354354364797473,""beta_min"":0.01109346468001604,""beta_max"":0.022730747237801552,""t2"":777.3334612777358}"
2,256,cf_schatten_filtered,258028,0.0009393046384502668,55.18268585205078,0.05554505274631083,776.3084607500414,776.3084607500414,0.0004935636270841226,0.0004935636270841226,0.1267642993479967,"{""beta_mean"":0.015561477281153202,""beta_std"":0.0023538926616311073,""beta_min"":0.011000512167811394,""beta_max"":0.02281026355922222,""t2"":776.3084607500414}"
3,256,cf_schatten_filtered,258028,0.00044155406976642553,39.507107734680176,0.022172242897795513,775.206345495732,775.206345495732,0.0004928629210762863,0.0004928629210762863,0.23653644323349,"{""beta_mean"":0.015550239942967892,""beta_std"":0.002352993469685316,""beta_min"":0.010886403732001781,""beta_max"":0.022829759865999222,""t2"":775.206345495732}"
4,256,cf_schatten_filtered,258028,0.0003037307833437808,37.807087898254395,0.012940621352754533,774.0832141574267,774.0832141574267,0.0004921488534020912,0.0004921488534020912,0.26848602294921875,"{""beta_mean"":0.01553887315094471,""beta_std"":0.002352118259295821,""beta_min"":0.010820616036653519,""beta_max"":0.022875815629959106,""t2"":774.0832141574267}"
5,256,cf_schatten_filtered,258028,0.0002775956236291677,35.45200824737549,0.008147945365635678,772.9885577855587,772.9885577855587,0.0004914528896239972,0.0004914528896239972,0.31181949377059937,"{""beta_mean"":0.01552773267030716,""beta_std"":0.002351766685023904,""beta_min"":0.010721446014940739,""beta_max"":0.022961031645536423,""t2"":772.9885577855587}"
6,256,cf_schatten_filtered,258028,0.00026522793632466346,35.289854526519775,0.004743936791783199,771.9547206839183,771.9547206839183,0.0004907955936965423,0.0004907955936965423,0.3160010427236557,"{""beta_mean"":0.015517123974859715,""beta_std"":0.002352075884118676,""beta_min"":0.010743877850472927,""beta_max"":0.0230183694511652,""t2"":771.9547206839183}"
7,256,cf_schatten_filtered,258028,0.0002627572357596364,34.7846302986145,0.005952712308499031,770.8716195448436,770.8716195448436,0.000490106976537605,0.000490106976537605,0.3279126212000847,"{""beta_mean"":0.015506049618124962,""beta_std"":0.002352025592699647,""beta_min"":0.010699203237891197,""beta_max"":0.02316703461110592,""t2"":770.8716195448436}"
8,256,cf_schatten_filtered,258028,0.000258502490396495,34.601691246032715,0.004914705466944724,769.7928039537923,769.7928039537923,0.0004894210840567222,0.0004894210840567222,0.33193839341402054,"{""beta_mean"":0.015494982711970806,""beta_std"":0.0023517878726124763,""beta_min"":0.0106477290391922,""beta_max"":0.02335246652364731,""t2"":769.7928039537923}"
9,256,cf_schatten_filtered,258028,0.000255310051215929,34.532379150390625,0.004374342403025366,768.7406923646264,768.7406923646264,0.0004887521695230016,0.0004887521695230016,0.33191361278295517,"{""beta_mean"":0.01548413559794426,""beta_std"":0.0023511897306889296,""beta_min"":0.010542532429099083,""beta_max"":0.023366721346974373,""t2"":768.7406923646264}"
10,256,cf_schatten_filtered,258028,0.0002561794717621524,34.44745063781738,0.005805911278002895,767.6716016720661,767.6716016720661,0.0004880724599660658,0.00048807245996606576,0.3343494161963463,"{""beta_mean"":0.01547308824956417,""beta_std"":0.0023506847210228443,""beta_min"":0.01047675684094429,""beta_max"":0.023443646728992462,""t2"":767.6716016720661}"
11,256,cf_schatten_filtered,258028,0.00025366298723383807,34.296385288238525,0.004629364921129309,766.5364494947572,766.5364494947572,0.0004873507496482577,0.0004873507496482577,0.3376581594347954,"{""beta_mean"":0.015461478382349014,""beta_std"":0.002349577145650983,""beta_min"":0.010374700650572777,""beta_max"":0.02349347248673439,""t2"":766.5364494947572}"
12,256,cf_schatten_filtered,258028,0.0002522010963730281,34.19185924530029,0.004083750740392134,765.465586343255,765.465586343255,0.0004866699131922754,0.0004866699131922754,0.34095706045627594,"{""beta_mean"":0.015450498089194298,""beta_std"":0.0023489235900342464,""beta_min"":0.010320568457245827,""beta_max"":0.023434588685631752,""t2"":765.465586343255}"
13,256,cf_schatten_filtered,258028,0.0002510452268325025,34.08741569519043,0.003517062679748051,764.4078191561762,764.4078191561762,0.00048599740292623914,0.0004859974029262391,0.3416280746459961,"{""beta_mean"":0.015439633280038834,""beta_std"":0.0023483014665544033,""beta_min"":0.01027847733348608,""beta_max"":0.02352282777428627,""t2"":764.4078191561762}"
14,256,cf_schatten_filtered,258028,0.0002496396300557535,34.01263236999512,0.00405017047887668,763.3220009921151,763.3220009921151,0.00048530705832933754,0.00048530705832933754,0.343963198363781,"{""beta_mean"":0.015428556129336357,""beta_std"":0.002347336383536458,""beta_min"":0.010275319218635559,""beta_max"":0.0237134862691164,""t2"":763.3220009921151}"
15,256,cf_schatten_filtered,258028,0.00024807016598060727,34.04512882232666,0.0028309634217293933,762.2437247708453,762.2437247708453,0.0004846215087705265,0.00048462150877052643,0.33904076367616653,"{""beta_mean"":0.015417562797665596,""beta_std"":0.0023461454547941685,""beta_min"":0.010208158753812313,""beta_max"":0.023969268426299095,""t2"":762.2437247708453}"
16,256,cf_schatten_filtered,258028,0.00024766526257735677,33.80760955810547,0.0032369294785894454,761.1907482610428,761.1907482610428,0.0004839520443350746,0.0004839520443350746,0.347545325756073,"{""beta_mean"":0.015406684949994087,""beta_std"":0.0023457573261111975,""beta_min"":0.010169582441449165,""beta_max"":0.02405114285647869,""t2"":761.1907482610428}"
17,256,cf_schatten_filtered,258028,0.00024686031792953145,33.819315910339355,0.002890273171942681,760.1337866848102,760.1337866848102,0.0004832800462626204,0.0004832800462626204,0.3470246270298958,"{""beta_mean"":0.015395809896290302,""beta_std"":0.0023452104069292545,""beta_min"":0.010143016465008259,""beta_max"":0.024312982335686684,""t2"":760.1337866848102}"
18,256,cf_schatten_filtered,258028,0.00024605137696198653,33.743680000305176,0.002805206495395396,759.0924945321643,759.0924945321643,0.0004826180105413846,0.0004826180105413846,0.3486727550625801,"{""beta_mean"":0.015384976752102375,""beta_std"":0.002345629036426544,""beta_min"":0.010133523494005203,""beta_max"":0.024359047412872314,""t2"":759.0924945321643}"
19,256,cf_schatten_filtered,258028,0.00024556810785725247,33.74783754348755,0.0028010443929815665,758.050559630409,758.050559630409,0.00048195556617127035,0.0004819555661712704,0.34925536811351776,"{""beta_mean"":0.015374425798654556,""beta_std"":0.002344196429476142,""beta_min"":0.01007589790970087,""beta_max"":0.024383047595620155,""t2"":758.050559630409}"
20,256,cf_schatten_filtered,258028,0.00024524069795006653,33.67412614822388,0.0027792458786279894,756.9631204643613,756.9631204643613,0.00048126419096906106,0.0004812641909690611,0.34995847195386887,"{""beta_mean"":0.01536334678530693,""beta_std"":0.002343159867450595,""beta_min"":0.010031601414084435,""beta_max"":0.024478834122419357,""t2"":756.9631204643613}"
